query_id,category_l1,category_l2,query_type,Query_EN,Query_IT,Query_DE
qf18089a28,Electronics,ultrabook,generic,ultrabook amazon,ultrabook amazon,Ultrabook amazon
q6e27d06e7,Home & Garden,standing desk,generic,standing desk professional,scrivania regolabile professionale,professioneller Höhenverstellbarer Schreibtisch
q0b59e5f48,Sporting Goods,mountain bike,generic,cheap mountain bike,mountain bike economici,günstiger Mountainbike
q8b23acabe,Electronics,screen protector,generic,top screen protector,top protezione schermo,top Displayschutzfolie
qb0f96e101,Home & Garden,coffee machine,generic,coffee machine sale,macchina del caffè saldi,Kaffeemaschine sale
q3a48bb93c,Electronics,wireless headphones,generic,wireless headphones professional,cuffie wireless professionale,professioneller Kabellose Kopfhörer
qd8058f631,Sporting Goods,heart rate monitor,generic,heart rate monitor online,cardiofrequenzimetro online,Herzfrequenzmesser online
q4832de3e6,Sporting Goods,dumbbell set,generic,dumbbell set offers,offerte set manubri,Hantelset angebote
q6664cfd85,Sporting Goods,heart rate monitor,generic,best heart rate monitor,migliori cardiofrequenzimetro,bestes Herzfrequenzmesser
q41a104592,Sporting Goods,treadmill,generic,treadmill,tapis roulant,Laufband
qd923d944b,Electronics,gaming console,generic,buy gaming console,acquista console di gioco,Spielkonsole kaufen
qf68f3c051,Baby & Kids,baby stroller,generic,baby stroller under 500,passeggino sotto 500 euro,Kinderwagen unter 500 euro
qfbfe1d46b,Apparel & Accessories,rain jacket,generic,compare rain jacket,confronta giacca impermeabile,Regenjacke vergleich
q163057210,Apparel & Accessories,sneakers,generic,sneakers sale,sneakers saldi,Sneaker sale
q6ae425248,Sporting Goods,e-bike,generic,e-bike rating,valutazione bici elettrica,E-Bike bewertung
q4ce75a5e0,Sporting Goods,road bike,branded,Specialized Allez,Specialized Allez,Specialized Allez
qcca0be8ea,Sporting Goods,exercise bike,generic,top exercise bike,top cyclette,top Heimtrainer
qc5a640480,Electronics,gaming laptop,generic,gaming laptop under 500,laptop da gaming sotto 500 euro,Gaming-Laptop unter 500 euro
qa9ea418d4,Electronics,action camera,generic,action camera offers,offerte action camera,Action-Kamera angebote
q991dcebb7,Beauty & Personal Care,face moisturiser,generic,face moisturiser under 100,crema idratante viso sotto 100 euro,Gesichtscreme unter 100 euro
q984947857,Electronics,laptop stand,generic,laptop stand 2024,supporto laptop 2024,Laptop-Ständer 2024
q1a905963c,Sporting Goods,sleeping bag,generic,sleeping bag deals,sacco a pelo occasioni,Schlafsack schnäppchen
q0d0c3fde3,Sporting Goods,e-bike,generic,where to buy e-bike,dove comprare bici elettrica,wo E-Bike kaufen
qa3ddf2946,Baby & Kids,car seat,generic,car seat amazon,seggiolino auto amazon,Kindersitz amazon
q153fc8ab6,Electronics,wireless headphones,branded,Beats Studio Pro price,Beats Studio Pro prezzo,Beats Studio Pro preis
q6e2874b66,Electronics,action camera,generic,action camera under 500,action camera sotto 500 euro,Action-Kamera unter 500 euro
qfe251da9b,Beauty & Personal Care,sunscreen SPF 50,branded,Altruist SPF 50 Face Fluid,Altruist SPF 50 Face Fluid,Altruist SPF 50 Face Fluid
q20efb7974,Home & Garden,espresso machine,generic,espresso machine review,recensione macchina per espresso,Espressomaschine test
q0ddaf77fb,Electronics,gaming laptop,branded,Acer Predator Helios 300,Acer Predator Helios 300,Acer Predator Helios 300
q9946f8a66,Sporting Goods,yoga mat,generic,best yoga mat,migliori tappetino yoga,bestes Yogamatte
q7c1ac7c33,Electronics,wireless headphones,generic,wireless headphones 2024,cuffie wireless 2024,Kabellose Kopfhörer 2024
qf918b326e,Apparel & Accessories,running jacket,generic,best running jacket,migliori giacca da corsa,bestes Laufjacke
q39c8dde2d,Home & Garden,air fryer,branded,buy Philips Airfryer XXL,acquista Philips Airfryer XXL,Philips Airfryer XXL kaufen
q0bf688f0f,Sporting Goods,protein powder,branded,ON Gold Standard Whey 2kg review,ON Gold Standard Whey 2kg recensione,ON Gold Standard Whey 2kg test
qb987ba1ce,Electronics,VR headset,generic,VR headset rating,valutazione visore VR,VR-Headset bewertung
q8a7e32b66,Home & Garden,air fryer,generic,air fryer price,prezzo friggitrice ad aria,Heißluftfritteuse preis
q85aa03cd9,Home & Garden,robot vacuum cleaner,branded,Shark Matrix Robot review,Shark Matrix Robot recensione,Shark Matrix Robot test
qcf483fa0d,Electronics,soundbar,branded,Sony HT-A7000 price,Sony HT-A7000 prezzo,Sony HT-A7000 preis
q4bb788580,Electronics,power bank,branded,Anker 747 Power Bank,Anker 747 Power Bank,Anker 747 Power Bank
qf9eedba2d,Sporting Goods,dumbbell set,generic,cheap dumbbell set,set manubri economici,günstiger Hantelset
q8a2289686,Sporting Goods,e-bike,branded,Trek Powerfly 5 offers,Trek Powerfly 5 offerte,Trek Powerfly 5 angebote
qee570044f,Electronics,SSD,branded,WD Black SN850X price,WD Black SN850X prezzo,WD Black SN850X preis
q075a209b0,Home & Garden,humidifier,generic,humidifier,umidificatore,Luftbefeuchter
q4843ced09,Electronics,portable speaker,generic,portable speaker sale,altoparlante portatile saldi,Portabler Lautsprecher sale
qc373ba4bd,Sporting Goods,camping tent,generic,camping tent offers,offerte tenda da campeggio,Campingzelt angebote
q414fc5911,Apparel & Accessories,fitness tracker,branded,Fitbit Charge 6,Fitbit Charge 6,Fitbit Charge 6
qe6bafb28b,Electronics,gaming mouse,branded,Logitech G Pro X Superlight 2 review,Logitech G Pro X Superlight 2 recensione,Logitech G Pro X Superlight 2 test
qc416d8443,Apparel & Accessories,sneakers,branded,Adidas Stan Smith,Adidas Stan Smith,Adidas Stan Smith
q56f868b0a,Electronics,flagship smartphone,generic,flagship smartphone professional,smartphone top di gamma professionale,professioneller Flagship-Smartphone
q84f5c3382,Apparel & Accessories,athletic shoes,generic,athletic shoes rating,valutazione scarpe sportive,Sportschuhe bewertung
q45662d65b,Electronics,camera lens,branded,Sony FE 24-70mm f/2.8 GM II price,Sony FE 24-70mm f/2.8 GM II prezzo,Sony FE 24-70mm f/2.8 GM II preis
q5fbbf62ca,Sporting Goods,protein powder,branded,Optimum Nutrition Gold Standard Whey offers,Optimum Nutrition Gold Standard Whey offerte,Optimum Nutrition Gold Standard Whey angebote
q23388d65f,Sporting Goods,stand up paddle,generic,cheap stand up paddle,stand up paddle economici,günstiger Stand-Up-Paddle
qd1de2a55f,Electronics,power bank,generic,power bank review,recensione power bank,Powerbank test
qa2857b101,Home & Garden,smart lighting,generic,smart lighting review,recensione illuminazione smart,Smarte Beleuchtung test
q33d37ca9e,Apparel & Accessories,athletic shoes,generic,athletic shoes under 500,scarpe sportive sotto 500 euro,Sportschuhe unter 500 euro
q1a8eea486,Electronics,tripod,generic,tripod offers,offerte treppiede,Stativ angebote
q16f04e9b3,Beauty & Personal Care,vitamin C serum,generic,where to buy vitamin C serum,dove comprare siero vitamina C,wo Vitamin-C-Serum kaufen
qd1ebf27f2,Apparel & Accessories,down jacket,generic,down jacket online,piumino online,Daunenjacke online
q1ee2e6577,Apparel & Accessories,sneakers,generic,where to buy sneakers,dove comprare sneakers,wo Sneaker kaufen
qcaf4895fb,Electronics,2-in-1 laptop,generic,buy 2-in-1 laptop online,comprare laptop 2-in-1 online,2-in-1-Laptop online kaufen
qa93ce3d87,Home & Garden,air purifier,branded,Blueair Blue Pure 311i+ price,Blueair Blue Pure 311i+ prezzo,Blueair Blue Pure 311i+ preis
q85dd4f988,Electronics,earbuds,branded,OnePlus Buds 3,OnePlus Buds 3,OnePlus Buds 3
q72ac27593,Baby & Kids,toys,branded,LEGO Technic Bugatti Bolide review,LEGO Technic Bugatti Bolide recensione,LEGO Technic Bugatti Bolide test
q396dda904,Sporting Goods,protein powder,generic,protein powder sale,proteine in polvere saldi,Proteinpulver sale
qc423b769d,Home & Garden,coffee machine,generic,coffee machine rating,valutazione macchina del caffè,Kaffeemaschine bewertung
q8eae8718a,Electronics,QLED television,generic,QLED television professional,televisore QLED professionale,professioneller QLED-Fernseher
q32e54009c,Sporting Goods,football,generic,football specs,specifiche pallone da calcio,Fußball technische daten
qcfdaa88b2,Home & Garden,security camera,branded,Ring Video Doorbell 4 price,Ring Video Doorbell 4 prezzo,Ring Video Doorbell 4 preis
qd9371d320,Sporting Goods,sleeping bag,branded,Sea to Summit Spark Pro,Sea to Summit Spark Pro,Sea to Summit Spark Pro
q034ba21b4,Beauty & Personal Care,retinol cream,generic,best retinol cream,migliori crema al retinolo,bestes Retinol-Creme
q07cdf9fa1,Electronics,smartphone,generic,best smartphone,migliori smartphone,bestes Smartphone
q6ed227080,Electronics,tripod,generic,tripod,treppiede,Stativ
q6b469c3a2,Home & Garden,monitor arm,generic,where to buy monitor arm,dove comprare braccio per monitor,wo Monitorhalterung kaufen
q100782f20,Apparel & Accessories,boots,generic,boots deals,stivali occasioni,Stiefel schnäppchen
q9dba5c2ab,Sporting Goods,stand up paddle,generic,stand up paddle review,recensione stand up paddle,Stand-Up-Paddle test
q9e63da3af,Electronics,streaming device,generic,where to buy streaming device,dove comprare dispositivo streaming,wo Streaming-Gerät kaufen
q6495827a6,Sporting Goods,ski helmet,generic,ski helmet under 500,casco da sci sotto 500 euro,Skihelm unter 500 euro
qef6905764,Home & Garden,food processor,generic,where to buy food processor,dove comprare robot da cucina,wo Küchenmaschine kaufen
qbe38461d0,Electronics,monitor,branded,Dell UltraSharp U2722D review,Dell UltraSharp U2722D recensione,Dell UltraSharp U2722D test
q217fb6a06,Baby & Kids,LEGO,generic,LEGO,LEGO,LEGO
q7074dfb26,Apparel & Accessories,sneakers,generic,compare sneakers,confronta sneakers,Sneaker vergleich
q9d8f779cb,Apparel & Accessories,running shoes,branded,Nike Mercurial Superfly price,Nike Mercurial Superfly prezzo,Nike Mercurial Superfly preis
q222794509,Electronics,vinyl record player,generic,vinyl record player under 100,giradischi sotto 100 euro,Plattenspieler unter 100 euro
q1f1d0ce51,Electronics,laptop,generic,best laptop,migliori laptop,bestes Laptop
qac311591d,Electronics,DSLR camera,generic,DSLR camera specs,specifiche reflex digitale,Spiegelreflexkamera technische daten
q17f8eb5ec,Sporting Goods,kettlebell,generic,kettlebell 2024,kettlebell 2024,Kettlebell 2024
q16306042b,Sporting Goods,ski boots,generic,ski boots online,scarponi da sci online,Skischuhe online
q390d96185,Home & Garden,capsule coffee machine,branded,Nespresso Vertuo Next review,Nespresso Vertuo Next recensione,Nespresso Vertuo Next test
q03adc8751,Electronics,gaming laptop,branded,Acer Predator Helios 300 price,Acer Predator Helios 300 prezzo,Acer Predator Helios 300 preis
q450d1ec2b,Electronics,earbuds,branded,OnePlus Buds 3 review,OnePlus Buds 3 recensione,OnePlus Buds 3 test
qb318f929f,Home & Garden,smart lighting,generic,smart lighting under 500,illuminazione smart sotto 500 euro,Smarte Beleuchtung unter 500 euro
qa594a26d5,Home & Garden,stand mixer,generic,stand mixer specs,specifiche impastatrice,Küchenmaschine technische daten
qe7b850b00,Sporting Goods,sleeping bag,generic,sleeping bag under 100,sacco a pelo sotto 100 euro,Schlafsack unter 100 euro
q3d0868ec3,Electronics,action camera,generic,best value action camera,action camera miglior rapporto qualità prezzo,bestes preis-leistungs Action-Kamera
qe5b5b70a3,Electronics,laptop,branded,HP Spectre x360 review,HP Spectre x360 recensione,HP Spectre x360 test
q07ce91f0a,Sporting Goods,sports nutrition,generic,compare sports nutrition,confronta nutrizione sportiva,Sportnahrung vergleich
qfcc6c93b2,Apparel & Accessories,cycling shoes,generic,cycling shoes under 100,scarpe da ciclismo sotto 100 euro,Radschuhe unter 100 euro
q266f0662a,Electronics,tablet,generic,best value tablet,tablet miglior rapporto qualità prezzo,bestes preis-leistungs Tablet
q9f0480528,Sporting Goods,dumbbell set,generic,dumbbell set rating,valutazione set manubri,Hantelset bewertung
q5fd4aa32e,Home & Garden,electric toothbrush,generic,electric toothbrush amazon,spazzolino elettrico amazon,Elektrische Zahnbürste amazon
qd05924d44,Electronics,instant camera,generic,instant camera price,prezzo fotocamera istantanea,Sofortbildkamera preis
q7f902538a,Home & Garden,air purifier,generic,air purifier,purificatore d'aria,Luftreiniger
q6acc83067,Apparel & Accessories,hiking boots,branded,Scarpa Zodiac Plus GTX review,Scarpa Zodiac Plus GTX recensione,Scarpa Zodiac Plus GTX test
q7f4d2d130,Apparel & Accessories,sport shorts,generic,sport shorts,pantaloncini sportivi,Sporthose
q257ec2f7e,Home & Garden,standing desk,generic,buy standing desk online,comprare scrivania regolabile online,Höhenverstellbarer Schreibtisch online kaufen
q02e6abe97,Baby & Kids,baby stroller,generic,compare baby stroller,confronta passeggino,Kinderwagen vergleich
qf320ffa90,Electronics,OLED television,generic,OLED television price,prezzo televisore OLED,OLED-Fernseher preis
q14dbc072a,Electronics,soundbar,branded,Sony HT-A7000 offers,Sony HT-A7000 offerte,Sony HT-A7000 angebote
q2b5cf711a,Electronics,gaming controller,generic,gaming controller online,controller gaming online,Gaming-Controller online
q5eb641fd7,Electronics,memory card,generic,memory card,scheda di memoria,Speicherkarte
q57508d087,Apparel & Accessories,backpack,generic,backpack price,prezzo zaino,Rucksack preis
q6895a6045,Apparel & Accessories,running shoes,branded,New Balance Fresh Foam 1080,New Balance Fresh Foam 1080,New Balance Fresh Foam 1080
q2bf59101a,Electronics,gaming laptop,generic,gaming laptop sale,laptop da gaming saldi,Gaming-Laptop sale
q5b37556af,Apparel & Accessories,rain jacket,generic,rain jacket online,giacca impermeabile online,Regenjacke online
q42c95c84e,Apparel & Accessories,running shoes,branded,Nike Invincible 3,Nike Invincible 3,Nike Invincible 3
q7d38eea7c,Electronics,tripod,generic,best tripod,migliori treppiede,bestes Stativ
q672243b43,Beauty & Personal Care,nail polish,generic,nail polish review,recensione smalto per unghie,Nagellack test
q6abcf8ab8,Electronics,DAC amplifier,generic,buy DAC amplifier,acquista DAC amplificatore,DAC Verstärker kaufen
qd9471fde4,Electronics,gaming desk,generic,gaming desk sale,scrivania gaming saldi,Gaming-Schreibtisch sale
qcdae20a5d,Electronics,action camera,generic,best action camera,migliori action camera,bestes Action-Kamera
q0002b4c1f,Electronics,memory card,generic,memory card rating,valutazione scheda di memoria,Speicherkarte bewertung
q2115391df,Electronics,OLED television,branded,Samsung S90C OLED review,Samsung S90C OLED recensione,Samsung S90C OLED test
qa42799720,Electronics,gaming headset,generic,buy gaming headset,acquista headset gaming,Gaming-Headset kaufen
q8c1f074c2,Electronics,camera bag,generic,buy camera bag online,comprare borsa per fotocamera online,Kameratasche online kaufen
qbc8bf0e6f,Electronics,streaming device,branded,Amazon Fire TV Stick 4K,Amazon Fire TV Stick 4K,Amazon Fire TV Stick 4K
q6f76cadbb,Electronics,DAC amplifier,generic,DAC amplifier under 500,DAC amplificatore sotto 500 euro,DAC Verstärker unter 500 euro
qdcc0212c3,Sporting Goods,road bike,branded,Canyon Endurace CF SL offers,Canyon Endurace CF SL offerte,Canyon Endurace CF SL angebote
q7b26b1dca,Electronics,ultrabook,generic,ultrabook specs,specifiche ultrabook,Ultrabook technische daten
qd242c552a,Sporting Goods,kettlebell,generic,buy kettlebell online,comprare kettlebell online,Kettlebell online kaufen
q098d51ea0,Electronics,gaming monitor,branded,LG UltraGear 27GP850 price,LG UltraGear 27GP850 prezzo,LG UltraGear 27GP850 preis
q71d50f1ae,Sporting Goods,dumbbell set,generic,where to buy dumbbell set,dove comprare set manubri,wo Hantelset kaufen
q97c80b468,Apparel & Accessories,compression socks,generic,compression socks deals,calze a compressione occasioni,Kompressionssocken schnäppchen
qe3286b832,Sporting Goods,badminton racket,generic,best badminton racket,migliori racchetta da badminton,bestes Badmintonschläger
q3a54604d5,Electronics,gaming mouse,branded,Steelseries Aerox 5 review,Steelseries Aerox 5 recensione,Steelseries Aerox 5 test
qece80e938,Home & Garden,standing desk,branded,Jarvis Standing Desk offers,Jarvis Standing Desk offerte,Jarvis Standing Desk angebote
q53d87c364,Home & Garden,office chair,branded,ErgoChair Pro+ review,ErgoChair Pro+ recensione,ErgoChair Pro+ test
q768e218e2,Apparel & Accessories,running shoes,branded,Adidas Terrex Speed Ultra review,Adidas Terrex Speed Ultra recensione,Adidas Terrex Speed Ultra test
q8f56a79e5,Baby & Kids,children bicycle,generic,children bicycle 2024,bicicletta bambini 2024,Kinderfahrrad 2024
qfb71558fa,Electronics,ultrabook,generic,ultrabook deals,ultrabook occasioni,Ultrabook schnäppchen
q2fdd84665,Electronics,gaming mouse,branded,Razer DeathAdder V3 review,Razer DeathAdder V3 recensione,Razer DeathAdder V3 test
qe85d0a6c1,Home & Garden,vacuum cleaner,branded,buy Miele Complete C3 Brilliant,acquista Miele Complete C3 Brilliant,Miele Complete C3 Brilliant kaufen
qbf1fbeffe,Electronics,drone with camera,branded,DJI Mavic 3 Pro offers,DJI Mavic 3 Pro offerte,DJI Mavic 3 Pro angebote
qcfc7d9a55,Home & Garden,electric toothbrush,branded,Oral-B iO Series 9,Oral-B iO Series 9,Oral-B iO Series 9
qde8bb6f81,Electronics,smartphone,branded,Google Pixel 9 Pro offers,Google Pixel 9 Pro offerte,Google Pixel 9 Pro angebote
qa42623039,Sporting Goods,cycling helmet,generic,cycling helmet review,recensione casco da bici,Fahrradhelm test
q24d978501,Apparel & Accessories,sport leggings,generic,sport leggings under 100,leggings sportivi sotto 100 euro,Sport-Leggings unter 100 euro
q76ab1ee72,Electronics,smartphone,branded,Samsung Galaxy S24 price,Samsung Galaxy S24 prezzo,Samsung Galaxy S24 preis
q78c28a5b6,Sporting Goods,sleeping bag,generic,where to buy sleeping bag,dove comprare sacco a pelo,wo Schlafsack kaufen
q4c69cc5fd,Apparel & Accessories,cycling shoes,generic,best cycling shoes,migliori scarpe da ciclismo,bestes Radschuhe
q6b0c265a8,Sporting Goods,resistance bands,generic,resistance bands,elastici fitness,Fitnessbänder
qf61d00433,Electronics,monitor,branded,LG 27UK850 price,LG 27UK850 prezzo,LG 27UK850 preis
q151c95d1c,Apparel & Accessories,running shoes,branded,New Balance 990v6,New Balance 990v6,New Balance 990v6
qfd52ce7b5,Beauty & Personal Care,sunscreen SPF 50,branded,ISDIN Eryfotona Actinica offers,ISDIN Eryfotona Actinica offerte,ISDIN Eryfotona Actinica angebote
qabb6fa072,Sporting Goods,football,generic,cheap football,pallone da calcio economici,günstiger Fußball
qa2c8841c4,Apparel & Accessories,rain jacket,generic,buy rain jacket online,comprare giacca impermeabile online,Regenjacke online kaufen
qb69a34a7a,Beauty & Personal Care,mascara,generic,buy mascara online,comprare mascara online,Mascara online kaufen
qc0ab0de59,Electronics,soundbar,generic,buy soundbar,acquista soundbar,Soundbar kaufen
q66ef8a597,Apparel & Accessories,winter jacket,branded,buy Patagonia Down Sweater,acquista Patagonia Down Sweater,Patagonia Down Sweater kaufen
q2000ded0b,Home & Garden,electric razor,generic,electric razor professional,rasoio elettrico professionale,professioneller Elektrorasierer
qfeebe731f,Home & Garden,blender,generic,compare blender,confronta frullatore,Mixer vergleich
q5f922d907,Electronics,memory card,generic,buy memory card online,comprare scheda di memoria online,Speicherkarte online kaufen
q9de1a3c02,Apparel & Accessories,tennis shoes,generic,cheap tennis shoes,scarpe da tennis economici,günstiger Tennisschuhe
qff0872c12,Beauty & Personal Care,foundation makeup,generic,best foundation makeup,migliori fondotinta,bestes Foundation
q648b633fc,Home & Garden,capsule coffee machine,generic,capsule coffee machine deals,macchina caffè capsule occasioni,Kapselkaffeemaschine schnäppchen
qff070a4f0,Home & Garden,vacuum cleaner,branded,buy Dyson V15 Detect,acquista Dyson V15 Detect,Dyson V15 Detect kaufen
qa93b48e01,Electronics,gaming desk,generic,gaming desk amazon,scrivania gaming amazon,Gaming-Schreibtisch amazon
q39c610276,Baby & Kids,baby carrier,generic,baby carrier deals,marsupio neonato occasioni,Babytrage schnäppchen
q0dc2a76b0,Home & Garden,air purifier,generic,air purifier specs,specifiche purificatore d'aria,Luftreiniger technische daten
qef6c4b9f5,Electronics,tablet,generic,tablet deals,tablet occasioni,Tablet schnäppchen
qfaf9bc2ae,Home & Garden,stand mixer,generic,stand mixer deals,impastatrice occasioni,Küchenmaschine schnäppchen
q31eb7e44e,Sporting Goods,yoga mat,generic,cheap yoga mat,tappetino yoga economici,günstiger Yogamatte
q4da79755e,Apparel & Accessories,sport shorts,generic,sport shorts specs,specifiche pantaloncini sportivi,Sporthose technische daten
q04d260096,Electronics,monitor,generic,best monitor,migliori monitor,bestes Monitor
q6524a3d82,Electronics,wireless headphones,generic,wireless headphones sale,cuffie wireless saldi,Kabellose Kopfhörer sale
q6d5f5fd84,Electronics,soundbar,generic,best soundbar,migliori soundbar,bestes Soundbar
qefde2004a,Electronics,OLED television,branded,Sony Bravia A80L review,Sony Bravia A80L recensione,Sony Bravia A80L test
qe4dc68d82,Electronics,Bluetooth speaker,generic,Bluetooth speaker specs,specifiche speaker Bluetooth,Bluetooth-Lautsprecher technische daten
q2ee2d6356,Electronics,gaming console,generic,gaming console review,recensione console di gioco,Spielkonsole test
qa7c717501,Baby & Kids,LEGO,generic,compare LEGO,confronta LEGO,LEGO vergleich
q446ff8ac0,Home & Garden,robot vacuum cleaner,branded,Roborock S8 Pro Ultra,Roborock S8 Pro Ultra,Roborock S8 Pro Ultra
qfa69dc960,Beauty & Personal Care,nail polish,generic,nail polish rating,valutazione smalto per unghie,Nagellack bewertung
q3345abec1,Home & Garden,coffee machine,generic,compare coffee machine,confronta macchina del caffè,Kaffeemaschine vergleich
q028ec5ba4,Electronics,instant camera,generic,buy instant camera online,comprare fotocamera istantanea online,Sofortbildkamera online kaufen
qd43166843,Sporting Goods,treadmill,generic,treadmill under 500,tapis roulant sotto 500 euro,Laufband unter 500 euro
q77a0fb61b,Sporting Goods,exercise bike,branded,Peloton Bike+ review,Peloton Bike+ recensione,Peloton Bike+ test
qb97403cde,Apparel & Accessories,running shoes,branded,buy New Balance Fresh Foam 1080,acquista New Balance Fresh Foam 1080,New Balance Fresh Foam 1080 kaufen
q93d04422d,Beauty & Personal Care,perfume,branded,buy YSL Black Opium,acquista YSL Black Opium,YSL Black Opium kaufen
q9695a3d17,Beauty & Personal Care,face moisturiser,generic,face moisturiser,crema idratante viso,Gesichtscreme
q34ad69796,Home & Garden,robot vacuum cleaner,generic,robot vacuum cleaner,aspirapolvere robot,Saugroboter
q48cabb110,Baby & Kids,children bicycle,generic,children bicycle offers,offerte bicicletta bambini,Kinderfahrrad angebote
qda80711ea,Electronics,earbuds,branded,Samsung Galaxy Buds 2 Pro price,Samsung Galaxy Buds 2 Pro prezzo,Samsung Galaxy Buds 2 Pro preis
q3833531f1,Electronics,earbuds,branded,Jabra Elite 10,Jabra Elite 10,Jabra Elite 10
qa64b16939,Home & Garden,smart doorbell,branded,buy Google Nest Doorbell,acquista Google Nest Doorbell,Google Nest Doorbell kaufen
q557c8b711,Apparel & Accessories,sports bra,generic,sports bra sale,reggiseno sportivo saldi,Sport-BH sale
q747526b25,Sporting Goods,ski helmet,generic,cheap ski helmet,casco da sci economici,günstiger Skihelm
q92a0268cb,Home & Garden,smart lighting,generic,smart lighting for beginners,illuminazione smart per principianti,Smarte Beleuchtung für anfänger
qc83b869c2,Apparel & Accessories,football boots,generic,where to buy football boots,dove comprare scarpe da calcio,wo Fußballschuhe kaufen
q2a7e47a5d,Electronics,tablet,branded,Lenovo Tab P12 Pro offers,Lenovo Tab P12 Pro offerte,Lenovo Tab P12 Pro angebote
q0acfa56f5,Home & Garden,standing desk,branded,buy Jarvis Standing Desk,acquista Jarvis Standing Desk,Jarvis Standing Desk kaufen
q11f10eda9,Home & Garden,espresso machine,branded,De'Longhi La Specialista review,De'Longhi La Specialista recensione,De'Longhi La Specialista test
qe47cd37fb,Electronics,gaming monitor,generic,gaming monitor specs,specifiche monitor gaming,Gaming-Monitor technische daten
qde8a10d36,Sporting Goods,mountain bike,generic,mountain bike 2024,mountain bike 2024,Mountainbike 2024
q82e5eb570,Electronics,earbuds,branded,buy Nothing Ear 2,acquista Nothing Ear 2,Nothing Ear 2 kaufen
q12ec38a87,Electronics,DSLR camera,generic,DSLR camera rating,valutazione reflex digitale,Spiegelreflexkamera bewertung
qa5f32bf9d,Apparel & Accessories,backpack,generic,backpack for beginners,zaino per principianti,Rucksack für anfänger
q83aad428e,Sporting Goods,heart rate monitor,generic,heart rate monitor under 100,cardiofrequenzimetro sotto 100 euro,Herzfrequenzmesser unter 100 euro
q70aac4bfc,Sporting Goods,football,generic,football amazon,pallone da calcio amazon,Fußball amazon
qa7a07ec97,Electronics,camera lens,branded,Canon RF 50mm f/1.8 STM review,Canon RF 50mm f/1.8 STM recensione,Canon RF 50mm f/1.8 STM test
q72f5154e6,Electronics,power bank,generic,buy power bank online,comprare power bank online,Powerbank online kaufen
q52c048aee,Sporting Goods,kettlebell,generic,kettlebell price,prezzo kettlebell,Kettlebell preis
q7ee6cfa92,Electronics,screen protector,generic,screen protector price,prezzo protezione schermo,Displayschutzfolie preis
q27a82a41e,Sporting Goods,cycling helmet,branded,POC Ventral Air Mips review,POC Ventral Air Mips recensione,POC Ventral Air Mips test
q574fd4aad,Home & Garden,vacuum cleaner,generic,vacuum cleaner professional,aspirapolvere professionale,professioneller Staubsauger
q5bde2acdb,Electronics,smartphone,branded,iPhone 15 review,iPhone 15 recensione,iPhone 15 test
q0f8b09edc,Baby & Kids,car seat,generic,where to buy car seat,dove comprare seggiolino auto,wo Kindersitz kaufen
q8d5967794,Electronics,smartphone,branded,Sony Xperia 1 VI offers,Sony Xperia 1 VI offerte,Sony Xperia 1 VI angebote
qc1b2a36f9,Electronics,business laptop,generic,buy business laptop online,comprare laptop business online,Business-Laptop online kaufen
qc31d4dd01,Beauty & Personal Care,perfume,branded,YSL Black Opium review,YSL Black Opium recensione,YSL Black Opium test
q41b17e37c,Apparel & Accessories,sport leggings,generic,sport leggings professional,leggings sportivi professionale,professioneller Sport-Leggings
q09a476f9c,Home & Garden,smart lighting,generic,smart lighting price,prezzo illuminazione smart,Smarte Beleuchtung preis
qb860e58c3,Sporting Goods,basketball,generic,basketball for beginners,pallone da basket per principianti,Basketball für anfänger
qb99aadc75,Home & Garden,hair dryer,branded,Dyson Supersonic,Dyson Supersonic,Dyson Supersonic
qcba31e901,Electronics,home cinema system,generic,home cinema system under 100,sistema home cinema sotto 100 euro,Heimkinosystem unter 100 euro
q95b54b412,Electronics,iPad,generic,iPad price,prezzo iPad,iPad preis
qb41184f3f,Electronics,DSLR camera,generic,DSLR camera 2024,reflex digitale 2024,Spiegelreflexkamera 2024
qdaaff8277,Sporting Goods,exercise bike,generic,compare exercise bike,confronta cyclette,Heimtrainer vergleich
q73b667221,Electronics,vinyl record player,generic,top vinyl record player,top giradischi,top Plattenspieler
q15d6a2688,Electronics,ultrabook,generic,ultrabook rating,valutazione ultrabook,Ultrabook bewertung
qf7c6cc32b,Home & Garden,smart lighting,generic,smart lighting deals,illuminazione smart occasioni,Smarte Beleuchtung schnäppchen
qd21be1443,Apparel & Accessories,compression socks,generic,compression socks review,recensione calze a compressione,Kompressionssocken test
q479405f58,Home & Garden,stand mixer,branded,KitchenAid Artisan 5KSM195 price,KitchenAid Artisan 5KSM195 prezzo,KitchenAid Artisan 5KSM195 preis
q52fa15b74,Electronics,digital camera,generic,buy digital camera online,comprare fotocamera digitale online,Digitalkamera online kaufen
qfe5b2921a,Apparel & Accessories,smartwatch,branded,Apple Watch Ultra 2 price,Apple Watch Ultra 2 prezzo,Apple Watch Ultra 2 preis
qd4cfb830a,Electronics,business laptop,generic,business laptop,laptop business,Business-Laptop
q280b54606,Electronics,DAC amplifier,generic,best DAC amplifier,migliori DAC amplificatore,bestes DAC Verstärker
q5682a9ab3,Home & Garden,electric toothbrush,generic,electric toothbrush online,spazzolino elettrico online,Elektrische Zahnbürste online
q51201ea1b,Home & Garden,robot vacuum cleaner,generic,robot vacuum cleaner under 100,aspirapolvere robot sotto 100 euro,Saugroboter unter 100 euro
q64a6ede5c,Sporting Goods,mountain bike,generic,mountain bike under 500,mountain bike sotto 500 euro,Mountainbike unter 500 euro
q3388a8393,Home & Garden,capsule coffee machine,branded,Nespresso Essenza Mini price,Nespresso Essenza Mini prezzo,Nespresso Essenza Mini preis
q74f2e415c,Electronics,smart TV,generic,where to buy smart TV,dove comprare smart TV,wo Smart-TV kaufen
q408c7e83e,Apparel & Accessories,running jacket,generic,running jacket for beginners,giacca da corsa per principianti,Laufjacke für anfänger
q73308a6a1,Apparel & Accessories,smartwatch,branded,Samsung Galaxy Watch 6 review,Samsung Galaxy Watch 6 recensione,Samsung Galaxy Watch 6 test
q65c5bbcc7,Apparel & Accessories,winter jacket,branded,The North Face Nuptse review,The North Face Nuptse recensione,The North Face Nuptse test
q1f46de9c3,Beauty & Personal Care,face moisturiser,generic,face moisturiser for beginners,crema idratante viso per principianti,Gesichtscreme für anfänger
q00a653448,Electronics,smartphone,generic,best value smartphone,smartphone miglior rapporto qualità prezzo,bestes preis-leistungs Smartphone
q11816ae65,Apparel & Accessories,boots,generic,top boots,top stivali,top Stiefel
q97b317d45,Sporting Goods,yoga mat,generic,yoga mat amazon,tappetino yoga amazon,Yogamatte amazon
q6c3c6e684,Baby & Kids,baby monitor,generic,baby monitor professional,baby monitor professionale,professioneller Babyphone
q25542e1ab,Electronics,gaming mouse,branded,Steelseries Aerox 5 price,Steelseries Aerox 5 prezzo,Steelseries Aerox 5 preis
q18e25973a,Electronics,monitor,branded,buy LG 27UK850,acquista LG 27UK850,LG 27UK850 kaufen
q9a92158ff,Electronics,QLED television,branded,Samsung QN90C price,Samsung QN90C prezzo,Samsung QN90C preis
q437f5ce58,Sporting Goods,cycling helmet,generic,cycling helmet online,casco da bici online,Fahrradhelm online
q756848a03,Apparel & Accessories,sneakers,generic,sneakers for beginners,sneakers per principianti,Sneaker für anfänger
q7a4e9436d,Electronics,Android tablet,generic,Android tablet specs,specifiche tablet Android,Android-Tablet technische daten
qa87382ff8,Beauty & Personal Care,vitamin C serum,generic,vitamin C serum under 500,siero vitamina C sotto 500 euro,Vitamin-C-Serum unter 500 euro
qce770a3d2,Sporting Goods,treadmill,branded,buy Technogym MyRun,acquista Technogym MyRun,Technogym MyRun kaufen
qa4d8486d5,Electronics,screen protector,generic,screen protector offers,offerte protezione schermo,Displayschutzfolie angebote
qaa9507219,Home & Garden,smart doorbell,generic,smart doorbell price,prezzo videocitofono smart,Video-Türklingel preis
qc0251d1b1,Sporting Goods,sports nutrition,generic,sports nutrition review,recensione nutrizione sportiva,Sportnahrung test
qc340f7ec7,Sporting Goods,sleeping bag,generic,sleeping bag 2024,sacco a pelo 2024,Schlafsack 2024
q76a9558d6,Apparel & Accessories,sports bra,generic,sports bra amazon,reggiseno sportivo amazon,Sport-BH amazon
q012367f35,Electronics,power bank,generic,compare power bank,confronta power bank,Powerbank vergleich
qd81c2820b,Electronics,phone case,branded,buy OtterBox Defender iPhone 15,acquista OtterBox Defender iPhone 15,OtterBox Defender iPhone 15 kaufen
qd276793bf,Electronics,Bluetooth speaker,generic,Bluetooth speaker sale,speaker Bluetooth saldi,Bluetooth-Lautsprecher sale
q1c205ee6d,Beauty & Personal Care,perfume,generic,best perfume,migliori profumo,bestes Parfüm
q37d11445f,Apparel & Accessories,sport shorts,generic,sport shorts deals,pantaloncini sportivi occasioni,Sporthose schnäppchen
qa70be3171,Home & Garden,office chair,generic,office chair sale,sedia da ufficio saldi,Bürostuhl sale
q209077245,Sporting Goods,ski helmet,generic,ski helmet sale,casco da sci saldi,Skihelm sale
qcbe192673,Sporting Goods,climbing harness,generic,best value climbing harness,imbrago da arrampicata miglior rapporto qualità prezzo,bestes preis-leistungs Klettergurt
q6e6109bb2,Electronics,webcam,generic,webcam amazon,webcam amazon,Webcam amazon
q9c1f7362f,Apparel & Accessories,basketball shoes,generic,basketball shoes under 100,scarpe da basket sotto 100 euro,Basketballschuhe unter 100 euro
q9dfa890da,Apparel & Accessories,running shoes,branded,Hoka Mach 6 offers,Hoka Mach 6 offerte,Hoka Mach 6 angebote
q745f20142,Beauty & Personal Care,foundation makeup,generic,foundation makeup amazon,fondotinta amazon,Foundation amazon
q6a07d1085,Electronics,portable speaker,generic,portable speaker online,altoparlante portatile online,Portabler Lautsprecher online
qf58b6308a,Electronics,USB-C cable,generic,USB-C cable specs,specifiche cavo USB-C,USB-C-Kabel technische daten
q62b2f36f5,Apparel & Accessories,hiking boots,generic,hiking boots sale,scarpe da trekking saldi,Wanderstiefel sale
qca248b636,Electronics,QLED television,generic,QLED television under 500,televisore QLED sotto 500 euro,QLED-Fernseher unter 500 euro
q238603687,Sporting Goods,ski boots,branded,Salomon S/Pro 130 review,Salomon S/Pro 130 recensione,Salomon S/Pro 130 test
qc36b04040,Electronics,laptop,generic,best value laptop,laptop miglior rapporto qualità prezzo,bestes preis-leistungs Laptop
q6c4183018,Electronics,earbuds,branded,buy Jabra Elite 10,acquista Jabra Elite 10,Jabra Elite 10 kaufen
qdf507e75c,Electronics,SSD,branded,Samsung 990 Pro 2TB,Samsung 990 Pro 2TB,Samsung 990 Pro 2TB
q464b852ba,Electronics,2-in-1 laptop,generic,2-in-1 laptop specs,specifiche laptop 2-in-1,2-in-1-Laptop technische daten
qde4339dc0,Sporting Goods,tennis racket,generic,tennis racket professional,racchetta da tennis professionale,professioneller Tennisschläger
q3e87872d8,Electronics,digital camera,generic,digital camera online,fotocamera digitale online,Digitalkamera online
qddb331e5e,Baby & Kids,baby stroller,branded,buy UPPAbaby Vista V2,acquista UPPAbaby Vista V2,UPPAbaby Vista V2 kaufen
qbcc92885b,Sporting Goods,road bike,generic,where to buy road bike,dove comprare bici da strada,wo Rennrad kaufen
q107767f51,Baby & Kids,toys,generic,toys price,prezzo giocattoli,Spielzeug preis
q048620cd1,Electronics,action camera,generic,action camera deals,action camera occasioni,Action-Kamera schnäppchen
q4805571a2,Electronics,iPad,generic,where to buy iPad,dove comprare iPad,wo iPad kaufen
q65b31ddac,Apparel & Accessories,sport leggings,generic,sport leggings online,leggings sportivi online,Sport-Leggings online
q3a3830280,Apparel & Accessories,sunglasses,generic,sunglasses online,occhiali da sole online,Sonnenbrille online
q8237fb9f9,Sporting Goods,tennis racket,generic,tennis racket review,recensione racchetta da tennis,Tennisschläger test
q4b14fae54,Sporting Goods,trekking poles,generic,trekking poles,bastoni da trekking,Wanderstöcke
qaa7ed804c,Home & Garden,stand mixer,generic,stand mixer 2024,impastatrice 2024,Küchenmaschine 2024
q3f3922338,Beauty & Personal Care,face moisturiser,generic,face moisturiser deals,crema idratante viso occasioni,Gesichtscreme schnäppchen
qe00b7099b,Baby & Kids,toys,generic,buy toys,acquista giocattoli,Spielzeug kaufen
qca6051c07,Sporting Goods,camping tent,generic,cheap camping tent,tenda da campeggio economici,günstiger Campingzelt
q613add3cb,Apparel & Accessories,running shoes,branded,Puma Nitro Elite 2,Puma Nitro Elite 2,Puma Nitro Elite 2
q595016e58,Apparel & Accessories,cycling shoes,generic,cycling shoes deals,scarpe da ciclismo occasioni,Radschuhe schnäppchen
q5c5efd751,Electronics,gaming headset,generic,where to buy gaming headset,dove comprare headset gaming,wo Gaming-Headset kaufen
qbfc6ba600,Electronics,2-in-1 laptop,generic,2-in-1 laptop offers,offerte laptop 2-in-1,2-in-1-Laptop angebote
q533536761,Baby & Kids,scooter kids,generic,compare scooter kids,confronta monopattino bambini,Kinderroller vergleich
qb77697abc,Home & Garden,coffee machine,generic,coffee machine 2024,macchina del caffè 2024,Kaffeemaschine 2024
qc2719225f,Home & Garden,robot vacuum cleaner,generic,robot vacuum cleaner amazon,aspirapolvere robot amazon,Saugroboter amazon
qc9049316a,Sporting Goods,e-bike,branded,Cube Stereo Hybrid review,Cube Stereo Hybrid recensione,Cube Stereo Hybrid test
q7b66dc957,Electronics,Bluetooth speaker,branded,Bose SoundLink Flex,Bose SoundLink Flex,Bose SoundLink Flex
q41db14714,Home & Garden,security camera,generic,buy security camera online,comprare telecamera di sicurezza online,Sicherheitskamera online kaufen
q0d3e7cf61,Electronics,in-ear headphones,generic,in-ear headphones offers,offerte auricolari in-ear,In-Ear-Kopfhörer angebote
qfd3986af9,Home & Garden,smart thermostat,generic,smart thermostat specs,specifiche termostato intelligente,Smartes Thermostat technische daten
q31fa05dbd,Apparel & Accessories,loafers,generic,compare loafers,confronta mocassini,Loafer vergleich
q8eb4cfd56,Sporting Goods,cycling helmet,branded,buy Specialized Propero 4,acquista Specialized Propero 4,Specialized Propero 4 kaufen
q7aecaad24,Sporting Goods,road bike,generic,road bike under 100,bici da strada sotto 100 euro,Rennrad unter 100 euro
q3e88c3325,Electronics,action camera,branded,DJI Osmo Action 4,DJI Osmo Action 4,DJI Osmo Action 4
q1d12d4349,Sporting Goods,football,generic,football sale,pallone da calcio saldi,Fußball sale
q5b22f56ce,Sporting Goods,badminton racket,generic,compare badminton racket,confronta racchetta da badminton,Badmintonschläger vergleich
q7e42381d8,Apparel & Accessories,sport shorts,generic,sport shorts online,pantaloncini sportivi online,Sporthose online
qc24d539b8,Home & Garden,blender,generic,blender under 500,frullatore sotto 500 euro,Mixer unter 500 euro
q86124f55a,Electronics,smart TV,branded,Philips OLED+908 price,Philips OLED+908 prezzo,Philips OLED+908 preis
qd567d8208,Apparel & Accessories,football boots,branded,Adidas Copa Pure 2 review,Adidas Copa Pure 2 recensione,Adidas Copa Pure 2 test
qfc3c74f75,Sporting Goods,GPS running watch,branded,Suunto Race price,Suunto Race prezzo,Suunto Race preis
q5d81b91a1,Apparel & Accessories,winter jacket,branded,Columbia Omni-Heat offers,Columbia Omni-Heat offerte,Columbia Omni-Heat angebote
qe6836fa85,Electronics,instant camera,generic,compare instant camera,confronta fotocamera istantanea,Sofortbildkamera vergleich
q54f70ba4a,Apparel & Accessories,running shoes,generic,running shoes price,prezzo scarpe da corsa,Laufschuhe preis
q0a96cb628,Apparel & Accessories,smartwatch,generic,best smartwatch,migliori smartwatch,bestes Smartwatch
q089df327f,Apparel & Accessories,sunglasses,generic,sunglasses sale,occhiali da sole saldi,Sonnenbrille sale
q081590db5,Electronics,VR headset,generic,VR headset 2024,visore VR 2024,VR-Headset 2024
qecc21d42e,Electronics,Bluetooth speaker,generic,buy Bluetooth speaker online,comprare speaker Bluetooth online,Bluetooth-Lautsprecher online kaufen
q630eade8a,Sporting Goods,sleeping bag,branded,Sea to Summit Spark Pro review,Sea to Summit Spark Pro recensione,Sea to Summit Spark Pro test
q37eb4ca82,Apparel & Accessories,running shoes,branded,ASICS Gel-Nimbus 26 review,ASICS Gel-Nimbus 26 recensione,ASICS Gel-Nimbus 26 test
q084fdbafc,Beauty & Personal Care,sunscreen SPF 50,branded,Altruist SPF 50 Face Fluid price,Altruist SPF 50 Face Fluid prezzo,Altruist SPF 50 Face Fluid preis
q32a9a8b44,Apparel & Accessories,winter jacket,generic,top winter jacket,top giacca invernale,top Winterjacke
q67bc8c8ee,Home & Garden,vacuum cleaner,branded,Dyson V15 Detect offers,Dyson V15 Detect offerte,Dyson V15 Detect angebote
q689c26dfb,Home & Garden,espresso machine,generic,espresso machine under 100,macchina per espresso sotto 100 euro,Espressomaschine unter 100 euro
q270f76130,Electronics,streaming device,generic,streaming device 2024,dispositivo streaming 2024,Streaming-Gerät 2024
qa0be4e5d3,Sporting Goods,foam roller,generic,foam roller amazon,foam roller amazon,Schaumstoffrolle amazon
q06226e658,Home & Garden,standing desk,generic,standing desk deals,scrivania regolabile occasioni,Höhenverstellbarer Schreibtisch schnäppchen
q46759b14b,Electronics,USB hub,generic,USB hub under 500,hub USB sotto 500 euro,USB-Hub unter 500 euro
q5daf53cc0,Home & Garden,robot vacuum cleaner,branded,Shark Matrix Robot,Shark Matrix Robot,Shark Matrix Robot
qf0a56187d,Home & Garden,electric razor,generic,electric razor online,rasoio elettrico online,Elektrorasierer online
q4bc8e0bfa,Apparel & Accessories,running shoes,branded,New Balance 990v6 price,New Balance 990v6 prezzo,New Balance 990v6 preis
q8fdcc19cd,Apparel & Accessories,running shoes,branded,buy Adidas Supernova Rise,acquista Adidas Supernova Rise,Adidas Supernova Rise kaufen
qd5a391d6f,Home & Garden,vacuum cleaner,generic,compare vacuum cleaner,confronta aspirapolvere,Staubsauger vergleich
q73c48ba7f,Electronics,instant camera,generic,instant camera under 100,fotocamera istantanea sotto 100 euro,Sofortbildkamera unter 100 euro
q0d3f7e404,Electronics,mechanical keyboard,branded,Keychron K2 Pro review,Keychron K2 Pro recensione,Keychron K2 Pro test
q670501a23,Electronics,gaming mouse,branded,Steelseries Aerox 5,Steelseries Aerox 5,Steelseries Aerox 5
q1f96a7249,Sporting Goods,mountain bike,branded,Santa Cruz Hightower review,Santa Cruz Hightower recensione,Santa Cruz Hightower test
q59de60d12,Electronics,USB-C cable,generic,USB-C cable 2024,cavo USB-C 2024,USB-C-Kabel 2024
q6f02bedac,Apparel & Accessories,rain jacket,generic,rain jacket sale,giacca impermeabile saldi,Regenjacke sale
qbc9045906,Home & Garden,vacuum cleaner,generic,vacuum cleaner for beginners,aspirapolvere per principianti,Staubsauger für anfänger
qacf93772b,Home & Garden,smart doorbell,generic,smart doorbell sale,videocitofono smart saldi,Video-Türklingel sale
q90c21c5b9,Electronics,wireless charger,branded,Anker MagGo 15W,Anker MagGo 15W,Anker MagGo 15W
q162ec8739,Beauty & Personal Care,lip balm,generic,lip balm under 500,balsamo labbra sotto 500 euro,Lippenbalsam unter 500 euro
q3956a6886,Apparel & Accessories,sneakers,generic,top sneakers,top sneakers,top Sneaker
q36f7ecef0,Electronics,laptop,branded,ASUS ZenBook Pro review,ASUS ZenBook Pro recensione,ASUS ZenBook Pro test
qec50cb71d,Apparel & Accessories,running watch,generic,running watch online,orologio da corsa online,Laufuhr online
qc4661b220,Electronics,gaming controller,generic,gaming controller,controller gaming,Gaming-Controller
qf831a5a19,Electronics,USB hub,generic,compare USB hub,confronta hub USB,USB-Hub vergleich
qb92581c41,Sporting Goods,kettlebell,generic,kettlebell specs,specifiche kettlebell,Kettlebell technische daten
q5bd1bba14,Home & Garden,coffee machine,generic,coffee machine,macchina del caffè,Kaffeemaschine
q74f8b80fd,Sporting Goods,basketball,generic,basketball sale,pallone da basket saldi,Basketball sale
qcf8511ea0,Electronics,smartphone,generic,buy smartphone online,comprare smartphone online,Smartphone online kaufen
qa51af77d6,Electronics,streaming device,branded,Apple TV 4K price,Apple TV 4K prezzo,Apple TV 4K preis
q8164c43cc,Baby & Kids,baby carrier,generic,baby carrier,marsupio neonato,Babytrage
q0a40d6684,Apparel & Accessories,sport shorts,generic,best sport shorts,migliori pantaloncini sportivi,bestes Sporthose
q26ed60946,Electronics,ultrabook,generic,best ultrabook,migliori ultrabook,bestes Ultrabook
q6d9b19d95,Apparel & Accessories,sports bag,generic,cheap sports bag,borsa sportiva economici,günstiger Sporttasche
qa64031474,Electronics,gaming monitor,generic,gaming monitor under 100,monitor gaming sotto 100 euro,Gaming-Monitor unter 100 euro
qb58502f9c,Electronics,tripod,generic,tripod review,recensione treppiede,Stativ test
q73618aa00,Apparel & Accessories,smartwatch,branded,Apple Watch Series 9,Apple Watch Serie 9,Apple Watch Series 9
q555fb2d3b,Sporting Goods,GPS running watch,branded,Garmin Forerunner 955,Garmin Forerunner 955,Garmin Forerunner 955
q3a4e59fbc,Apparel & Accessories,running shoes,branded,Salomon Ultra Glide 2 price,Salomon Ultra Glide 2 prezzo,Salomon Ultra Glide 2 preis
q3ef10e452,Electronics,phone case,generic,phone case offers,offerte custodia per telefono,Handyhülle angebote
q7bcf7dc58,Electronics,wireless headphones,generic,buy wireless headphones online,comprare cuffie wireless online,Kabellose Kopfhörer online kaufen
q15dc7ed3c,Electronics,4K television,generic,4K television under 500,televisore 4K sotto 500 euro,4K-Fernseher unter 500 euro
q0797b5256,Apparel & Accessories,running shoes,branded,Nike Air Max 90,Nike Air Max 90,Nike Air Max 90
qf50aa0e0f,Beauty & Personal Care,retinol cream,generic,retinol cream professional,crema al retinolo professionale,professioneller Retinol-Creme
q83dbe9d5f,Beauty & Personal Care,vitamin C serum,generic,vitamin C serum specs,specifiche siero vitamina C,Vitamin-C-Serum technische daten
qb11bbe20d,Beauty & Personal Care,face moisturiser,generic,face moisturiser specs,specifiche crema idratante viso,Gesichtscreme technische daten
q0be401a61,Baby & Kids,children bicycle,branded,woom 4 price,woom 4 prezzo,woom 4 preis
qd43ee7458,Sporting Goods,e-bike,branded,Specialized Turbo Vado price,Specialized Turbo Vado prezzo,Specialized Turbo Vado preis
q48300560e,Sporting Goods,tennis racket,branded,Babolat Pure Aero price,Babolat Pure Aero prezzo,Babolat Pure Aero preis
qd3ea29c8f,Sporting Goods,road bike,generic,road bike review,recensione bici da strada,Rennrad test
qa1ddc077d,Electronics,SSD,generic,SSD deals,SSD occasioni,SSD schnäppchen
q10da33c91,Electronics,gaming laptop,generic,gaming laptop offers,offerte laptop da gaming,Gaming-Laptop angebote
qaab3085c0,Sporting Goods,foam roller,generic,top foam roller,top foam roller,top Schaumstoffrolle
q3531b2c15,Electronics,soundbar,branded,LG SP9YA,LG SP9YA,LG SP9YA
q402cb9639,Beauty & Personal Care,sunscreen SPF 50,generic,best value sunscreen SPF 50,crema solare SPF 50 miglior rapporto qualità prezzo,bestes preis-leistungs Sonnencreme SPF 50
q8f097f9dd,Electronics,mirrorless camera,generic,mirrorless camera under 100,fotocamera mirrorless sotto 100 euro,Systemkamera unter 100 euro
qed04f3a82,Electronics,tablet,generic,compare tablet,confronta tablet,Tablet vergleich
qb05d0203b,Sporting Goods,dumbbell set,generic,dumbbell set under 500,set manubri sotto 500 euro,Hantelset unter 500 euro
qcac1668e6,Home & Garden,standing desk,branded,Flexispot E7 review,Flexispot E7 recensione,Flexispot E7 test
q4c53d95c2,Electronics,monitor,generic,cheap monitor,monitor economici,günstiger Monitor
q201ac690b,Apparel & Accessories,polo shirt,generic,polo shirt rating,valutazione polo,Poloshirt bewertung
qba2903a4a,Electronics,2-in-1 laptop,generic,2-in-1 laptop online,laptop 2-in-1 online,2-in-1-Laptop online
qbfb025152,Sporting Goods,sleeping bag,generic,best value sleeping bag,sacco a pelo miglior rapporto qualità prezzo,bestes preis-leistungs Schlafsack
q9ea7256b0,Electronics,iPad,generic,iPad review,recensione iPad,iPad test
qf08f8663b,Sporting Goods,sleeping bag,generic,sleeping bag price,prezzo sacco a pelo,Schlafsack preis
q96ed73902,Electronics,laptop,branded,Dell XPS 13,Dell XPS 13,Dell XPS 13
qaeb12d4e0,Electronics,gaming controller,generic,gaming controller professional,controller gaming professionale,professioneller Gaming-Controller
qe6a4df2ac,Sporting Goods,sports nutrition,generic,best sports nutrition,migliori nutrizione sportiva,bestes Sportnahrung
q4391fd0ff,Home & Garden,vacuum cleaner,branded,Shark Vertex AZ2002 review,Shark Vertex AZ2002 recensione,Shark Vertex AZ2002 test
q9dd1cc6a0,Sporting Goods,kettlebell,generic,kettlebell professional,kettlebell professionale,professioneller Kettlebell
q66405437b,Apparel & Accessories,athletic shoes,generic,athletic shoes price,prezzo scarpe sportive,Sportschuhe preis
q1a464d96d,Sporting Goods,exercise bike,branded,Wahoo KICKR Bike review,Wahoo KICKR Bike recensione,Wahoo KICKR Bike test
qfee392476,Apparel & Accessories,cycling shoes,generic,cycling shoes specs,specifiche scarpe da ciclismo,Radschuhe technische daten
qbec9de796,Electronics,in-ear headphones,generic,in-ear headphones price,prezzo auricolari in-ear,In-Ear-Kopfhörer preis
q8b7942471,Home & Garden,hair straightener,generic,compare hair straightener,confronta piastra per capelli,Haarglätter vergleich
q8dc8f3e0e,Electronics,power bank,generic,power bank offers,offerte power bank,Powerbank angebote
q3ec6d83c5,Baby & Kids,toys,generic,toys for beginners,giocattoli per principianti,Spielzeug für anfänger
qbdd12224d,Sporting Goods,protein powder,generic,protein powder rating,valutazione proteine in polvere,Proteinpulver bewertung
q490aa72fe,Electronics,laptop stand,generic,laptop stand price,prezzo supporto laptop,Laptop-Ständer preis
q7d0ba142a,Electronics,webcam,generic,webcam for beginners,webcam per principianti,Webcam für anfänger
qc5a874529,Electronics,smartphone,generic,smartphone professional,smartphone professionale,professioneller Smartphone
qa40896549,Electronics,streaming device,generic,streaming device professional,dispositivo streaming professionale,professioneller Streaming-Gerät
q607d95953,Apparel & Accessories,football boots,branded,Adidas Copa Pure 2,Adidas Copa Pure 2,Adidas Copa Pure 2
q71114f83d,Electronics,budget smartphone,generic,buy budget smartphone,acquista smartphone economico,Günstiges Smartphone kaufen
q5163bd12b,Sporting Goods,cycling helmet,branded,Giro Synthe MIPS price,Giro Synthe MIPS prezzo,Giro Synthe MIPS preis
qa1c04c65d,Apparel & Accessories,boots,generic,boots,stivali,Stiefel
q1de3e34dc,Electronics,drone with camera,generic,where to buy drone with camera,dove comprare drone con fotocamera,wo Drohne mit Kamera kaufen
q2051623f8,Electronics,gaming console,generic,cheap gaming console,console di gioco economici,günstiger Spielkonsole
qe3c0be750,Home & Garden,hair straightener,generic,top hair straightener,top piastra per capelli,top Haarglätter
q83413aece,Home & Garden,hair straightener,generic,hair straightener offers,offerte piastra per capelli,Haarglätter angebote
qd502da6cd,Sporting Goods,ski boots,generic,where to buy ski boots,dove comprare scarponi da sci,wo Skischuhe kaufen
qa10ecf0f8,Electronics,drone with camera,generic,drone with camera for beginners,drone con fotocamera per principianti,Drohne mit Kamera für anfänger
qe29f35693,Home & Garden,smart lighting,branded,LIFX Color 1000lm,LIFX Color 1000lm,LIFX Color 1000lm
q2f0980881,Electronics,DAC amplifier,generic,DAC amplifier offers,offerte DAC amplificatore,DAC Verstärker angebote
q9b4a88d21,Home & Garden,vacuum cleaner,generic,vacuum cleaner under 500,aspirapolvere sotto 500 euro,Staubsauger unter 500 euro
q2a183f017,Baby & Kids,baby stroller,branded,Chicco Trio Sprint review,Chicco Trio Sprint recensione,Chicco Trio Sprint test
q0499a33f9,Home & Garden,vacuum cleaner,generic,top vacuum cleaner,top aspirapolvere,top Staubsauger
q3515ef699,Beauty & Personal Care,retinol cream,generic,retinol cream,crema al retinolo,Retinol-Creme
q86bfedfe2,Apparel & Accessories,smartwatch,branded,Garmin Fenix 7 price,Garmin Fenix 7 prezzo,Garmin Fenix 7 preis
q24ae64f93,Sporting Goods,energy gel,generic,cheap energy gel,gel energetico economici,günstiger Energiegel
q5165ffd57,Electronics,gaming chair,generic,gaming chair sale,sedia gaming saldi,Gaming-Stuhl sale
qcab03f144,Sporting Goods,resistance bands,generic,compare resistance bands,confronta elastici fitness,Fitnessbänder vergleich
qf38a70dc1,Apparel & Accessories,athletic shoes,generic,best value athletic shoes,scarpe sportive miglior rapporto qualità prezzo,bestes preis-leistungs Sportschuhe
q0d2c95144,Apparel & Accessories,fitness tracker,generic,fitness tracker amazon,fitness tracker amazon,Fitness-Tracker amazon
qbd359e598,Sporting Goods,camping tent,branded,Big Agnes Copper Spur HV UL2 price,Big Agnes Copper Spur HV UL2 prezzo,Big Agnes Copper Spur HV UL2 preis
qa8bfac517,Apparel & Accessories,boots,generic,boots online,stivali online,Stiefel online
qb2c08be38,Sporting Goods,sleeping bag,generic,sleeping bag review,recensione sacco a pelo,Schlafsack test
q04f96c613,Home & Garden,espresso machine,branded,Breville Barista Express offers,Breville Barista Express offerte,Breville Barista Express angebote
qb2c883738,Sporting Goods,climbing harness,generic,climbing harness price,prezzo imbrago da arrampicata,Klettergurt preis
qac4476ff8,Sporting Goods,GPS running watch,generic,GPS running watch sale,orologio GPS corsa saldi,GPS-Laufuhr sale
qff6cf93e4,Sporting Goods,protein powder,generic,protein powder under 500,proteine in polvere sotto 500 euro,Proteinpulver unter 500 euro
q4011bc7f8,Electronics,tablet,generic,where to buy tablet,dove comprare tablet,wo Tablet kaufen
q3a298a0d1,Home & Garden,coffee machine,generic,buy coffee machine,acquista macchina del caffè,Kaffeemaschine kaufen
qd546db209,Electronics,mechanical keyboard,generic,mechanical keyboard review,recensione tastiera meccanica,Mechanische Tastatur test
q5a92e3fdb,Electronics,external hard drive,branded,Seagate Backup Plus 4TB review,Seagate Backup Plus 4TB recensione,Seagate Backup Plus 4TB test
qb96e88ef5,Beauty & Personal Care,vitamin C serum,generic,vitamin C serum deals,siero vitamina C occasioni,Vitamin-C-Serum schnäppchen
qd44179ded,Sporting Goods,foam roller,generic,foam roller offers,offerte foam roller,Schaumstoffrolle angebote
q59703d824,Apparel & Accessories,basketball shoes,generic,basketball shoes online,scarpe da basket online,Basketballschuhe online
q0849f9976,Electronics,gaming desk,generic,gaming desk,scrivania gaming,Gaming-Schreibtisch
q6846bd40e,Beauty & Personal Care,sunscreen SPF 50,branded,ISDIN Eryfotona Actinica,ISDIN Eryfotona Actinica,ISDIN Eryfotona Actinica
q8da308bc5,Electronics,DAC amplifier,generic,DAC amplifier under 100,DAC amplificatore sotto 100 euro,DAC Verstärker unter 100 euro
q98fe0f347,Home & Garden,electric toothbrush,branded,Oral-B iO Series 9 offers,Oral-B iO Series 9 offerte,Oral-B iO Series 9 angebote
qcd5b78d1a,Electronics,monitor,generic,monitor online,monitor online,Monitor online
q45b99925e,Home & Garden,electric razor,generic,electric razor rating,valutazione rasoio elettrico,Elektrorasierer bewertung
q965d6e8e1,Apparel & Accessories,running shoes,generic,running shoes under 100,scarpe da corsa sotto 100 euro,Laufschuhe unter 100 euro
q8f1c278c3,Home & Garden,smart thermostat,branded,Hive Active Heating review,Hive Active Heating recensione,Hive Active Heating test
q5d3162570,Electronics,camera lens,generic,camera lens 2024,obiettivo fotografico 2024,Kameraobjektiv 2024
q1fe1ccf16,Sporting Goods,football,generic,football professional,pallone da calcio professionale,professioneller Fußball
q2fb8c955d,Home & Garden,security camera,generic,security camera sale,telecamera di sicurezza saldi,Sicherheitskamera sale
qedc04cde6,Apparel & Accessories,sports bag,generic,top sports bag,top borsa sportiva,top Sporttasche
qdef3967de,Sporting Goods,resistance bands,generic,resistance bands 2024,elastici fitness 2024,Fitnessbänder 2024
qf37ff24e5,Sporting Goods,cycling helmet,generic,cycling helmet under 100,casco da bici sotto 100 euro,Fahrradhelm unter 100 euro
q547357943,Electronics,mechanical keyboard,branded,buy Razer BlackWidow V4,acquista Razer BlackWidow V4,Razer BlackWidow V4 kaufen
qb27976345,Sporting Goods,yoga mat,generic,yoga mat sale,tappetino yoga saldi,Yogamatte sale
q28dcfc685,Home & Garden,coffee machine,branded,Siemens EQ.9 Plus,Siemens EQ.9 Plus,Siemens EQ.9 Plus
q023727e0b,Apparel & Accessories,smartwatch,branded,buy Garmin Forerunner 965,acquista Garmin Forerunner 965,Garmin Forerunner 965 kaufen
q73ffb18e4,Electronics,smart TV,branded,Philips OLED+908,Philips OLED+908,Philips OLED+908
q1b2959452,Electronics,gaming monitor,generic,cheap gaming monitor,monitor gaming economici,günstiger Gaming-Monitor
q4705e8dd3,Sporting Goods,exercise bike,generic,exercise bike under 500,cyclette sotto 500 euro,Heimtrainer unter 500 euro
q706cecf0a,Sporting Goods,camping tent,generic,best camping tent,migliori tenda da campeggio,bestes Campingzelt
qd99d0cdc6,Apparel & Accessories,sport shorts,generic,sport shorts price,prezzo pantaloncini sportivi,Sporthose preis
q1df304827,Beauty & Personal Care,sunscreen SPF 50,generic,sunscreen SPF 50 professional,crema solare SPF 50 professionale,professioneller Sonnencreme SPF 50
qae760eb45,Sporting Goods,e-bike,generic,cheap e-bike,bici elettrica economici,günstiger E-Bike
q5cb4bf01d,Electronics,4K television,generic,4K television deals,televisore 4K occasioni,4K-Fernseher schnäppchen
qc6f125bb9,Electronics,vinyl record player,generic,vinyl record player under 500,giradischi sotto 500 euro,Plattenspieler unter 500 euro
qe8dcdb3cf,Electronics,OLED television,generic,OLED television specs,specifiche televisore OLED,OLED-Fernseher technische daten
q161e1ebff,Electronics,drone with camera,generic,best value drone with camera,drone con fotocamera miglior rapporto qualità prezzo,bestes preis-leistungs Drohne mit Kamera
q078fc2e90,Electronics,smartphone,branded,buy Xiaomi 14 Ultra,acquista Xiaomi 14 Ultra,Xiaomi 14 Ultra kaufen
qccbc8444b,Sporting Goods,road bike,branded,Trek Domane SL 6 price,Trek Domane SL 6 prezzo,Trek Domane SL 6 preis
q3b7fa5436,Home & Garden,electric razor,generic,electric razor sale,rasoio elettrico saldi,Elektrorasierer sale
q132e2261a,Electronics,gaming monitor,generic,gaming monitor review,recensione monitor gaming,Gaming-Monitor test
qa781091b9,Electronics,webcam,branded,Logitech Brio 4K offers,Logitech Brio 4K offerte,Logitech Brio 4K angebote
qfb2a4a673,Apparel & Accessories,running shoes,branded,Nike React Infinity Run price,Nike React Infinity Run prezzo,Nike React Infinity Run preis
q076aaeb55,Baby & Kids,baby stroller,generic,baby stroller review,recensione passeggino,Kinderwagen test
q3852a5a28,Electronics,instant camera,generic,best value instant camera,fotocamera istantanea miglior rapporto qualità prezzo,bestes preis-leistungs Sofortbildkamera
qa3a510931,Apparel & Accessories,loafers,generic,top loafers,top mocassini,top Loafer
q9b412919d,Sporting Goods,kettlebell,generic,kettlebell sale,kettlebell saldi,Kettlebell sale
qc62154b6e,Electronics,Bluetooth speaker,generic,Bluetooth speaker deals,speaker Bluetooth occasioni,Bluetooth-Lautsprecher schnäppchen
q4dc3a0787,Electronics,digital camera,generic,compare digital camera,confronta fotocamera digitale,Digitalkamera vergleich
qedfee7a93,Electronics,gaming desk,generic,gaming desk price,prezzo scrivania gaming,Gaming-Schreibtisch preis
q62de574a3,Apparel & Accessories,sports bag,generic,sports bag sale,borsa sportiva saldi,Sporttasche sale
qec32be148,Electronics,gaming controller,generic,gaming controller deals,controller gaming occasioni,Gaming-Controller schnäppchen
q571a0c093,Electronics,digital camera,branded,Leica Q3,Leica Q3,Leica Q3
q965298266,Sporting Goods,camping tent,generic,top camping tent,top tenda da campeggio,top Campingzelt
qcaeade663,Home & Garden,office chair,generic,office chair offers,offerte sedia da ufficio,Bürostuhl angebote
qb5e8dfac4,Electronics,gaming laptop,generic,buy gaming laptop online,comprare laptop da gaming online,Gaming-Laptop online kaufen
q6472789fb,Apparel & Accessories,running shoes,branded,Salomon Ultra Glide 2,Salomon Ultra Glide 2,Salomon Ultra Glide 2
q4a4166f8f,Electronics,mechanical keyboard,branded,Razer BlackWidow V4 offers,Razer BlackWidow V4 offerte,Razer BlackWidow V4 angebote
qd0ed8c138,Sporting Goods,mountain bike,branded,Santa Cruz Hightower,Santa Cruz Hightower,Santa Cruz Hightower
q1a2235aba,Beauty & Personal Care,sunscreen SPF 50,generic,sunscreen SPF 50 2024,crema solare SPF 50 2024,Sonnencreme SPF 50 2024
qda3d6e821,Electronics,streaming device,branded,Amazon Fire TV Stick 4K review,Amazon Fire TV Stick 4K recensione,Amazon Fire TV Stick 4K test
qf1201f1b4,Sporting Goods,pull-up bar,generic,pull-up bar sale,sbarra per trazioni saldi,Klimmzugstange sale
q83e21d35d,Sporting Goods,trekking poles,generic,compare trekking poles,confronta bastoni da trekking,Wanderstöcke vergleich
q583d868b7,Beauty & Personal Care,vitamin C serum,generic,buy vitamin C serum online,comprare siero vitamina C online,Vitamin-C-Serum online kaufen
q753454274,Apparel & Accessories,fitness tracker,generic,compare fitness tracker,confronta fitness tracker,Fitness-Tracker vergleich
q5a38266f0,Home & Garden,security camera,generic,security camera rating,valutazione telecamera di sicurezza,Sicherheitskamera bewertung
q0a9bce0e8,Apparel & Accessories,sport leggings,generic,cheap sport leggings,leggings sportivi economici,günstiger Sport-Leggings
qc6014ad16,Apparel & Accessories,sneakers,branded,Adidas Stan Smith review,Adidas Stan Smith recensione,Adidas Stan Smith test
q528d0cf40,Apparel & Accessories,running watch,generic,best running watch,migliori orologio da corsa,bestes Laufuhr
q24d27f8a3,Home & Garden,monitor arm,generic,monitor arm under 500,braccio per monitor sotto 500 euro,Monitorhalterung unter 500 euro
q5d15c9f35,Beauty & Personal Care,foundation makeup,generic,buy foundation makeup online,comprare fondotinta online,Foundation online kaufen
q6124ba026,Apparel & Accessories,basketball shoes,generic,basketball shoes offers,offerte scarpe da basket,Basketballschuhe angebote
qdbd99bcc2,Apparel & Accessories,fitness tracker,generic,fitness tracker professional,fitness tracker professionale,professioneller Fitness-Tracker
qd8e7822a8,Apparel & Accessories,running shoes,generic,top running shoes,top scarpe da corsa,top Laufschuhe
qf8a19a040,Home & Garden,monitor arm,generic,top monitor arm,top braccio per monitor,top Monitorhalterung
q0fc6bca48,Home & Garden,humidifier,generic,humidifier sale,umidificatore saldi,Luftbefeuchter sale
qddec5f49f,Baby & Kids,toys,branded,LEGO Harry Potter Hogwarts Castle review,LEGO Harry Potter Hogwarts Castle recensione,LEGO Harry Potter Hogwarts Castle test
q29be8c7f2,Home & Garden,robot vacuum cleaner,branded,iRobot Roomba j7+ review,iRobot Roomba j7+ recensione,iRobot Roomba j7+ test
qb92361937,Sporting Goods,road bike,branded,BMC Teammachine SLR,BMC Teammachine SLR,BMC Teammachine SLR
q7476c36e2,Sporting Goods,surf board,generic,surf board under 100,tavola da surf sotto 100 euro,Surfbrett unter 100 euro
q36519fd66,Apparel & Accessories,sport shorts,generic,sport shorts offers,offerte pantaloncini sportivi,Sporthose angebote
qcb609fecb,Electronics,screen protector,generic,screen protector deals,protezione schermo occasioni,Displayschutzfolie schnäppchen
q6459a1648,Home & Garden,smart doorbell,generic,best smart doorbell,migliori videocitofono smart,bestes Video-Türklingel
q3448aa1ca,Sporting Goods,exercise bike,branded,Peloton Bike+,Peloton Bike+,Peloton Bike+
q6145f900a,Sporting Goods,basketball,generic,basketball review,recensione pallone da basket,Basketball test
q71d3917b1,Apparel & Accessories,running shoes,branded,Nike Zoom Pegasus 41 review,Nike Zoom Pegasus 41 recensione,Nike Zoom Pegasus 41 test
qf9c348521,Electronics,laptop,branded,HP Envy 15 review,HP Envy 15 recensione,HP Envy 15 test
q51e6b4cbd,Electronics,OLED television,generic,OLED television sale,televisore OLED saldi,OLED-Fernseher sale
q2af6104b9,Sporting Goods,e-bike,generic,compare e-bike,confronta bici elettrica,E-Bike vergleich
q2ec854c73,Sporting Goods,ski boots,branded,buy Salomon S/Pro 130,acquista Salomon S/Pro 130,Salomon S/Pro 130 kaufen
q3098e7705,Apparel & Accessories,polo shirt,generic,best polo shirt,migliori polo,bestes Poloshirt
q2b662c99c,Home & Garden,office chair,branded,Secretlab Titan Evo review,Secretlab Titan Evo recensione,Secretlab Titan Evo test
qcdbd12f43,Apparel & Accessories,running shoes,branded,On Cloudmonster offers,On Cloudmonster offerte,On Cloudmonster angebote
q761bac72e,Electronics,monitor,generic,monitor review,recensione monitor,Monitor test
qc3be48fb4,Electronics,smartphone,branded,buy Google Pixel 9,acquista Google Pixel 9,Google Pixel 9 kaufen
qa64c69fe6,Electronics,VR headset,generic,buy VR headset,acquista visore VR,VR-Headset kaufen
q636ae97ff,Sporting Goods,e-bike,branded,buy Trek Powerfly 5,acquista Trek Powerfly 5,Trek Powerfly 5 kaufen
q2192b01b3,Beauty & Personal Care,sunscreen SPF 50,generic,sunscreen SPF 50 for beginners,crema solare SPF 50 per principianti,Sonnencreme SPF 50 für anfänger
q4fba20e45,Apparel & Accessories,hiking boots,generic,hiking boots specs,specifiche scarpe da trekking,Wanderstiefel technische daten
qbe1dbe206,Apparel & Accessories,football boots,generic,cheap football boots,scarpe da calcio economici,günstiger Fußballschuhe
qfb545fbc6,Home & Garden,office chair,branded,Secretlab Titan Evo price,Secretlab Titan Evo prezzo,Secretlab Titan Evo preis
q31fdc4444,Electronics,monitor,branded,LG 27UK850 offers,LG 27UK850 offerte,LG 27UK850 angebote
qb18812734,Apparel & Accessories,polo shirt,generic,compare polo shirt,confronta polo,Poloshirt vergleich
qf82c72958,Apparel & Accessories,running shoes,branded,Mizuno Wave Rider 27,Mizuno Wave Rider 27,Mizuno Wave Rider 27
q3d6aa49d8,Sporting Goods,GPS running watch,branded,Garmin Forerunner 265 offers,Garmin Forerunner 265 offerte,Garmin Forerunner 265 angebote
q675795dda,Electronics,Bluetooth speaker,branded,Bose SoundLink Flex review,Bose SoundLink Flex recensione,Bose SoundLink Flex test
qb2e678d19,Beauty & Personal Care,vitamin C serum,generic,best vitamin C serum,migliori siero vitamina C,bestes Vitamin-C-Serum
q596a86bdb,Sporting Goods,basketball,generic,basketball price,prezzo pallone da basket,Basketball preis
q8d5c7ee99,Sporting Goods,yoga mat,generic,compare yoga mat,confronta tappetino yoga,Yogamatte vergleich
qa41369e4b,Home & Garden,robot vacuum cleaner,branded,Shark Matrix Robot price,Shark Matrix Robot prezzo,Shark Matrix Robot preis
qc927c0eed,Beauty & Personal Care,retinol cream,generic,retinol cream for beginners,crema al retinolo per principianti,Retinol-Creme für anfänger
qf0e9c3329,Electronics,QLED television,generic,best QLED television,migliori televisore QLED,bestes QLED-Fernseher
qf669bcc5e,Sporting Goods,exercise bike,generic,buy exercise bike,acquista cyclette,Heimtrainer kaufen
q5e4908a5a,Apparel & Accessories,running shoes,branded,Puma Nitro Elite 2 review,Puma Nitro Elite 2 recensione,Puma Nitro Elite 2 test
qc1aca0d9b,Electronics,streaming device,branded,buy Google Chromecast 4K,acquista Google Chromecast 4K,Google Chromecast 4K kaufen
q6232092f2,Electronics,laptop,branded,Dell XPS 15 price,Dell XPS 15 prezzo,Dell XPS 15 preis
qa15334707,Sporting Goods,sports nutrition,generic,sports nutrition under 500,nutrizione sportiva sotto 500 euro,Sportnahrung unter 500 euro
q7a022159a,Apparel & Accessories,running shoes,branded,Saucony Endorphin Speed 4 price,Saucony Endorphin Speed 4 prezzo,Saucony Endorphin Speed 4 preis
q3c695cbdb,Apparel & Accessories,running watch,generic,running watch under 100,orologio da corsa sotto 100 euro,Laufuhr unter 100 euro
qf01737b0a,Sporting Goods,swimming goggles,generic,best value swimming goggles,occhialini da nuoto miglior rapporto qualità prezzo,bestes preis-leistungs Schwimmbrille
q641e3d260,Apparel & Accessories,backpack,generic,backpack sale,zaino saldi,Rucksack sale
q0e6cb802c,Beauty & Personal Care,retinol cream,generic,top retinol cream,top crema al retinolo,top Retinol-Creme
qb8bf04d7f,Electronics,mechanical keyboard,branded,Keychron K2 Pro price,Keychron K2 Pro prezzo,Keychron K2 Pro preis
q7dce7e5f3,Electronics,action camera,branded,DJI Osmo Action 4 review,DJI Osmo Action 4 recensione,DJI Osmo Action 4 test
q4428f87d0,Sporting Goods,exercise bike,generic,buy exercise bike online,comprare cyclette online,Heimtrainer online kaufen
q0957fdbd0,Home & Garden,office chair,generic,office chair price,prezzo sedia da ufficio,Bürostuhl preis
q42ddb78d6,Electronics,smartphone,branded,Motorola Edge 50 Pro review,Motorola Edge 50 Pro recensione,Motorola Edge 50 Pro test
q228ff884d,Apparel & Accessories,running shoes,branded,Mizuno Wave Rider 27 review,Mizuno Wave Rider 27 recensione,Mizuno Wave Rider 27 test
qfae11f19a,Electronics,QLED television,branded,Samsung QN90C review,Samsung QN90C recensione,Samsung QN90C test
qf93df9232,Home & Garden,air purifier,branded,Coway Airmega 400 price,Coway Airmega 400 prezzo,Coway Airmega 400 preis
q424a5e3b5,Sporting Goods,tennis racket,generic,tennis racket online,racchetta da tennis online,Tennisschläger online
q94808cabb,Sporting Goods,surf board,generic,top surf board,top tavola da surf,top Surfbrett
qcd2a3b524,Sporting Goods,cycling helmet,branded,Bell Z20 MIPS review,Bell Z20 MIPS recensione,Bell Z20 MIPS test
qb81788351,Baby & Kids,toys,generic,toys under 100,giocattoli sotto 100 euro,Spielzeug unter 100 euro
q2c8fcc395,Apparel & Accessories,fitness tracker,branded,Fitbit Charge 6 review,Fitbit Charge 6 recensione,Fitbit Charge 6 test
q1f10de70e,Sporting Goods,swimming goggles,generic,compare swimming goggles,confronta occhialini da nuoto,Schwimmbrille vergleich
qcbbd2a548,Electronics,gaming monitor,branded,Samsung Odyssey G7,Samsung Odyssey G7,Samsung Odyssey G7
q70fe8ca90,Sporting Goods,exercise bike,generic,exercise bike under 100,cyclette sotto 100 euro,Heimtrainer unter 100 euro
q8db382df5,Apparel & Accessories,running shoes,branded,buy ASICS Gel-Kayano 30,acquista ASICS Gel-Kayano 30,ASICS Gel-Kayano 30 kaufen
q5fb3cff14,Electronics,in-ear headphones,generic,in-ear headphones rating,valutazione auricolari in-ear,In-Ear-Kopfhörer bewertung
q34df6fe7c,Electronics,smartphone,branded,Google Pixel 9 Pro review,Google Pixel 9 Pro recensione,Google Pixel 9 Pro test
q834a2868f,Sporting Goods,energy gel,generic,top energy gel,top gel energetico,top Energiegel
q4cafdab75,Electronics,laptop,generic,laptop offers,offerte laptop,Laptop angebote
qc65284e7e,Apparel & Accessories,fitness tracker,branded,Polar Pacer Pro price,Polar Pacer Pro prezzo,Polar Pacer Pro preis
q9a3b3c4f5,Home & Garden,capsule coffee machine,generic,capsule coffee machine offers,offerte macchina caffè capsule,Kapselkaffeemaschine angebote
q47148940f,Baby & Kids,scooter kids,generic,scooter kids specs,specifiche monopattino bambini,Kinderroller technische daten
q897e0f419,Apparel & Accessories,running shoes,branded,buy Adidas Ultraboost 22,acquista Adidas Ultraboost 22,Adidas Ultraboost 22 kaufen
q7712a9746,Electronics,earbuds,branded,Soundcore Liberty 4 NC price,Soundcore Liberty 4 NC prezzo,Soundcore Liberty 4 NC preis
q4422ba47d,Baby & Kids,scooter kids,generic,scooter kids,monopattino bambini,Kinderroller
q6d4f08a33,Beauty & Personal Care,lip balm,generic,best lip balm,migliori balsamo labbra,bestes Lippenbalsam
q45eeccc00,Electronics,VR headset,branded,buy Meta Quest 3,acquista Meta Quest 3,Meta Quest 3 kaufen
q1c8926e13,Apparel & Accessories,sneakers,branded,Adidas Yeezy 350 V2 price,Adidas Yeezy 350 V2 prezzo,Adidas Yeezy 350 V2 preis
qaf57ceecb,Electronics,gaming controller,generic,gaming controller specs,specifiche controller gaming,Gaming-Controller technische daten
q3d95b9071,Baby & Kids,children bicycle,generic,children bicycle sale,bicicletta bambini saldi,Kinderfahrrad sale
q9ef4ddcf8,Beauty & Personal Care,lip balm,generic,top lip balm,top balsamo labbra,top Lippenbalsam
q0dca26bf6,Sporting Goods,camping tent,generic,buy camping tent online,comprare tenda da campeggio online,Campingzelt online kaufen
qdb5af50ce,Sporting Goods,pull-up bar,generic,pull-up bar specs,specifiche sbarra per trazioni,Klimmzugstange technische daten
q1db31c134,Sporting Goods,trekking poles,generic,where to buy trekking poles,dove comprare bastoni da trekking,wo Wanderstöcke kaufen
qf59f86236,Apparel & Accessories,football boots,branded,Adidas Predator Elite price,Adidas Predator Elite prezzo,Adidas Predator Elite preis
qf089c5ba3,Apparel & Accessories,fitness tracker,generic,where to buy fitness tracker,dove comprare fitness tracker,wo Fitness-Tracker kaufen
q445cab1d8,Apparel & Accessories,fitness tracker,branded,Fitbit Charge 6 offers,Fitbit Charge 6 offerte,Fitbit Charge 6 angebote
q799483dfb,Apparel & Accessories,running shoes,branded,ASICS Gel-Cumulus 26 review,ASICS Gel-Cumulus 26 recensione,ASICS Gel-Cumulus 26 test
q3dcc7ea84,Beauty & Personal Care,perfume,branded,Chanel N°5 price,Chanel N°5 prezzo,Chanel N°5 preis
q240b53c9b,Sporting Goods,swimming goggles,generic,swimming goggles,occhialini da nuoto,Schwimmbrille
qc7274b3eb,Beauty & Personal Care,foundation makeup,generic,foundation makeup rating,valutazione fondotinta,Foundation bewertung
qb34687080,Apparel & Accessories,running shoes,branded,Salomon Speedcross 6 price,Salomon Speedcross 6 prezzo,Salomon Speedcross 6 preis
q4f1e04123,Electronics,camera lens,branded,Sigma 35mm f/1.4 DG DN offers,Sigma 35mm f/1.4 DG DN offerte,Sigma 35mm f/1.4 DG DN angebote
q73c1aacc5,Apparel & Accessories,rain jacket,generic,cheap rain jacket,giacca impermeabile economici,günstiger Regenjacke
q21f19aa32,Apparel & Accessories,football boots,branded,Nike Mercurial Superfly 10 offers,Nike Mercurial Superfly 10 offerte,Nike Mercurial Superfly 10 angebote
qa804efdbe,Electronics,wireless charger,generic,where to buy wireless charger,dove comprare caricatore wireless,wo Kabelloses Ladegerät kaufen
q13c801f55,Electronics,mirrorless camera,generic,mirrorless camera,fotocamera mirrorless,Systemkamera
q89f5cf68d,Home & Garden,air purifier,branded,buy Coway Airmega 400,acquista Coway Airmega 400,Coway Airmega 400 kaufen
qb845f69b6,Sporting Goods,badminton racket,generic,badminton racket price,prezzo racchetta da badminton,Badmintonschläger preis
q551ed1ee6,Beauty & Personal Care,mascara,generic,mascara 2024,mascara 2024,Mascara 2024
q1130f0623,Electronics,Android tablet,generic,Android tablet,tablet Android,Android-Tablet
q1aa1f4bc2,Home & Garden,electric toothbrush,generic,electric toothbrush price,prezzo spazzolino elettrico,Elektrische Zahnbürste preis
q486725fa5,Electronics,QLED television,generic,top QLED television,top televisore QLED,top QLED-Fernseher
qa7bdac511,Electronics,gaming chair,generic,gaming chair specs,specifiche sedia gaming,Gaming-Stuhl technische daten
q640a995f8,Home & Garden,hair straightener,generic,hair straightener sale,piastra per capelli saldi,Haarglätter sale
q4c9aff95b,Apparel & Accessories,running shoes,generic,running shoes deals,scarpe da corsa occasioni,Laufschuhe schnäppchen
q0ff4c09a5,Sporting Goods,heart rate monitor,generic,heart rate monitor sale,cardiofrequenzimetro saldi,Herzfrequenzmesser sale
q34a5a1c95,Electronics,soundbar,branded,Samsung HW-Q990C,Samsung HW-Q990C,Samsung HW-Q990C
q35dac9629,Electronics,digital camera,branded,Canon PowerShot G7X Mark III,Canon PowerShot G7X Mark III,Canon PowerShot G7X Mark III
qab769f8a2,Apparel & Accessories,sport shorts,generic,buy sport shorts online,comprare pantaloncini sportivi online,Sporthose online kaufen
q16dd1dc0f,Sporting Goods,foam roller,generic,foam roller online,foam roller online,Schaumstoffrolle online
qc3a469843,Electronics,USB hub,generic,USB hub rating,valutazione hub USB,USB-Hub bewertung
qe83441df8,Electronics,QLED television,generic,buy QLED television online,comprare televisore QLED online,QLED-Fernseher online kaufen
q410c267a4,Home & Garden,smart thermostat,generic,smart thermostat under 500,termostato intelligente sotto 500 euro,Smartes Thermostat unter 500 euro
qff57d3fab,Home & Garden,capsule coffee machine,generic,capsule coffee machine online,macchina caffè capsule online,Kapselkaffeemaschine online
qdca0f25b3,Electronics,in-ear headphones,generic,top in-ear headphones,top auricolari in-ear,top In-Ear-Kopfhörer
q495397f94,Home & Garden,capsule coffee machine,generic,capsule coffee machine price,prezzo macchina caffè capsule,Kapselkaffeemaschine preis
q02ac173e2,Baby & Kids,baby monitor,generic,baby monitor review,recensione baby monitor,Babyphone test
qbb660bc3c,Home & Garden,food processor,generic,buy food processor online,comprare robot da cucina online,Küchenmaschine online kaufen
q53412ec54,Home & Garden,electric toothbrush,generic,electric toothbrush specs,specifiche spazzolino elettrico,Elektrische Zahnbürste technische daten
q395efbf23,Electronics,mechanical keyboard,branded,Logitech MX Mechanical price,Logitech MX Mechanical prezzo,Logitech MX Mechanical preis
q69c4e0beb,Home & Garden,hair straightener,branded,ghd Platinum+ Styler,ghd Platinum+ Styler,ghd Platinum+ Styler
q715bb4a3e,Electronics,drone with camera,branded,DJI Mini 4 Pro price,DJI Mini 4 Pro prezzo,DJI Mini 4 Pro preis
q2b440cd1c,Sporting Goods,dumbbell set,generic,dumbbell set for beginners,set manubri per principianti,Hantelset für anfänger
q2c74f346d,Apparel & Accessories,smartwatch,generic,smartwatch amazon,smartwatch amazon,Smartwatch amazon
qfaf8935e2,Baby & Kids,car seat,generic,compare car seat,confronta seggiolino auto,Kindersitz vergleich
q2f5532538,Apparel & Accessories,running jacket,generic,running jacket offers,offerte giacca da corsa,Laufjacke angebote
q465e38d59,Apparel & Accessories,running shoes,branded,Adidas Ultraboost 22 price,Adidas Ultraboost 22 prezzo,Adidas Ultraboost 22 preis
q60b12edeb,Sporting Goods,tennis racket,branded,Babolat Pure Aero review,Babolat Pure Aero recensione,Babolat Pure Aero test
qdcca25f67,Apparel & Accessories,football boots,generic,buy football boots,acquista scarpe da calcio,Fußballschuhe kaufen
q1553ad413,Home & Garden,robot vacuum cleaner,branded,Dreame L20 Ultra offers,Dreame L20 Ultra offerte,Dreame L20 Ultra angebote
q96b1e3e12,Sporting Goods,stand up paddle,generic,where to buy stand up paddle,dove comprare stand up paddle,wo Stand-Up-Paddle kaufen
q574cf46a3,Electronics,digital camera,branded,Fujifilm X100VI,Fujifilm X100VI,Fujifilm X100VI
q094b56565,Apparel & Accessories,sneakers,branded,Adidas Stan Smith price,Adidas Stan Smith prezzo,Adidas Stan Smith preis
q94bad8c7c,Electronics,Bluetooth speaker,generic,Bluetooth speaker professional,speaker Bluetooth professionale,professioneller Bluetooth-Lautsprecher
qe20602ecb,Electronics,smartphone,branded,Google Pixel 9 offers,Google Pixel 9 offerte,Google Pixel 9 angebote
qc68861469,Apparel & Accessories,loafers,generic,loafers online,mocassini online,Loafer online
q6fdf27ac1,Apparel & Accessories,basketball shoes,generic,basketball shoes for beginners,scarpe da basket per principianti,Basketballschuhe für anfänger
q1a333034f,Home & Garden,monitor arm,generic,monitor arm offers,offerte braccio per monitor,Monitorhalterung angebote
qd7488abca,Home & Garden,capsule coffee machine,branded,buy Nespresso Vertuo Next,acquista Nespresso Vertuo Next,Nespresso Vertuo Next kaufen
q40942438a,Apparel & Accessories,smartwatch,generic,smartwatch for beginners,smartwatch per principianti,Smartwatch für anfänger
qfeea8fe30,Apparel & Accessories,sports bra,generic,sports bra rating,valutazione reggiseno sportivo,Sport-BH bewertung
q82c1d75c0,Sporting Goods,road bike,generic,road bike amazon,bici da strada amazon,Rennrad amazon
q7f1fe2ec2,Sporting Goods,surf board,generic,buy surf board,acquista tavola da surf,Surfbrett kaufen
qa2bf137be,Apparel & Accessories,loafers,generic,loafers rating,valutazione mocassini,Loafer bewertung
q2241f505d,Electronics,drone with camera,branded,DJI Air 3,DJI Air 3,DJI Air 3
qc47673ce6,Electronics,USB-C cable,generic,USB-C cable offers,offerte cavo USB-C,USB-C-Kabel angebote
qca3e00147,Baby & Kids,scooter kids,generic,scooter kids offers,offerte monopattino bambini,Kinderroller angebote
q89df0096d,Apparel & Accessories,compression socks,generic,compression socks specs,specifiche calze a compressione,Kompressionssocken technische daten
q31445e02e,Apparel & Accessories,tennis shoes,generic,top tennis shoes,top scarpe da tennis,top Tennisschuhe
qe72611f2f,Beauty & Personal Care,vitamin C serum,generic,vitamin C serum online,siero vitamina C online,Vitamin-C-Serum online
q9a175af3d,Baby & Kids,children bicycle,branded,woom 4 offers,woom 4 offerte,woom 4 angebote
qc8d4ef721,Electronics,vinyl record player,generic,vinyl record player rating,valutazione giradischi,Plattenspieler bewertung
q1ab527525,Apparel & Accessories,football boots,branded,Adidas Copa Pure 2 offers,Adidas Copa Pure 2 offerte,Adidas Copa Pure 2 angebote
q42403d9be,Baby & Kids,LEGO,generic,LEGO price,prezzo LEGO,LEGO preis
q7c427ca54,Electronics,camera bag,generic,camera bag review,recensione borsa per fotocamera,Kameratasche test
q5863916ff,Baby & Kids,baby stroller,generic,buy baby stroller,acquista passeggino,Kinderwagen kaufen
q5891ba8cd,Home & Garden,hair straightener,generic,hair straightener review,recensione piastra per capelli,Haarglätter test
qeca90fe9e,Apparel & Accessories,loafers,generic,best loafers,migliori mocassini,bestes Loafer
q1a30d23c1,Electronics,flagship smartphone,generic,flagship smartphone sale,smartphone top di gamma saldi,Flagship-Smartphone sale
qdad75c934,Electronics,portable speaker,generic,top portable speaker,top altoparlante portatile,top Portabler Lautsprecher
qc1bcbb23c,Home & Garden,capsule coffee machine,branded,Nespresso Vertuo Next offers,Nespresso Vertuo Next offerte,Nespresso Vertuo Next angebote
qd9fc460f4,Apparel & Accessories,sandals,generic,sandals sale,sandali saldi,Sandalen sale
qf1e5dc1ad,Apparel & Accessories,polo shirt,generic,polo shirt for beginners,polo per principianti,Poloshirt für anfänger
q5123bbdd6,Electronics,iPad,generic,iPad offers,offerte iPad,iPad angebote
qf2cc4a7b0,Electronics,portable speaker,generic,buy portable speaker online,comprare altoparlante portatile online,Portabler Lautsprecher online kaufen
q8034af0c0,Home & Garden,standing desk,branded,Uplift V2 price,Uplift V2 prezzo,Uplift V2 preis
qa4503453e,Sporting Goods,exercise bike,branded,Peloton Bike+ offers,Peloton Bike+ offerte,Peloton Bike+ angebote
qd18a60210,Sporting Goods,road bike,branded,buy BMC Teammachine SLR,acquista BMC Teammachine SLR,BMC Teammachine SLR kaufen
qc01d5b84c,Electronics,smart TV,generic,buy smart TV online,comprare smart TV online,Smart-TV online kaufen
q9479f8e5f,Apparel & Accessories,fitness tracker,generic,fitness tracker price,prezzo fitness tracker,Fitness-Tracker preis
q6cccb7192,Sporting Goods,sleeping bag,branded,Sea to Summit Spark Pro price,Sea to Summit Spark Pro prezzo,Sea to Summit Spark Pro preis
q1f05cfa8b,Apparel & Accessories,running shoes,branded,On Cloudmonster,On Cloudmonster,On Cloudmonster
q374895f8e,Home & Garden,vacuum cleaner,branded,Miele Complete C3 Brilliant,Miele Complete C3 Brilliant,Miele Complete C3 Brilliant
qc7f04afcd,Electronics,noise cancelling headphones,branded,Apple AirPods Max price,Apple AirPods Max prezzo,Apple AirPods Max preis
qc3c4296d2,Electronics,webcam,generic,compare webcam,confronta webcam,Webcam vergleich
q139c42512,Baby & Kids,baby carrier,generic,buy baby carrier online,comprare marsupio neonato online,Babytrage online kaufen
q34abb9888,Sporting Goods,stand up paddle,generic,stand up paddle online,stand up paddle online,Stand-Up-Paddle online
q3c998161c,Home & Garden,humidifier,generic,humidifier for beginners,umidificatore per principianti,Luftbefeuchter für anfänger
q6a2761f97,Home & Garden,office chair,generic,office chair,sedia da ufficio,Bürostuhl
qd3ab1c60e,Sporting Goods,GPS running watch,generic,GPS running watch review,recensione orologio GPS corsa,GPS-Laufuhr test
qff6de8d46,Home & Garden,smart doorbell,generic,buy smart doorbell online,comprare videocitofono smart online,Video-Türklingel online kaufen
qb6fd84349,Sporting Goods,treadmill,generic,compare treadmill,confronta tapis roulant,Laufband vergleich
q30733eb98,Sporting Goods,tennis racket,branded,Babolat Pure Aero,Babolat Pure Aero,Babolat Pure Aero
q0cd8aa30a,Electronics,laptop,branded,ASUS ZenBook Pro offers,ASUS ZenBook Pro offerte,ASUS ZenBook Pro angebote
q36e24da58,Home & Garden,standing desk,generic,standing desk review,recensione scrivania regolabile,Höhenverstellbarer Schreibtisch test
q0d4963292,Apparel & Accessories,football boots,generic,football boots professional,scarpe da calcio professionale,professioneller Fußballschuhe
q343e3f37f,Sporting Goods,protein powder,branded,Huel Black Edition,Huel Black Edition,Huel Black Edition
q4ce5c3955,Sporting Goods,ski boots,branded,Salomon S/Pro 130 price,Salomon S/Pro 130 prezzo,Salomon S/Pro 130 preis
qed1ef860d,Home & Garden,smart lighting,generic,smart lighting professional,illuminazione smart professionale,professioneller Smarte Beleuchtung
q9b692acfd,Electronics,OLED television,generic,OLED television online,televisore OLED online,OLED-Fernseher online
qdfdd2938d,Electronics,laptop,branded,Lenovo ThinkPad X1 Carbon offers,Lenovo ThinkPad X1 Carbon offerte,Lenovo ThinkPad X1 Carbon angebote
qf17c2df06,Home & Garden,air purifier,branded,Dyson Purifier Hot+Cool offers,Dyson Purifier Hot+Cool offerte,Dyson Purifier Hot+Cool angebote
q342f1e277,Home & Garden,air fryer,branded,Philips Airfryer XXL review,Philips Airfryer XXL recensione,Philips Airfryer XXL test
q47c09733b,Electronics,phone case,generic,compare phone case,confronta custodia per telefono,Handyhülle vergleich
q96a1b2fad,Electronics,VR headset,generic,VR headset under 500,visore VR sotto 500 euro,VR-Headset unter 500 euro
qde213dd74,Electronics,digital camera,branded,Canon PowerShot G7X Mark III review,Canon PowerShot G7X Mark III recensione,Canon PowerShot G7X Mark III test
q72e92d2b2,Beauty & Personal Care,nail polish,generic,best nail polish,migliori smalto per unghie,bestes Nagellack
q151dc8e82,Home & Garden,smart lighting,generic,where to buy smart lighting,dove comprare illuminazione smart,wo Smarte Beleuchtung kaufen
q07062ef16,Electronics,earbuds,branded,buy OnePlus Buds 3,acquista OnePlus Buds 3,OnePlus Buds 3 kaufen
q9214b651a,Home & Garden,espresso machine,generic,espresso machine price,prezzo macchina per espresso,Espressomaschine preis
q568399658,Sporting Goods,basketball,generic,basketball under 500,pallone da basket sotto 500 euro,Basketball unter 500 euro
q5461cbbca,Apparel & Accessories,winter jacket,generic,winter jacket,giacca invernale,Winterjacke
q59fa6677a,Sporting Goods,treadmill,branded,NordicTrack Commercial 1750,NordicTrack Commercial 1750,NordicTrack Commercial 1750
q78507bcfd,Baby & Kids,baby stroller,generic,baby stroller offers,offerte passeggino,Kinderwagen angebote
q544e790b7,Apparel & Accessories,down jacket,generic,down jacket 2024,piumino 2024,Daunenjacke 2024
q401911a2d,Electronics,smartphone,branded,Google Pixel 9,Google Pixel 9,Google Pixel 9
qc9b4a6209,Electronics,portable speaker,generic,buy portable speaker,acquista altoparlante portatile,Portabler Lautsprecher kaufen
q993c2371e,Apparel & Accessories,smartwatch,branded,Garmin Epix Gen 2 price,Garmin Epix Gen 2 prezzo,Garmin Epix Gen 2 preis
qc4a6a2f1f,Electronics,VR headset,generic,VR headset offers,offerte visore VR,VR-Headset angebote
q5e57627e2,Home & Garden,smart doorbell,generic,buy smart doorbell,acquista videocitofono smart,Video-Türklingel kaufen
qb1c053eb8,Baby & Kids,baby monitor,generic,compare baby monitor,confronta baby monitor,Babyphone vergleich
q417d1f7c4,Sporting Goods,cycling helmet,generic,cycling helmet sale,casco da bici saldi,Fahrradhelm sale
qeb9266a83,Home & Garden,robot vacuum cleaner,branded,Dyson 360 Vis Nav price,Dyson 360 Vis Nav prezzo,Dyson 360 Vis Nav preis
qc8a65b95d,Beauty & Personal Care,vitamin C serum,generic,vitamin C serum offers,offerte siero vitamina C,Vitamin-C-Serum angebote
qb6826afa0,Apparel & Accessories,hiking boots,branded,Scarpa Zodiac Plus GTX,Scarpa Zodiac Plus GTX,Scarpa Zodiac Plus GTX
qe536488d4,Apparel & Accessories,sports bra,generic,sports bra review,recensione reggiseno sportivo,Sport-BH test
q56b355672,Home & Garden,hair dryer,branded,ghd Helios review,ghd Helios recensione,ghd Helios test
qe52170bdf,Electronics,digital camera,branded,Fujifilm X100VI offers,Fujifilm X100VI offerte,Fujifilm X100VI angebote
qa4c386fc4,Apparel & Accessories,down jacket,generic,top down jacket,top piumino,top Daunenjacke
q4475629f4,Apparel & Accessories,backpack,generic,backpack review,recensione zaino,Rucksack test
qc0b20a234,Electronics,laptop,generic,laptop deals,laptop occasioni,Laptop schnäppchen
q5cd9731a9,Electronics,external hard drive,generic,external hard drive review,recensione hard disk esterno,Externe Festplatte test
q1aa121a30,Sporting Goods,stand up paddle,generic,stand up paddle amazon,stand up paddle amazon,Stand-Up-Paddle amazon
q3d91e9b08,Baby & Kids,LEGO,generic,best value LEGO,LEGO miglior rapporto qualità prezzo,bestes preis-leistungs LEGO
q303b797c4,Apparel & Accessories,running shoes,branded,Adidas Supernova Rise offers,Adidas Supernova Rise offerte,Adidas Supernova Rise angebote
q280bdb737,Baby & Kids,baby stroller,branded,Chicco Trio Sprint price,Chicco Trio Sprint prezzo,Chicco Trio Sprint preis
q1b446c621,Apparel & Accessories,running shoes,branded,Adidas Terrex Speed Ultra price,Adidas Terrex Speed Ultra prezzo,Adidas Terrex Speed Ultra preis
q3379518d7,Home & Garden,standing desk,generic,standing desk offers,offerte scrivania regolabile,Höhenverstellbarer Schreibtisch angebote
q977e584ad,Sporting Goods,dumbbell set,generic,compare dumbbell set,confronta set manubri,Hantelset vergleich
q1d5e7c0d0,Home & Garden,security camera,generic,buy security camera,acquista telecamera di sicurezza,Sicherheitskamera kaufen
q644a277b3,Electronics,camera bag,generic,camera bag,borsa per fotocamera,Kameratasche
qf97a96d05,Electronics,digital camera,branded,Fujifilm X100VI price,Fujifilm X100VI prezzo,Fujifilm X100VI preis
q0ee4917a6,Home & Garden,blender,generic,best blender,migliori frullatore,bestes Mixer
q5dbfcba3e,Electronics,vinyl record player,generic,vinyl record player for beginners,giradischi per principianti,Plattenspieler für anfänger
q0cba101e2,Electronics,monitor,branded,Dell UltraSharp U2722D price,Dell UltraSharp U2722D prezzo,Dell UltraSharp U2722D preis
qfce8a094f,Electronics,laptop,branded,Lenovo IdeaPad 5 offers,Lenovo IdeaPad 5 offerte,Lenovo IdeaPad 5 angebote
q84be67471,Sporting Goods,GPS running watch,branded,Suunto Race review,Suunto Race recensione,Suunto Race test
q494b15f47,Sporting Goods,ski helmet,generic,ski helmet rating,valutazione casco da sci,Skihelm bewertung
qb02fbd178,Electronics,gaming controller,generic,top gaming controller,top controller gaming,top Gaming-Controller
q5cd2708a9,Apparel & Accessories,football boots,generic,best football boots,migliori scarpe da calcio,bestes Fußballschuhe
qa9ab15f59,Apparel & Accessories,running shoes,branded,Adidas Ultraboost 22,Adidas Ultraboost 22,Adidas Ultraboost 22
qb6b309f5d,Apparel & Accessories,loafers,generic,best value loafers,mocassini miglior rapporto qualità prezzo,bestes preis-leistungs Loafer
qeefe65418,Electronics,gaming console,branded,buy Nintendo Switch OLED,acquista Nintendo Switch OLED,Nintendo Switch OLED kaufen
q94c3e37be,Home & Garden,espresso machine,generic,espresso machine,macchina per espresso,Espressomaschine
qa13763a31,Electronics,VR headset,generic,where to buy VR headset,dove comprare visore VR,wo VR-Headset kaufen
q63edc28dd,Electronics,projector,generic,projector offers,offerte proiettore,Beamer angebote
q3cb58bf81,Beauty & Personal Care,perfume,branded,Dior Sauvage review,Dior Sauvage recensione,Dior Sauvage test
qee5c8709b,Sporting Goods,surf board,generic,best surf board,migliori tavola da surf,bestes Surfbrett
q9ce57b993,Apparel & Accessories,backpack,generic,best backpack,migliori zaino,bestes Rucksack
q31615533b,Electronics,smart TV,generic,smart TV specs,specifiche smart TV,Smart-TV technische daten
qec781d0e1,Sporting Goods,basketball,generic,cheap basketball,pallone da basket economici,günstiger Basketball
qdabffad43,Home & Garden,electric razor,generic,electric razor,rasoio elettrico,Elektrorasierer
qc77578542,Home & Garden,office chair,generic,office chair under 500,sedia da ufficio sotto 500 euro,Bürostuhl unter 500 euro
q3ce7800f0,Electronics,USB-C cable,generic,compare USB-C cable,confronta cavo USB-C,USB-C-Kabel vergleich
qc93934a6c,Electronics,smartphone,generic,smartphone under 500,smartphone sotto 500 euro,Smartphone unter 500 euro
qad532085c,Apparel & Accessories,running shoes,generic,running shoes 2024,scarpe da corsa 2024,Laufschuhe 2024
qbb80f54a8,Home & Garden,standing desk,branded,buy Flexispot E7,acquista Flexispot E7,Flexispot E7 kaufen
qccb140fc4,Electronics,power bank,branded,Belkin BPB011 review,Belkin BPB011 recensione,Belkin BPB011 test
q88dc592e5,Apparel & Accessories,down jacket,generic,down jacket rating,valutazione piumino,Daunenjacke bewertung
q271416ad4,Apparel & Accessories,boots,generic,boots under 500,stivali sotto 500 euro,Stiefel unter 500 euro
qd730787ca,Electronics,external hard drive,generic,external hard drive for beginners,hard disk esterno per principianti,Externe Festplatte für anfänger
q0ffb18f8a,Sporting Goods,cycling helmet,branded,POC Ventral Air Mips price,POC Ventral Air Mips prezzo,POC Ventral Air Mips preis
q0df17057a,Home & Garden,hair straightener,generic,hair straightener 2024,piastra per capelli 2024,Haarglätter 2024
q0ed629a34,Sporting Goods,foam roller,generic,best value foam roller,foam roller miglior rapporto qualità prezzo,bestes preis-leistungs Schaumstoffrolle
q58d32b50d,Electronics,earbuds,branded,Apple AirPods Pro 2 offers,Apple AirPods Pro 2 offerte,Apple AirPods Pro 2 angebote
q2ab06e509,Electronics,earbuds,generic,buy earbuds,acquista auricolari,Ohrstöpsel kaufen
qc69af0c46,Electronics,laptop,branded,buy ASUS ZenBook Pro,acquista ASUS ZenBook Pro,ASUS ZenBook Pro kaufen
qf40249bd3,Apparel & Accessories,sports bag,generic,best value sports bag,borsa sportiva miglior rapporto qualità prezzo,bestes preis-leistungs Sporttasche
q46b16082d,Sporting Goods,treadmill,branded,Peloton Tread review,Peloton Tread recensione,Peloton Tread test
q4f5e864a3,Electronics,projector,generic,projector rating,valutazione proiettore,Beamer bewertung
q15a339b7b,Apparel & Accessories,polo shirt,generic,polo shirt online,polo online,Poloshirt online
q3f3d55c97,Beauty & Personal Care,retinol cream,generic,retinol cream rating,valutazione crema al retinolo,Retinol-Creme bewertung
qec1ec2d72,Electronics,business laptop,generic,business laptop price,prezzo laptop business,Business-Laptop preis
q6882ab517,Electronics,phone case,generic,phone case amazon,custodia per telefono amazon,Handyhülle amazon
qeca580354,Electronics,webcam,branded,Elgato Facecam Pro price,Elgato Facecam Pro prezzo,Elgato Facecam Pro preis
q2c887e346,Home & Garden,stand mixer,generic,best stand mixer,migliori impastatrice,bestes Küchenmaschine
q34b303f9e,Apparel & Accessories,sunglasses,branded,Oakley Radar EV Path review,Oakley Radar EV Path recensione,Oakley Radar EV Path test
q170527b33,Apparel & Accessories,loafers,generic,loafers deals,mocassini occasioni,Loafer schnäppchen
q97082103b,Electronics,Bluetooth speaker,generic,Bluetooth speaker under 100,speaker Bluetooth sotto 100 euro,Bluetooth-Lautsprecher unter 100 euro
q9dd818e20,Apparel & Accessories,sports bag,generic,sports bag online,borsa sportiva online,Sporttasche online
q84ab57e5f,Sporting Goods,tennis racket,branded,Head Prestige MP price,Head Prestige MP prezzo,Head Prestige MP preis
q524b61164,Home & Garden,smart doorbell,generic,smart doorbell amazon,videocitofono smart amazon,Video-Türklingel amazon
q0b00debc6,Apparel & Accessories,athletic shoes,generic,buy athletic shoes online,comprare scarpe sportive online,Sportschuhe online kaufen
qb583a93cd,Apparel & Accessories,down jacket,generic,down jacket review,recensione piumino,Daunenjacke test
q873b01b00,Electronics,camera bag,generic,where to buy camera bag,dove comprare borsa per fotocamera,wo Kameratasche kaufen
q826de65fb,Electronics,streaming device,generic,buy streaming device,acquista dispositivo streaming,Streaming-Gerät kaufen
qf3aa5c2c3,Sporting Goods,surf board,generic,where to buy surf board,dove comprare tavola da surf,wo Surfbrett kaufen
q1107c5d99,Sporting Goods,cycling helmet,branded,buy Bell Z20 MIPS,acquista Bell Z20 MIPS,Bell Z20 MIPS kaufen
qacae6e127,Home & Garden,smart doorbell,generic,cheap smart doorbell,videocitofono smart economici,günstiger Video-Türklingel
q863913f22,Electronics,earbuds,branded,Google Pixel Buds Pro,Google Pixel Buds Pro,Google Pixel Buds Pro
q934d5759e,Electronics,screen protector,generic,screen protector,protezione schermo,Displayschutzfolie
q029140c11,Electronics,digital camera,branded,Nikon Z6 II,Nikon Z6 II,Nikon Z6 II
q172a9f9a7,Home & Garden,electric toothbrush,generic,buy electric toothbrush,acquista spazzolino elettrico,Elektrische Zahnbürste kaufen
q59c3ca154,Electronics,flagship smartphone,generic,flagship smartphone under 100,smartphone top di gamma sotto 100 euro,Flagship-Smartphone unter 100 euro
qfac05c16e,Home & Garden,blender,generic,blender price,prezzo frullatore,Mixer preis
q5b33c5ecc,Apparel & Accessories,sports bag,generic,sports bag specs,specifiche borsa sportiva,Sporttasche technische daten
q29bb79868,Sporting Goods,energy gel,generic,energy gel specs,specifiche gel energetico,Energiegel technische daten
q51d67dbbf,Electronics,soundbar,generic,soundbar online,soundbar online,Soundbar online
q5cf10bbd4,Electronics,mechanical keyboard,generic,mechanical keyboard,tastiera meccanica,Mechanische Tastatur
q567547de5,Home & Garden,smart lighting,branded,Philips Hue Starter Kit,Philips Hue Starter Kit,Philips Hue Starter Kit
q48ec61653,Beauty & Personal Care,perfume,branded,Versace Eros price,Versace Eros prezzo,Versace Eros preis
q121b841e7,Sporting Goods,exercise bike,generic,where to buy exercise bike,dove comprare cyclette,wo Heimtrainer kaufen
q96f2f6f05,Apparel & Accessories,running watch,generic,running watch 2024,orologio da corsa 2024,Laufuhr 2024
qab964cb85,Apparel & Accessories,running shoes,branded,Salomon Speedcross 6 review,Salomon Speedcross 6 recensione,Salomon Speedcross 6 test
q7bec4ca61,Electronics,action camera,generic,action camera 2024,action camera 2024,Action-Kamera 2024
q2e7897b29,Home & Garden,smart thermostat,branded,Hive Active Heating,Hive Active Heating,Hive Active Heating
qacb9d3192,Electronics,phone case,generic,where to buy phone case,dove comprare custodia per telefono,wo Handyhülle kaufen
qd0e1629cf,Electronics,flagship smartphone,generic,flagship smartphone specs,specifiche smartphone top di gamma,Flagship-Smartphone technische daten
q6e23955e5,Home & Garden,humidifier,generic,humidifier 2024,umidificatore 2024,Luftbefeuchter 2024
q503f6146e,Sporting Goods,e-bike,generic,e-bike under 100,bici elettrica sotto 100 euro,E-Bike unter 100 euro
q6a4b5c0e3,Beauty & Personal Care,perfume,branded,buy Versace Eros,acquista Versace Eros,Versace Eros kaufen
q726060322,Home & Garden,smart doorbell,branded,Ring Video Doorbell Pro 2 review,Ring Video Doorbell Pro 2 recensione,Ring Video Doorbell Pro 2 test
qd37c8a0d6,Electronics,soundbar,branded,LG SP9YA offers,LG SP9YA offerte,LG SP9YA angebote
q628038bea,Home & Garden,espresso machine,generic,espresso machine rating,valutazione macchina per espresso,Espressomaschine bewertung
qc207db1b0,Electronics,gaming controller,generic,gaming controller rating,valutazione controller gaming,Gaming-Controller bewertung
q737ef9208,Apparel & Accessories,sneakers,branded,Adidas Stan Smith offers,Adidas Stan Smith offerte,Adidas Stan Smith angebote
q3790f31fb,Electronics,smart TV,generic,smart TV rating,valutazione smart TV,Smart-TV bewertung
qc98b7a5dd,Electronics,laptop stand,generic,where to buy laptop stand,dove comprare supporto laptop,wo Laptop-Ständer kaufen
q9eb8a1584,Apparel & Accessories,running shoes,branded,buy Hoka Mach 6,acquista Hoka Mach 6,Hoka Mach 6 kaufen
qc61b3e490,Apparel & Accessories,running watch,generic,where to buy running watch,dove comprare orologio da corsa,wo Laufuhr kaufen
q1f3c06038,Sporting Goods,foam roller,generic,cheap foam roller,foam roller economici,günstiger Schaumstoffrolle
qb00071030,Apparel & Accessories,hiking boots,generic,best value hiking boots,scarpe da trekking miglior rapporto qualità prezzo,bestes preis-leistungs Wanderstiefel
q954025f3b,Home & Garden,smart lighting,branded,Philips Hue Starter Kit offers,Philips Hue Starter Kit offerte,Philips Hue Starter Kit angebote
q8cef11687,Sporting Goods,energy gel,generic,energy gel review,recensione gel energetico,Energiegel test
q84a441631,Electronics,DAC amplifier,generic,cheap DAC amplifier,DAC amplificatore economici,günstiger DAC Verstärker
q481ae40af,Apparel & Accessories,running watch,generic,compare running watch,confronta orologio da corsa,Laufuhr vergleich
q7e2c01cb3,Baby & Kids,baby monitor,generic,best value baby monitor,baby monitor miglior rapporto qualità prezzo,bestes preis-leistungs Babyphone
q71ce924df,Sporting Goods,GPS running watch,branded,Garmin Forerunner 955 price,Garmin Forerunner 955 prezzo,Garmin Forerunner 955 preis
qf7a09cf0b,Electronics,gaming desk,generic,gaming desk offers,offerte scrivania gaming,Gaming-Schreibtisch angebote
q21f7e4c62,Electronics,tablet,branded,buy Microsoft Surface Pro 10,acquista Microsoft Surface Pro 10,Microsoft Surface Pro 10 kaufen
q07a024d3b,Beauty & Personal Care,perfume,branded,Chanel N°5 review,Chanel N°5 recensione,Chanel N°5 test
q235b6ceee,Electronics,gaming laptop,branded,ASUS ROG Zephyrus G14,ASUS ROG Zephyrus G14,ASUS ROG Zephyrus G14
q90ecd5a3e,Sporting Goods,yoga mat,generic,yoga mat under 100,tappetino yoga sotto 100 euro,Yogamatte unter 100 euro
qb912dcdc8,Apparel & Accessories,boots,generic,where to buy boots,dove comprare stivali,wo Stiefel kaufen
q09ff0d7eb,Sporting Goods,treadmill,generic,best treadmill,migliori tapis roulant,bestes Laufband
q5247dfa04,Sporting Goods,camping tent,branded,MSR Hubba Hubba NX 2,MSR Hubba Hubba NX 2,MSR Hubba Hubba NX 2
q55d68422d,Electronics,camera lens,generic,top camera lens,top obiettivo fotografico,top Kameraobjektiv
q313bcadbc,Apparel & Accessories,sports bra,generic,compare sports bra,confronta reggiseno sportivo,Sport-BH vergleich
q8e2f2d25d,Electronics,USB-C cable,generic,buy USB-C cable online,comprare cavo USB-C online,USB-C-Kabel online kaufen
q9995f1e5c,Apparel & Accessories,sports bra,generic,best value sports bra,reggiseno sportivo miglior rapporto qualità prezzo,bestes preis-leistungs Sport-BH
qfd7283d1a,Home & Garden,smart lighting,branded,Philips Hue Starter Kit price,Philips Hue Starter Kit prezzo,Philips Hue Starter Kit preis
qdc6fbb26e,Home & Garden,electric razor,generic,electric razor under 100,rasoio elettrico sotto 100 euro,Elektrorasierer unter 100 euro
q3cdb39698,Sporting Goods,sleeping bag,generic,sleeping bag offers,offerte sacco a pelo,Schlafsack angebote
q4f44d5fe0,Electronics,instant camera,generic,instant camera under 500,fotocamera istantanea sotto 500 euro,Sofortbildkamera unter 500 euro
q7c713a054,Sporting Goods,heart rate monitor,generic,heart rate monitor price,prezzo cardiofrequenzimetro,Herzfrequenzmesser preis
qfd30a0dfa,Apparel & Accessories,running shoes,branded,buy New Balance 574,acquista New Balance 574,New Balance 574 kaufen
qf1c3a4303,Electronics,action camera,branded,buy DJI Osmo Action 4,acquista DJI Osmo Action 4,DJI Osmo Action 4 kaufen
qaa5fb8f05,Sporting Goods,resistance bands,generic,resistance bands under 500,elastici fitness sotto 500 euro,Fitnessbänder unter 500 euro
qa9dab2fd7,Electronics,webcam,generic,webcam specs,specifiche webcam,Webcam technische daten
q8f8c7ed45,Home & Garden,smart doorbell,generic,top smart doorbell,top videocitofono smart,top Video-Türklingel
q87e0f2d34,Electronics,camera lens,generic,camera lens amazon,obiettivo fotografico amazon,Kameraobjektiv amazon
qfe789d375,Electronics,tablet,branded,Lenovo Tab P12 Pro price,Lenovo Tab P12 Pro prezzo,Lenovo Tab P12 Pro preis
qa47104a62,Electronics,camera bag,generic,camera bag under 500,borsa per fotocamera sotto 500 euro,Kameratasche unter 500 euro
qe34dd7cc1,Sporting Goods,e-bike,generic,e-bike deals,bici elettrica occasioni,E-Bike schnäppchen
q7111853a8,Electronics,noise cancelling headphones,generic,buy noise cancelling headphones,acquista cuffie noise cancelling,Noise-Cancelling-Kopfhörer kaufen
q1a6e0d426,Apparel & Accessories,running shoes,branded,ASICS Gel-Kayano 30 price,ASICS Gel-Kayano 30 prezzo,ASICS Gel-Kayano 30 preis
q4403d9c2a,Home & Garden,blender,generic,top blender,top frullatore,top Mixer
qe96596409,Electronics,4K television,generic,buy 4K television online,comprare televisore 4K online,4K-Fernseher online kaufen
q14f6f00a1,Electronics,gaming chair,generic,buy gaming chair,acquista sedia gaming,Gaming-Stuhl kaufen
q3ef471b1c,Home & Garden,robot vacuum cleaner,generic,robot vacuum cleaner specs,specifiche aspirapolvere robot,Saugroboter technische daten
q376c1c1f4,Electronics,gaming headset,generic,gaming headset 2024,headset gaming 2024,Gaming-Headset 2024
q39c5cda77,Electronics,gaming headset,generic,buy gaming headset online,comprare headset gaming online,Gaming-Headset online kaufen
q13490e2c6,Apparel & Accessories,running shoes,generic,running shoes review,recensione scarpe da corsa,Laufschuhe test
q7132ceb4e,Electronics,earbuds,generic,earbuds review,recensione auricolari,Ohrstöpsel test
qc45ec09c5,Sporting Goods,ski helmet,generic,ski helmet under 100,casco da sci sotto 100 euro,Skihelm unter 100 euro
qb568a70b8,Home & Garden,food processor,generic,food processor deals,robot da cucina occasioni,Küchenmaschine schnäppchen
q16715d718,Home & Garden,instant pot,generic,instant pot under 100,pentola a pressione sotto 100 euro,Schnellkochtopf unter 100 euro
qf92403889,Electronics,SSD,generic,SSD offers,offerte SSD,SSD angebote
q516fb6498,Electronics,gaming mouse,branded,buy Steelseries Aerox 5,acquista Steelseries Aerox 5,Steelseries Aerox 5 kaufen
q507786baf,Electronics,smartphone,branded,buy OnePlus 12,acquista OnePlus 12,OnePlus 12 kaufen
qd56b3262f,Electronics,screen protector,generic,screen protector professional,protezione schermo professionale,professioneller Displayschutzfolie
qb6ab5d4c3,Electronics,mechanical keyboard,branded,Razer BlackWidow V4 review,Razer BlackWidow V4 recensione,Razer BlackWidow V4 test
q88f3076d0,Electronics,DSLR camera,generic,DSLR camera under 500,reflex digitale sotto 500 euro,Spiegelreflexkamera unter 500 euro
q13b6c1d2e,Sporting Goods,road bike,branded,Bianchi Oltre RC price,Bianchi Oltre RC prezzo,Bianchi Oltre RC preis
q9feb02637,Electronics,Android tablet,generic,cheap Android tablet,tablet Android economici,günstiger Android-Tablet
q6434ca27c,Electronics,projector,generic,projector amazon,proiettore amazon,Beamer amazon
q9ca4fad44,Beauty & Personal Care,vitamin C serum,branded,The Ordinary Vitamin C Suspension 23% price,The Ordinary Vitamin C Suspension 23% prezzo,The Ordinary Vitamin C Suspension 23% preis
q20f35e4d7,Electronics,smart TV,generic,smart TV amazon,smart TV amazon,Smart-TV amazon
q26c230988,Apparel & Accessories,down jacket,generic,down jacket under 100,piumino sotto 100 euro,Daunenjacke unter 100 euro
q0d395e746,Electronics,home cinema system,generic,cheap home cinema system,sistema home cinema economici,günstiger Heimkinosystem
q1194b0a3f,Apparel & Accessories,compression socks,generic,compression socks price,prezzo calze a compressione,Kompressionssocken preis
q3179d907d,Sporting Goods,football,generic,football,pallone da calcio,Fußball
qb9d11df6e,Sporting Goods,ski boots,generic,top ski boots,top scarponi da sci,top Skischuhe
q654c1015e,Home & Garden,office chair,generic,office chair professional,sedia da ufficio professionale,professioneller Bürostuhl
qfbeb6872f,Electronics,noise cancelling headphones,branded,Apple AirPods Max review,Apple AirPods Max recensione,Apple AirPods Max test
q3ccdce55d,Home & Garden,air fryer,generic,best value air fryer,friggitrice ad aria miglior rapporto qualità prezzo,bestes preis-leistungs Heißluftfritteuse
q4caba1243,Electronics,gaming laptop,branded,Lenovo Legion 5 Pro price,Lenovo Legion 5 Pro prezzo,Lenovo Legion 5 Pro preis
qce75e5392,Sporting Goods,trekking poles,generic,best trekking poles,migliori bastoni da trekking,bestes Wanderstöcke
q0bb6eab1d,Electronics,wireless charger,generic,buy wireless charger,acquista caricatore wireless,Kabelloses Ladegerät kaufen
q903fd2c29,Home & Garden,electric toothbrush,generic,electric toothbrush 2024,spazzolino elettrico 2024,Elektrische Zahnbürste 2024
qe7c2baf45,Electronics,gaming headset,generic,best gaming headset,migliori headset gaming,bestes Gaming-Headset
q0ec766e8a,Home & Garden,capsule coffee machine,branded,buy Keurig K-Elite,acquista Keurig K-Elite,Keurig K-Elite kaufen
q0c5300440,Electronics,SSD,generic,SSD online,SSD online,SSD online
q12af311eb,Electronics,wireless charger,generic,best wireless charger,migliori caricatore wireless,bestes Kabelloses Ladegerät
q45c4d5af4,Home & Garden,vacuum cleaner,generic,vacuum cleaner offers,offerte aspirapolvere,Staubsauger angebote
q8055eb072,Baby & Kids,LEGO,generic,LEGO under 100,LEGO sotto 100 euro,LEGO unter 100 euro
q9aad62089,Apparel & Accessories,running shoes,branded,buy Brooks Ghost 16,acquista Brooks Ghost 16,Brooks Ghost 16 kaufen
qba7e6adb0,Sporting Goods,exercise bike,generic,exercise bike specs,specifiche cyclette,Heimtrainer technische daten
q13411afcb,Sporting Goods,GPS running watch,branded,Garmin Forerunner 265 price,Garmin Forerunner 265 prezzo,Garmin Forerunner 265 preis
q913ddcfc4,Electronics,laptop,branded,Microsoft Surface Pro 9 offers,Microsoft Surface Pro 9 offerte,Microsoft Surface Pro 9 angebote
qaa2e10c18,Apparel & Accessories,smartwatch,branded,buy Apple Watch Ultra 2,acquista Apple Watch Ultra 2,Apple Watch Ultra 2 kaufen
qa41d3ffda,Sporting Goods,football,generic,football deals,pallone da calcio occasioni,Fußball schnäppchen
qcf2209bc0,Electronics,gaming laptop,branded,ASUS ROG Zephyrus G14 offers,ASUS ROG Zephyrus G14 offerte,ASUS ROG Zephyrus G14 angebote
q4158bb186,Electronics,gaming mouse,generic,best gaming mouse,migliori mouse gaming,bestes Gaming-Maus
q8bcd54482,Sporting Goods,tennis racket,generic,buy tennis racket online,comprare racchetta da tennis online,Tennisschläger online kaufen
q3f36cb749,Home & Garden,food processor,generic,food processor price,prezzo robot da cucina,Küchenmaschine preis
q4f9823d57,Home & Garden,blender,branded,Vitamix 5200 price,Vitamix 5200 prezzo,Vitamix 5200 preis
q0ac8de7f2,Electronics,tablet,branded,Microsoft Surface Pro 10 price,Microsoft Surface Pro 10 prezzo,Microsoft Surface Pro 10 preis
q9141822ca,Home & Garden,espresso machine,branded,Breville Barista Express review,Breville Barista Express recensione,Breville Barista Express test
q4f5a7526e,Apparel & Accessories,running shoes,branded,Nike Zoom Pegasus 41,Nike Zoom Pegasus 41,Nike Zoom Pegasus 41
qcf1b6dedc,Apparel & Accessories,football boots,generic,football boots specs,specifiche scarpe da calcio,Fußballschuhe technische daten
q7999344cb,Beauty & Personal Care,sunscreen SPF 50,generic,sunscreen SPF 50 sale,crema solare SPF 50 saldi,Sonnencreme SPF 50 sale
qc222cbc06,Electronics,tripod,generic,tripod sale,treppiede saldi,Stativ sale
qc904e8950,Electronics,power bank,branded,Belkin BPB011 price,Belkin BPB011 prezzo,Belkin BPB011 preis
q725daa365,Sporting Goods,heart rate monitor,generic,compare heart rate monitor,confronta cardiofrequenzimetro,Herzfrequenzmesser vergleich
q10b558c59,Electronics,VR headset,generic,VR headset for beginners,visore VR per principianti,VR-Headset für anfänger
q01e9e2e06,Beauty & Personal Care,face moisturiser,generic,where to buy face moisturiser,dove comprare crema idratante viso,wo Gesichtscreme kaufen
q9e3b80b17,Sporting Goods,basketball,generic,best basketball,migliori pallone da basket,bestes Basketball
q64a728082,Electronics,smartphone,branded,Google Pixel 9 Pro price,Google Pixel 9 Pro prezzo,Google Pixel 9 Pro preis
q2ace9e681,Home & Garden,security camera,generic,where to buy security camera,dove comprare telecamera di sicurezza,wo Sicherheitskamera kaufen
qe49188740,Sporting Goods,tennis racket,generic,tennis racket price,prezzo racchetta da tennis,Tennisschläger preis
q2cc9598be,Apparel & Accessories,hiking boots,branded,Merrell Moab 3,Merrell Moab 3,Merrell Moab 3
q4c74db701,Home & Garden,robot vacuum cleaner,generic,robot vacuum cleaner review,recensione aspirapolvere robot,Saugroboter test
q887a28c4e,Home & Garden,blender,branded,Vitamix 5200 offers,Vitamix 5200 offerte,Vitamix 5200 angebote
qd30d52885,Electronics,phone case,branded,Spigen Tough Armor iPhone 15,Spigen Tough Armor iPhone 15,Spigen Tough Armor iPhone 15
q9e867397a,Electronics,phone case,generic,top phone case,top custodia per telefono,top Handyhülle
q5391181dc,Electronics,soundbar,generic,soundbar amazon,soundbar amazon,Soundbar amazon
qb52bbb350,Apparel & Accessories,rain jacket,generic,rain jacket offers,offerte giacca impermeabile,Regenjacke angebote
qfdc69ab81,Apparel & Accessories,polo shirt,generic,where to buy polo shirt,dove comprare polo,wo Poloshirt kaufen
qf047cb429,Home & Garden,capsule coffee machine,generic,buy capsule coffee machine online,comprare macchina caffè capsule online,Kapselkaffeemaschine online kaufen
qd6a875bc1,Apparel & Accessories,compression socks,generic,compression socks online,calze a compressione online,Kompressionssocken online
qafbd509cb,Electronics,monitor,generic,monitor,monitor,Monitor
q7ec9b2a82,Electronics,SSD,generic,SSD professional,SSD professionale,professioneller SSD
q0c9641f19,Home & Garden,blender,branded,Nutribullet Pro 900 review,Nutribullet Pro 900 recensione,Nutribullet Pro 900 test
qeb0d92b7a,Electronics,gaming desk,generic,gaming desk specs,specifiche scrivania gaming,Gaming-Schreibtisch technische daten
q870d92746,Sporting Goods,mountain bike,branded,Giant Trance X Advanced offers,Giant Trance X Advanced offerte,Giant Trance X Advanced angebote
qe297fea85,Electronics,gaming chair,generic,gaming chair professional,sedia gaming professionale,professioneller Gaming-Stuhl
q3124b4077,Apparel & Accessories,winter jacket,generic,winter jacket for beginners,giacca invernale per principianti,Winterjacke für anfänger
q9df9f7274,Beauty & Personal Care,mascara,generic,best mascara,migliori mascara,bestes Mascara
q7458cf3bd,Electronics,VR headset,generic,best VR headset,migliori visore VR,bestes VR-Headset
q79825869f,Home & Garden,coffee machine,branded,buy Siemens EQ.9 Plus,acquista Siemens EQ.9 Plus,Siemens EQ.9 Plus kaufen
q27dfc7d01,Electronics,budget smartphone,generic,budget smartphone review,recensione smartphone economico,Günstiges Smartphone test
qf6b6e83db,Electronics,home cinema system,generic,buy home cinema system,acquista sistema home cinema,Heimkinosystem kaufen
qe03d39683,Apparel & Accessories,sport leggings,generic,sport leggings specs,specifiche leggings sportivi,Sport-Leggings technische daten
q8f810eb4f,Apparel & Accessories,sneakers,branded,Vans Old Skool price,Vans Old Skool prezzo,Vans Old Skool preis
qd8a657e75,Electronics,Android tablet,generic,Android tablet rating,valutazione tablet Android,Android-Tablet bewertung
qf90b0a556,Apparel & Accessories,running shoes,branded,Adidas Ultraboost 22 offers,Adidas Ultraboost 22 offerte,Adidas Ultraboost 22 angebote
qce55228cd,Electronics,gaming controller,branded,Xbox Elite Series 2 price,Xbox Elite Series 2 prezzo,Xbox Elite Series 2 preis
qb2401be68,Sporting Goods,pull-up bar,generic,buy pull-up bar,acquista sbarra per trazioni,Klimmzugstange kaufen
q418566ce2,Apparel & Accessories,hiking boots,generic,buy hiking boots online,comprare scarpe da trekking online,Wanderstiefel online kaufen
qa44ec72c2,Sporting Goods,yoga mat,generic,best value yoga mat,tappetino yoga miglior rapporto qualità prezzo,bestes preis-leistungs Yogamatte
qe62cc645c,Baby & Kids,baby carrier,generic,baby carrier review,recensione marsupio neonato,Babytrage test
qc6b192d2a,Beauty & Personal Care,sunscreen SPF 50,generic,where to buy sunscreen SPF 50,dove comprare crema solare SPF 50,wo Sonnencreme SPF 50 kaufen
qd515bfa9d,Home & Garden,vacuum cleaner,generic,vacuum cleaner review,recensione aspirapolvere,Staubsauger test
qccd4f95e0,Apparel & Accessories,sandals,generic,sandals under 100,sandali sotto 100 euro,Sandalen unter 100 euro
q16c0fef2b,Electronics,DSLR camera,generic,DSLR camera offers,offerte reflex digitale,Spiegelreflexkamera angebote
q5f4cfc377,Electronics,drone with camera,generic,drone with camera specs,specifiche drone con fotocamera,Drohne mit Kamera technische daten
qbd97fdb3b,Baby & Kids,baby carrier,generic,baby carrier under 100,marsupio neonato sotto 100 euro,Babytrage unter 100 euro
qb13bd88ba,Sporting Goods,stand up paddle,generic,stand up paddle professional,stand up paddle professionale,professioneller Stand-Up-Paddle
q37735f71d,Apparel & Accessories,hiking boots,generic,hiking boots professional,scarpe da trekking professionale,professioneller Wanderstiefel
qf9408be23,Electronics,smartphone,branded,buy iPhone 15,acquista iPhone 15,iPhone 15 kaufen
q882832f38,Home & Garden,smart thermostat,branded,Hive Active Heating offers,Hive Active Heating offerte,Hive Active Heating angebote
q8a0edfea3,Home & Garden,stand mixer,generic,stand mixer under 500,impastatrice sotto 500 euro,Küchenmaschine unter 500 euro
q7b9ba0a43,Electronics,in-ear headphones,generic,in-ear headphones deals,auricolari in-ear occasioni,In-Ear-Kopfhörer schnäppchen
qfc65390c3,Home & Garden,blender,branded,Vitamix 5200 review,Vitamix 5200 recensione,Vitamix 5200 test
q550f7b379,Electronics,external hard drive,generic,external hard drive,hard disk esterno,Externe Festplatte
q76ff1dc7f,Baby & Kids,LEGO,generic,LEGO for beginners,LEGO per principianti,LEGO für anfänger
q510bb0364,Home & Garden,monitor arm,generic,monitor arm professional,braccio per monitor professionale,professioneller Monitorhalterung
q069da20f7,Electronics,wireless charger,generic,wireless charger 2024,caricatore wireless 2024,Kabelloses Ladegerät 2024
qc02feea29,Apparel & Accessories,boots,generic,boots offers,offerte stivali,Stiefel angebote
q28d207ca5,Sporting Goods,ski helmet,branded,buy Atomic Backland UL,acquista Atomic Backland UL,Atomic Backland UL kaufen
q4842d4692,Electronics,gaming console,branded,Nintendo Switch 2 price,Nintendo Switch 2 prezzo,Nintendo Switch 2 preis
q27ea3580d,Electronics,4K television,generic,compare 4K television,confronta televisore 4K,4K-Fernseher vergleich
qceea9abb3,Baby & Kids,LEGO,generic,LEGO sale,LEGO saldi,LEGO sale
qa466ddaa8,Apparel & Accessories,hiking boots,branded,buy Merrell Moab 3,acquista Merrell Moab 3,Merrell Moab 3 kaufen
qccfea8a45,Home & Garden,food processor,generic,food processor rating,valutazione robot da cucina,Küchenmaschine bewertung
qc5a1d0d3f,Electronics,digital camera,branded,Fujifilm X-T5 price,Fujifilm X-T5 prezzo,Fujifilm X-T5 preis
qf63f36f05,Electronics,gaming mouse,branded,Logitech G Pro X Superlight 2,Logitech G Pro X Superlight 2,Logitech G Pro X Superlight 2
qf35d19608,Home & Garden,hair straightener,generic,hair straightener under 100,piastra per capelli sotto 100 euro,Haarglätter unter 100 euro
qd9d36875e,Sporting Goods,protein powder,generic,buy protein powder,acquista proteine in polvere,Proteinpulver kaufen
q2afe7b634,Apparel & Accessories,sport shorts,generic,sport shorts sale,pantaloncini sportivi saldi,Sporthose sale
q767c09b9e,Sporting Goods,mountain bike,generic,mountain bike sale,mountain bike saldi,Mountainbike sale
q3f41a0400,Home & Garden,coffee machine,branded,De'Longhi Magnifica Evo review,De'Longhi Magnifica Evo recensione,De'Longhi Magnifica Evo test
qdc7f4498f,Apparel & Accessories,winter jacket,branded,Arc'teryx Beta AR Jacket review,Arc'teryx Beta AR Jacket recensione,Arc'teryx Beta AR Jacket test
q609a212ad,Sporting Goods,badminton racket,generic,badminton racket review,recensione racchetta da badminton,Badmintonschläger test
qe1e8a5c35,Electronics,gaming monitor,branded,LG UltraGear 27GP850 offers,LG UltraGear 27GP850 offerte,LG UltraGear 27GP850 angebote
q344ffd654,Electronics,drone with camera,branded,buy DJI Mavic 3 Pro,acquista DJI Mavic 3 Pro,DJI Mavic 3 Pro kaufen
q23c102b6f,Home & Garden,instant pot,generic,cheap instant pot,pentola a pressione economici,günstiger Schnellkochtopf
q14234c657,Electronics,earbuds,branded,buy Google Pixel Buds Pro,acquista Google Pixel Buds Pro,Google Pixel Buds Pro kaufen
q43d31953f,Electronics,smartphone,branded,Nothing Phone 2a offers,Nothing Phone 2a offerte,Nothing Phone 2a angebote
qd9d3b031b,Electronics,USB-C cable,generic,where to buy USB-C cable,dove comprare cavo USB-C,wo USB-C-Kabel kaufen
q5f2123a0d,Electronics,gaming console,generic,top gaming console,top console di gioco,top Spielkonsole
qa1495cde2,Electronics,OLED television,branded,buy LG G3 OLED,acquista LG G3 OLED,LG G3 OLED kaufen
qac7abc00d,Sporting Goods,stand up paddle,generic,stand up paddle under 100,stand up paddle sotto 100 euro,Stand-Up-Paddle unter 100 euro
qdf9b5411c,Electronics,smartphone,branded,OnePlus 12,OnePlus 12,OnePlus 12
qfcdb4edd0,Baby & Kids,children bicycle,branded,woom 4,woom 4,woom 4
q03e8e33fc,Sporting Goods,badminton racket,generic,where to buy badminton racket,dove comprare racchetta da badminton,wo Badmintonschläger kaufen
q0e3110235,Apparel & Accessories,hiking boots,generic,hiking boots under 500,scarpe da trekking sotto 500 euro,Wanderstiefel unter 500 euro
q4f62fe47a,Sporting Goods,sports nutrition,generic,buy sports nutrition,acquista nutrizione sportiva,Sportnahrung kaufen
q14da30eed,Apparel & Accessories,running shoes,branded,Adidas Supernova Rise,Adidas Supernova Rise,Adidas Supernova Rise
qf332aee44,Electronics,smartphone,generic,smartphone deals,smartphone occasioni,Smartphone schnäppchen
qbac270606,Electronics,digital camera,branded,Canon PowerShot G7X Mark III price,Canon PowerShot G7X Mark III prezzo,Canon PowerShot G7X Mark III preis
q977fb8550,Apparel & Accessories,smartwatch,branded,Garmin Epix Gen 2 review,Garmin Epix Gen 2 recensione,Garmin Epix Gen 2 test
q2547849d3,Electronics,soundbar,branded,Samsung HW-Q990C offers,Samsung HW-Q990C offerte,Samsung HW-Q990C angebote
q27e783a70,Apparel & Accessories,athletic shoes,generic,top athletic shoes,top scarpe sportive,top Sportschuhe
q7b6fa0bb4,Electronics,laptop,branded,MacBook Pro M3,MacBook Pro M3,MacBook Pro M3
q56b3661b4,Sporting Goods,heart rate monitor,generic,cheap heart rate monitor,cardiofrequenzimetro economici,günstiger Herzfrequenzmesser
q0a53ce4dc,Electronics,QLED television,generic,cheap QLED television,televisore QLED economici,günstiger QLED-Fernseher
q8ac40dedd,Electronics,flagship smartphone,generic,flagship smartphone online,smartphone top di gamma online,Flagship-Smartphone online
q7cba4c211,Sporting Goods,road bike,branded,Specialized Allez offers,Specialized Allez offerte,Specialized Allez angebote
q9b3073c95,Electronics,streaming device,branded,buy Apple TV 4K,acquista Apple TV 4K,Apple TV 4K kaufen
q1f5db1afa,Electronics,monitor,generic,buy monitor online,comprare monitor online,Monitor online kaufen
q3a5162c85,Electronics,external hard drive,generic,compare external hard drive,confronta hard disk esterno,Externe Festplatte vergleich
q18d4566d5,Electronics,noise cancelling headphones,branded,Bose QuietComfort 45 price,Bose QuietComfort 45 prezzo,Bose QuietComfort 45 preis
qa8887a9d9,Home & Garden,humidifier,generic,humidifier professional,umidificatore professionale,professioneller Luftbefeuchter
q63b743765,Beauty & Personal Care,face moisturiser,generic,compare face moisturiser,confronta crema idratante viso,Gesichtscreme vergleich
qdfd5731fe,Apparel & Accessories,smartwatch,branded,buy Apple Watch Series 9,acquista Apple Watch Serie 9,Apple Watch Series 9 kaufen
q2fa392713,Electronics,wireless headphones,branded,buy Marshall Major V,acquista Marshall Major V,Marshall Major V kaufen
qd6218281d,Apparel & Accessories,loafers,generic,loafers,mocassini,Loafer
qcec36f5f6,Beauty & Personal Care,mascara,generic,buy mascara,acquista mascara,Mascara kaufen
q4abb58dec,Electronics,home cinema system,generic,compare home cinema system,confronta sistema home cinema,Heimkinosystem vergleich
qa70d592f3,Home & Garden,espresso machine,generic,buy espresso machine,acquista macchina per espresso,Espressomaschine kaufen
q65d461a5d,Baby & Kids,children bicycle,generic,where to buy children bicycle,dove comprare bicicletta bambini,wo Kinderfahrrad kaufen
q0a733ae7b,Baby & Kids,car seat,generic,car seat sale,seggiolino auto saldi,Kindersitz sale
q3b3c512d2,Home & Garden,capsule coffee machine,generic,capsule coffee machine,macchina caffè capsule,Kapselkaffeemaschine
qd8af25780,Home & Garden,hair straightener,generic,hair straightener price,prezzo piastra per capelli,Haarglätter preis
q52bf583e4,Home & Garden,hair straightener,generic,hair straightener,piastra per capelli,Haarglätter
qb8fe0ac02,Home & Garden,blender,generic,blender for beginners,frullatore per principianti,Mixer für anfänger
q19ceefdb4,Apparel & Accessories,running jacket,generic,best value running jacket,giacca da corsa miglior rapporto qualità prezzo,bestes preis-leistungs Laufjacke
q4ca73d940,Electronics,gaming console,generic,gaming console price,prezzo console di gioco,Spielkonsole preis
q0ab25d86b,Sporting Goods,yoga mat,generic,yoga mat specs,specifiche tappetino yoga,Yogamatte technische daten
q33aedd40e,Electronics,earbuds,branded,OnePlus Buds 3 price,OnePlus Buds 3 prezzo,OnePlus Buds 3 preis
qf6503c89c,Electronics,projector,generic,projector 2024,proiettore 2024,Beamer 2024
qeba1896ce,Home & Garden,hair dryer,generic,hair dryer,asciugacapelli,Haartrockner
q8eddfdd85,Electronics,2-in-1 laptop,generic,best value 2-in-1 laptop,laptop 2-in-1 miglior rapporto qualità prezzo,bestes preis-leistungs 2-in-1-Laptop
qf42b77973,Apparel & Accessories,down jacket,generic,down jacket specs,specifiche piumino,Daunenjacke technische daten
q508a36989,Electronics,smartphone,generic,where to buy smartphone,dove comprare smartphone,wo Smartphone kaufen
qcb28b0d0f,Sporting Goods,camping tent,generic,where to buy camping tent,dove comprare tenda da campeggio,wo Campingzelt kaufen
qd99477a8d,Apparel & Accessories,running shoes,branded,buy Mizuno Wave Inspire 20,acquista Mizuno Wave Inspire 20,Mizuno Wave Inspire 20 kaufen
qfdd4fb29e,Beauty & Personal Care,lip balm,generic,buy lip balm,acquista balsamo labbra,Lippenbalsam kaufen
q3022d692f,Home & Garden,instant pot,generic,instant pot under 500,pentola a pressione sotto 500 euro,Schnellkochtopf unter 500 euro
q597ced592,Sporting Goods,energy gel,generic,energy gel 2024,gel energetico 2024,Energiegel 2024
q4d96eb734,Sporting Goods,yoga mat,generic,yoga mat 2024,tappetino yoga 2024,Yogamatte 2024
qa99a691ba,Apparel & Accessories,backpack,generic,backpack specs,specifiche zaino,Rucksack technische daten
qe90d65ebc,Apparel & Accessories,sports bra,generic,top sports bra,top reggiseno sportivo,top Sport-BH
qdc674955e,Home & Garden,robot vacuum cleaner,generic,buy robot vacuum cleaner,acquista aspirapolvere robot,Saugroboter kaufen
qcfab9f8d5,Apparel & Accessories,basketball shoes,generic,basketball shoes under 500,scarpe da basket sotto 500 euro,Basketballschuhe unter 500 euro
qa0b184531,Apparel & Accessories,running shoes,branded,buy Salomon Ultra Glide 2,acquista Salomon Ultra Glide 2,Salomon Ultra Glide 2 kaufen
qd3d0d0501,Apparel & Accessories,running jacket,generic,running jacket sale,giacca da corsa saldi,Laufjacke sale
qfacc8bb3a,Baby & Kids,children bicycle,generic,children bicycle professional,bicicletta bambini professionale,professioneller Kinderfahrrad
q9d4255ea6,Sporting Goods,kettlebell,generic,kettlebell amazon,kettlebell amazon,Kettlebell amazon
q2da1e2d47,Apparel & Accessories,winter jacket,generic,winter jacket amazon,giacca invernale amazon,Winterjacke amazon
q875a78946,Electronics,tripod,generic,tripod professional,treppiede professionale,professioneller Stativ
q44fafa298,Apparel & Accessories,polo shirt,generic,buy polo shirt,acquista polo,Poloshirt kaufen
q61222d1d4,Apparel & Accessories,winter jacket,branded,The North Face Nuptse offers,The North Face Nuptse offerte,The North Face Nuptse angebote
q1adfd17d2,Apparel & Accessories,down jacket,generic,down jacket professional,piumino professionale,professioneller Daunenjacke
qe02b668c7,Electronics,earbuds,branded,Sony WF-1000XM5 price,Sony WF-1000XM5 prezzo,Sony WF-1000XM5 preis
qdef6e412d,Sporting Goods,protein powder,generic,buy protein powder online,comprare proteine in polvere online,Proteinpulver online kaufen
q76c3751c4,Apparel & Accessories,cycling shoes,generic,buy cycling shoes,acquista scarpe da ciclismo,Radschuhe kaufen
q0c49aeee1,Apparel & Accessories,hiking boots,generic,hiking boots,scarpe da trekking,Wanderstiefel
q802ad0921,Home & Garden,espresso machine,branded,Breville Barista Express,Breville Barista Express,Breville Barista Express
q20adb1777,Electronics,camera lens,generic,camera lens professional,obiettivo fotografico professionale,professioneller Kameraobjektiv
q6968cec2b,Electronics,home cinema system,generic,home cinema system under 500,sistema home cinema sotto 500 euro,Heimkinosystem unter 500 euro
q39780ad76,Beauty & Personal Care,vitamin C serum,branded,Paula's Choice C15 Super Booster review,Paula's Choice C15 Super Booster recensione,Paula's Choice C15 Super Booster test
q1779e8ad5,Electronics,home cinema system,generic,home cinema system amazon,sistema home cinema amazon,Heimkinosystem amazon
qafa76ad05,Electronics,memory card,generic,memory card under 500,scheda di memoria sotto 500 euro,Speicherkarte unter 500 euro
q24f296841,Electronics,gaming chair,generic,best value gaming chair,sedia gaming miglior rapporto qualità prezzo,bestes preis-leistungs Gaming-Stuhl
qcd980948b,Electronics,smartphone,branded,OnePlus 12 review,OnePlus 12 recensione,OnePlus 12 test
q7d0bacc9a,Apparel & Accessories,sandals,generic,cheap sandals,sandali economici,günstiger Sandalen
q84cebe7f6,Electronics,tripod,generic,top tripod,top treppiede,top Stativ
qafb5aeddb,Electronics,wireless headphones,branded,Beats Studio Pro offers,Beats Studio Pro offerte,Beats Studio Pro angebote
q6e03e05f0,Electronics,4K television,generic,4K television online,televisore 4K online,4K-Fernseher online
q3cdd91496,Sporting Goods,pull-up bar,generic,pull-up bar professional,sbarra per trazioni professionale,professioneller Klimmzugstange
q2d3593a45,Apparel & Accessories,sneakers,branded,Nike Dunk Low price,Nike Dunk Low prezzo,Nike Dunk Low preis
q10a727cd2,Electronics,phone case,generic,phone case online,custodia per telefono online,Handyhülle online
qbf2887d78,Electronics,external hard drive,branded,Seagate Backup Plus 4TB,Seagate Backup Plus 4TB,Seagate Backup Plus 4TB
qc47d4809e,Apparel & Accessories,fitness tracker,branded,Polar Pacer Pro,Polar Pacer Pro,Polar Pacer Pro
q6b337f9d4,Home & Garden,blender,generic,blender under 100,frullatore sotto 100 euro,Mixer unter 100 euro
q17efcfc9e,Home & Garden,smart thermostat,generic,smart thermostat rating,valutazione termostato intelligente,Smartes Thermostat bewertung
qef7e939c8,Electronics,camera bag,generic,best value camera bag,borsa per fotocamera miglior rapporto qualità prezzo,bestes preis-leistungs Kameratasche
qc7e8c87c2,Home & Garden,food processor,generic,food processor offers,offerte robot da cucina,Küchenmaschine angebote
qf888d814b,Sporting Goods,dumbbell set,branded,buy Bowflex SelectTech 552,acquista Bowflex SelectTech 552,Bowflex SelectTech 552 kaufen
qd4ebb258f,Electronics,action camera,generic,action camera under 100,action camera sotto 100 euro,Action-Kamera unter 100 euro
qbe428d9e4,Sporting Goods,sports nutrition,generic,buy sports nutrition online,comprare nutrizione sportiva online,Sportnahrung online kaufen
qce8c8b834,Electronics,digital camera,branded,Canon EOS 70D offers,Canon EOS 70D offerte,Canon EOS 70D angebote
q8d90a9080,Electronics,external hard drive,generic,external hard drive amazon,hard disk esterno amazon,Externe Festplatte amazon
qb6bca41ae,Electronics,wireless charger,generic,wireless charger specs,specifiche caricatore wireless,Kabelloses Ladegerät technische daten
q37ec8f0e6,Electronics,gaming controller,generic,gaming controller amazon,controller gaming amazon,Gaming-Controller amazon
qda8cbd89b,Electronics,smartphone,branded,Xiaomi 14 Ultra,Xiaomi 14 Ultra,Xiaomi 14 Ultra
q481e30a0f,Sporting Goods,football,generic,football online,pallone da calcio online,Fußball online
qaaebf3080,Baby & Kids,children bicycle,branded,woom 4 review,woom 4 recensione,woom 4 test
qc7f7bf307,Beauty & Personal Care,perfume,generic,perfume specs,specifiche profumo,Parfüm technische daten
q5170e5f27,Electronics,noise cancelling headphones,generic,noise cancelling headphones price,prezzo cuffie noise cancelling,Noise-Cancelling-Kopfhörer preis
q9cf5ace3a,Sporting Goods,mountain bike,generic,mountain bike offers,offerte mountain bike,Mountainbike angebote
qb256d41c4,Apparel & Accessories,athletic shoes,generic,athletic shoes review,recensione scarpe sportive,Sportschuhe test
qbe8399db5,Electronics,2-in-1 laptop,generic,top 2-in-1 laptop,top laptop 2-in-1,top 2-in-1-Laptop
qc949a3f8b,Electronics,camera bag,generic,camera bag specs,specifiche borsa per fotocamera,Kameratasche technische daten
q8e09b3dff,Electronics,gaming desk,generic,best gaming desk,migliori scrivania gaming,bestes Gaming-Schreibtisch
q155fb741d,Electronics,gaming console,generic,best value gaming console,console di gioco miglior rapporto qualità prezzo,bestes preis-leistungs Spielkonsole
q42a6b5964,Apparel & Accessories,running shoes,branded,On Cloudmonster price,On Cloudmonster prezzo,On Cloudmonster preis
q095a588cb,Home & Garden,air fryer,generic,air fryer professional,friggitrice ad aria professionale,professioneller Heißluftfritteuse
qc7f717700,Sporting Goods,e-bike,branded,Specialized Turbo Vado offers,Specialized Turbo Vado offerte,Specialized Turbo Vado angebote
q7a1f60222,Apparel & Accessories,fitness tracker,generic,fitness tracker rating,valutazione fitness tracker,Fitness-Tracker bewertung
q98857a3d9,Sporting Goods,swimming goggles,generic,swimming goggles specs,specifiche occhialini da nuoto,Schwimmbrille technische daten
q8728f86d5,Beauty & Personal Care,nail polish,generic,nail polish deals,smalto per unghie occasioni,Nagellack schnäppchen
qa84a07fc5,Electronics,camera lens,generic,camera lens sale,obiettivo fotografico saldi,Kameraobjektiv sale
qa8ec5e75b,Apparel & Accessories,sports bag,generic,buy sports bag,acquista borsa sportiva,Sporttasche kaufen
qce08f38dd,Electronics,2-in-1 laptop,generic,buy 2-in-1 laptop,acquista laptop 2-in-1,2-in-1-Laptop kaufen
qa4df6ef39,Apparel & Accessories,running shoes,branded,Saucony Endorphin Speed 4,Saucony Endorphin Speed 4,Saucony Endorphin Speed 4
qe9f66f8af,Baby & Kids,baby monitor,branded,buy Motorola Halo+,acquista Motorola Halo+,Motorola Halo+ kaufen
qe4f7e0129,Electronics,monitor,branded,buy Dell UltraSharp U2722D,acquista Dell UltraSharp U2722D,Dell UltraSharp U2722D kaufen
q8b41b1287,Apparel & Accessories,sandals,generic,sandals deals,sandali occasioni,Sandalen schnäppchen
q06e516bdb,Sporting Goods,treadmill,generic,treadmill sale,tapis roulant saldi,Laufband sale
q231f1a912,Electronics,OLED television,branded,LG G3 OLED,LG G3 OLED,LG G3 OLED
q1bedf16ba,Apparel & Accessories,sunglasses,generic,sunglasses professional,occhiali da sole professionale,professioneller Sonnenbrille
q9b355d618,Electronics,tripod,generic,tripod specs,specifiche treppiede,Stativ technische daten
q2229efd1a,Electronics,tripod,generic,tripod deals,treppiede occasioni,Stativ schnäppchen
qd7a4f9f28,Sporting Goods,road bike,branded,Bianchi Oltre RC,Bianchi Oltre RC,Bianchi Oltre RC
qa5ecb4c36,Electronics,gaming headset,generic,compare gaming headset,confronta headset gaming,Gaming-Headset vergleich
qb32abc3ca,Electronics,gaming mouse,generic,where to buy gaming mouse,dove comprare mouse gaming,wo Gaming-Maus kaufen
q68d632c77,Home & Garden,espresso machine,generic,espresso machine online,macchina per espresso online,Espressomaschine online
qe42fd140e,Home & Garden,instant pot,generic,instant pot online,pentola a pressione online,Schnellkochtopf online
qa4adf6a4a,Sporting Goods,dumbbell set,branded,Bowflex SelectTech 552 offers,Bowflex SelectTech 552 offerte,Bowflex SelectTech 552 angebote
qcc487216f,Home & Garden,electric toothbrush,branded,Oral-B iO Series 9 review,Oral-B iO Series 9 recensione,Oral-B iO Series 9 test
q1473c138b,Apparel & Accessories,tennis shoes,generic,tennis shoes price,prezzo scarpe da tennis,Tennisschuhe preis
q50f5b8e17,Sporting Goods,foam roller,generic,foam roller sale,foam roller saldi,Schaumstoffrolle sale
q251787488,Sporting Goods,pull-up bar,generic,pull-up bar price,prezzo sbarra per trazioni,Klimmzugstange preis
qfff433671,Apparel & Accessories,basketball shoes,generic,where to buy basketball shoes,dove comprare scarpe da basket,wo Basketballschuhe kaufen
qb19add251,Electronics,QLED television,generic,buy QLED television,acquista televisore QLED,QLED-Fernseher kaufen
q694faab78,Electronics,OLED television,generic,top OLED television,top televisore OLED,top OLED-Fernseher
q2116e2256,Electronics,digital camera,branded,Sony A7 IV offers,Sony A7 IV offerte,Sony A7 IV angebote
qda3e27e13,Baby & Kids,car seat,generic,cheap car seat,seggiolino auto economici,günstiger Kindersitz
q3f737efad,Sporting Goods,treadmill,generic,treadmill review,recensione tapis roulant,Laufband test
q9ff35a8dd,Electronics,SSD,generic,buy SSD online,comprare SSD online,SSD online kaufen
q61785eef2,Electronics,memory card,generic,memory card online,scheda di memoria online,Speicherkarte online
q88d15c5de,Electronics,gaming monitor,branded,ASUS ROG Swift PG279QM price,ASUS ROG Swift PG279QM prezzo,ASUS ROG Swift PG279QM preis
q6de842794,Electronics,Android tablet,generic,Android tablet offers,offerte tablet Android,Android-Tablet angebote
q35950038d,Electronics,gaming mouse,generic,gaming mouse professional,mouse gaming professionale,professioneller Gaming-Maus
q36a22060f,Sporting Goods,sports nutrition,generic,sports nutrition professional,nutrizione sportiva professionale,professioneller Sportnahrung
qac3d62df1,Home & Garden,air purifier,branded,Levoit Core 600S review,Levoit Core 600S recensione,Levoit Core 600S test
q7de70ecec,Electronics,smartphone,branded,Motorola Edge 50 Pro offers,Motorola Edge 50 Pro offerte,Motorola Edge 50 Pro angebote
qd48b57535,Sporting Goods,treadmill,branded,Peloton Tread,Peloton Tread,Peloton Tread
q86c4d4bcc,Home & Garden,hair straightener,branded,Dyson Corrale,Dyson Corrale,Dyson Corrale
q1f874a5d6,Electronics,mirrorless camera,generic,where to buy mirrorless camera,dove comprare fotocamera mirrorless,wo Systemkamera kaufen
q56a7aab84,Apparel & Accessories,fitness tracker,generic,buy fitness tracker online,comprare fitness tracker online,Fitness-Tracker online kaufen
qf6be1dea7,Sporting Goods,ski boots,generic,ski boots under 500,scarponi da sci sotto 500 euro,Skischuhe unter 500 euro
qa275846f1,Apparel & Accessories,backpack,branded,Deuter Futura Pro 40,Deuter Futura Pro 40,Deuter Futura Pro 40
q6c9373df4,Apparel & Accessories,hiking boots,branded,Salomon X Ultra 4 offers,Salomon X Ultra 4 offerte,Salomon X Ultra 4 angebote
q16ac536a2,Electronics,2-in-1 laptop,generic,2-in-1 laptop 2024,laptop 2-in-1 2024,2-in-1-Laptop 2024
q4b1c2bc91,Electronics,noise cancelling headphones,generic,buy noise cancelling headphones online,comprare cuffie noise cancelling online,Noise-Cancelling-Kopfhörer online kaufen
q1bd98e33d,Electronics,in-ear headphones,generic,in-ear headphones sale,auricolari in-ear saldi,In-Ear-Kopfhörer sale
qd7a19b9e3,Electronics,drone with camera,branded,buy DJI Mini 4 Pro,acquista DJI Mini 4 Pro,DJI Mini 4 Pro kaufen
q60b627010,Home & Garden,espresso machine,generic,best espresso machine,migliori macchina per espresso,bestes Espressomaschine
q53fd5fd84,Home & Garden,capsule coffee machine,generic,capsule coffee machine 2024,macchina caffè capsule 2024,Kapselkaffeemaschine 2024
q7385ef1dc,Apparel & Accessories,sports bag,generic,sports bag deals,borsa sportiva occasioni,Sporttasche schnäppchen
q26245e3b6,Electronics,laptop stand,generic,cheap laptop stand,supporto laptop economici,günstiger Laptop-Ständer
q8bddf0ea2,Electronics,camera lens,branded,Sigma 35mm f/1.4 DG DN price,Sigma 35mm f/1.4 DG DN prezzo,Sigma 35mm f/1.4 DG DN preis
q5d1a37930,Sporting Goods,tennis racket,generic,tennis racket under 500,racchetta da tennis sotto 500 euro,Tennisschläger unter 500 euro
qf564aa45c,Baby & Kids,baby carrier,generic,baby carrier 2024,marsupio neonato 2024,Babytrage 2024
qe1b68bd80,Beauty & Personal Care,perfume,generic,perfume deals,profumo occasioni,Parfüm schnäppchen
qd3af21c72,Sporting Goods,sleeping bag,branded,Western Mountaineering Alpinlite review,Western Mountaineering Alpinlite recensione,Western Mountaineering Alpinlite test
q51a845759,Sporting Goods,treadmill,branded,NordicTrack Commercial 1750 price,NordicTrack Commercial 1750 prezzo,NordicTrack Commercial 1750 preis
qbb555383e,Electronics,external hard drive,branded,buy Seagate Backup Plus 4TB,acquista Seagate Backup Plus 4TB,Seagate Backup Plus 4TB kaufen
q030f7e0e7,Beauty & Personal Care,perfume,branded,Dior Sauvage,Dior Sauvage,Dior Sauvage
qfd17607f8,Baby & Kids,car seat,branded,buy Cybex Sirona S2 i-Size,acquista Cybex Sirona S2 i-Size,Cybex Sirona S2 i-Size kaufen
q59a470cd6,Apparel & Accessories,sports bra,generic,sports bra price,prezzo reggiseno sportivo,Sport-BH preis
q55a02ee52,Home & Garden,electric razor,generic,electric razor price,prezzo rasoio elettrico,Elektrorasierer preis
q33061e241,Sporting Goods,e-bike,generic,buy e-bike online,comprare bici elettrica online,E-Bike online kaufen
qbfd59c740,Home & Garden,standing desk,generic,best value standing desk,scrivania regolabile miglior rapporto qualità prezzo,bestes preis-leistungs Höhenverstellbarer Schreibtisch
qcc004e49e,Electronics,tablet,generic,buy tablet,acquista tablet,Tablet kaufen
q57b5d49d0,Baby & Kids,baby stroller,branded,UPPAbaby Vista V2 offers,UPPAbaby Vista V2 offerte,UPPAbaby Vista V2 angebote
q1232883a2,Electronics,smartphone,branded,Samsung Galaxy S25 price,Samsung Galaxy S25 prezzo,Samsung Galaxy S25 preis
q1b82850a8,Electronics,power bank,generic,power bank under 100,power bank sotto 100 euro,Powerbank unter 100 euro
q47827ecf0,Electronics,camera lens,branded,Sony FE 24-70mm f/2.8 GM II,Sony FE 24-70mm f/2.8 GM II,Sony FE 24-70mm f/2.8 GM II
qcd6e9f4ca,Baby & Kids,car seat,generic,buy car seat,acquista seggiolino auto,Kindersitz kaufen
q8b972e9f1,Electronics,noise cancelling headphones,branded,Bose QuietComfort Ultra price,Bose QuietComfort Ultra prezzo,Bose QuietComfort Ultra preis
q30b2d247c,Home & Garden,electric toothbrush,generic,compare electric toothbrush,confronta spazzolino elettrico,Elektrische Zahnbürste vergleich
qdb7043656,Electronics,wireless charger,generic,top wireless charger,top caricatore wireless,top Kabelloses Ladegerät
qed308b3bd,Electronics,Bluetooth speaker,generic,Bluetooth speaker 2024,speaker Bluetooth 2024,Bluetooth-Lautsprecher 2024
q0f6185970,Electronics,wireless headphones,generic,top wireless headphones,top cuffie wireless,top Kabellose Kopfhörer
q27c6b774e,Apparel & Accessories,winter jacket,branded,Patagonia Down Sweater offers,Patagonia Down Sweater offerte,Patagonia Down Sweater angebote
q26646c358,Home & Garden,capsule coffee machine,generic,capsule coffee machine sale,macchina caffè capsule saldi,Kapselkaffeemaschine sale
q2abff7ac2,Home & Garden,capsule coffee machine,generic,cheap capsule coffee machine,macchina caffè capsule economici,günstiger Kapselkaffeemaschine
q53d6c2bdd,Home & Garden,smart thermostat,generic,smart thermostat offers,offerte termostato intelligente,Smartes Thermostat angebote
q445d90efd,Apparel & Accessories,sport shorts,generic,sport shorts under 100,pantaloncini sportivi sotto 100 euro,Sporthose unter 100 euro
q5ed2bfec3,Electronics,screen protector,generic,compare screen protector,confronta protezione schermo,Displayschutzfolie vergleich
q8c684523d,Sporting Goods,dumbbell set,generic,buy dumbbell set,acquista set manubri,Hantelset kaufen
qef047ec3b,Electronics,laptop,generic,laptop sale,laptop saldi,Laptop sale
q924ab3913,Electronics,smart TV,generic,best smart TV,migliori smart TV,bestes Smart-TV
q0a5dfffa7,Baby & Kids,baby stroller,generic,best baby stroller,migliori passeggino,bestes Kinderwagen
qafa611ce4,Baby & Kids,baby stroller,generic,top baby stroller,top passeggino,top Kinderwagen
qddea231d8,Electronics,budget smartphone,generic,budget smartphone offers,offerte smartphone economico,Günstiges Smartphone angebote
qe3c84d95e,Sporting Goods,road bike,generic,road bike for beginners,bici da strada per principianti,Rennrad für anfänger
q650010e62,Electronics,external hard drive,generic,where to buy external hard drive,dove comprare hard disk esterno,wo Externe Festplatte kaufen
qb6beeae1c,Sporting Goods,mountain bike,branded,Santa Cruz Hightower price,Santa Cruz Hightower prezzo,Santa Cruz Hightower preis
qc478142dc,Electronics,smartphone,branded,Xiaomi 14 Ultra offers,Xiaomi 14 Ultra offerte,Xiaomi 14 Ultra angebote
qa4f1c13c5,Electronics,wireless charger,branded,Anker MagGo 15W offers,Anker MagGo 15W offerte,Anker MagGo 15W angebote
q9ff53dacb,Electronics,digital camera,branded,Sony ZV-E10 review,Sony ZV-E10 recensione,Sony ZV-E10 test
qc965f8c97,Apparel & Accessories,sport leggings,generic,sport leggings review,recensione leggings sportivi,Sport-Leggings test
qe38fee610,Home & Garden,espresso machine,generic,espresso machine professional,macchina per espresso professionale,professioneller Espressomaschine
q982903e4c,Baby & Kids,toys,generic,top toys,top giocattoli,top Spielzeug
q959d96642,Apparel & Accessories,running shoes,branded,buy Saucony Endorphin Speed 4,acquista Saucony Endorphin Speed 4,Saucony Endorphin Speed 4 kaufen
q21d3dc80b,Electronics,mechanical keyboard,branded,Logitech MX Mechanical review,Logitech MX Mechanical recensione,Logitech MX Mechanical test
q67339fddf,Sporting Goods,cycling helmet,generic,cycling helmet professional,casco da bici professionale,professioneller Fahrradhelm
qb76c94219,Electronics,laptop,branded,Lenovo IdeaPad 5,Lenovo IdeaPad 5,Lenovo IdeaPad 5
q3438b96c2,Sporting Goods,tennis racket,generic,tennis racket amazon,racchetta da tennis amazon,Tennisschläger amazon
q3e0202ac6,Sporting Goods,energy gel,generic,best value energy gel,gel energetico miglior rapporto qualità prezzo,bestes preis-leistungs Energiegel
q8115e10cb,Sporting Goods,treadmill,generic,buy treadmill online,comprare tapis roulant online,Laufband online kaufen
qd22daa88d,Home & Garden,smart doorbell,branded,Google Nest Doorbell,Google Nest Doorbell,Google Nest Doorbell
qcab84c5aa,Electronics,USB hub,generic,top USB hub,top hub USB,top USB-Hub
q73d5e5df7,Electronics,noise cancelling headphones,generic,best value noise cancelling headphones,cuffie noise cancelling miglior rapporto qualità prezzo,bestes preis-leistungs Noise-Cancelling-Kopfhörer
qb4994dde0,Sporting Goods,yoga mat,generic,where to buy yoga mat,dove comprare tappetino yoga,wo Yogamatte kaufen
q64ce02e38,Sporting Goods,dumbbell set,generic,dumbbell set specs,specifiche set manubri,Hantelset technische daten
q9ffe5c33b,Sporting Goods,dumbbell set,generic,dumbbell set price,prezzo set manubri,Hantelset preis
q6420df438,Sporting Goods,camping tent,generic,camping tent deals,tenda da campeggio occasioni,Campingzelt schnäppchen
qa4e5d0333,Apparel & Accessories,down jacket,generic,down jacket offers,offerte piumino,Daunenjacke angebote
q95fcf2daa,Electronics,gaming controller,branded,DualSense Edge review,DualSense Edge recensione,DualSense Edge test
qc01bed8ea,Electronics,gaming laptop,generic,gaming laptop,laptop da gaming,Gaming-Laptop
qaf313af1b,Home & Garden,espresso machine,generic,top espresso machine,top macchina per espresso,top Espressomaschine
q7d90960e1,Apparel & Accessories,running shoes,branded,New Balance FuelCell SuperComp Elite v4 offers,New Balance FuelCell SuperComp Elite v4 offerte,New Balance FuelCell SuperComp Elite v4 angebote
qa6092e2b2,Electronics,2-in-1 laptop,generic,2-in-1 laptop professional,laptop 2-in-1 professionale,professioneller 2-in-1-Laptop
q3834c724c,Apparel & Accessories,hiking boots,generic,hiking boots under 100,scarpe da trekking sotto 100 euro,Wanderstiefel unter 100 euro
qe5047a4f3,Electronics,smartphone,branded,Motorola Edge 50 Pro price,Motorola Edge 50 Pro prezzo,Motorola Edge 50 Pro preis
qd3945eb59,Sporting Goods,kettlebell,generic,cheap kettlebell,kettlebell economici,günstiger Kettlebell
q6122f94ea,Apparel & Accessories,running shoes,branded,Nike Mercurial Superfly offers,Nike Mercurial Superfly offerte,Nike Mercurial Superfly angebote
q9c4266ad6,Sporting Goods,ski helmet,generic,top ski helmet,top casco da sci,top Skihelm
qff921789f,Home & Garden,hair dryer,generic,hair dryer deals,asciugacapelli occasioni,Haartrockner schnäppchen
q1fa55b8ae,Electronics,earbuds,branded,Bose QuietComfort Earbuds II price,Bose QuietComfort Earbuds II prezzo,Bose QuietComfort Earbuds II preis
q083c89b25,Baby & Kids,car seat,generic,best car seat,migliori seggiolino auto,bestes Kindersitz
q2e9c4c238,Baby & Kids,car seat,generic,car seat under 100,seggiolino auto sotto 100 euro,Kindersitz unter 100 euro
q17a64313f,Apparel & Accessories,sneakers,branded,Adidas Yeezy 350 V2 review,Adidas Yeezy 350 V2 recensione,Adidas Yeezy 350 V2 test
q80f7dd59f,Apparel & Accessories,running shoes,branded,buy New Balance FuelCell SuperComp Elite v4,acquista New Balance FuelCell SuperComp Elite v4,New Balance FuelCell SuperComp Elite v4 kaufen
q1c233200e,Sporting Goods,tennis racket,branded,Wilson Pro Staff RF97 offers,Wilson Pro Staff RF97 offerte,Wilson Pro Staff RF97 angebote
q15f5fe1b6,Electronics,wireless headphones,generic,wireless headphones under 500,cuffie wireless sotto 500 euro,Kabellose Kopfhörer unter 500 euro
q7297048ff,Apparel & Accessories,cycling shoes,generic,cycling shoes for beginners,scarpe da ciclismo per principianti,Radschuhe für anfänger
q639b6f5d3,Apparel & Accessories,running shoes,generic,running shoes under 500,scarpe da corsa sotto 500 euro,Laufschuhe unter 500 euro
q8c8af5b1d,Beauty & Personal Care,mascara,generic,best value mascara,mascara miglior rapporto qualità prezzo,bestes preis-leistungs Mascara
q7b83dbbee,Home & Garden,capsule coffee machine,branded,Keurig K-Elite offers,Keurig K-Elite offerte,Keurig K-Elite angebote
qb64b5680c,Electronics,digital camera,branded,Canon EOS 70D price,Canon EOS 70D prezzo,Canon EOS 70D preis
q1fa6747f6,Electronics,drone with camera,generic,buy drone with camera online,comprare drone con fotocamera online,Drohne mit Kamera online kaufen
q2ac046b25,Home & Garden,vacuum cleaner,branded,Miele Complete C3 Brilliant price,Miele Complete C3 Brilliant prezzo,Miele Complete C3 Brilliant preis
qbe5ef9fbe,Home & Garden,smart lighting,generic,top smart lighting,top illuminazione smart,top Smarte Beleuchtung
q55ca01769,Apparel & Accessories,boots,generic,boots price,prezzo stivali,Stiefel preis
q0ab2ce69f,Apparel & Accessories,sandals,generic,buy sandals online,comprare sandali online,Sandalen online kaufen
qeea9bbfde,Beauty & Personal Care,face moisturiser,generic,cheap face moisturiser,crema idratante viso economici,günstiger Gesichtscreme
q0283feae3,Sporting Goods,football,generic,top football,top pallone da calcio,top Fußball
qb235b2133,Apparel & Accessories,sunglasses,generic,sunglasses under 500,occhiali da sole sotto 500 euro,Sonnenbrille unter 500 euro
qfc840d171,Sporting Goods,pull-up bar,generic,buy pull-up bar online,comprare sbarra per trazioni online,Klimmzugstange online kaufen
q166e34513,Baby & Kids,baby stroller,generic,baby stroller deals,passeggino occasioni,Kinderwagen schnäppchen
q9338d7e9e,Home & Garden,office chair,generic,office chair for beginners,sedia da ufficio per principianti,Bürostuhl für anfänger
q8f9127e32,Home & Garden,robot vacuum cleaner,branded,iRobot Roomba j7+ offers,iRobot Roomba j7+ offerte,iRobot Roomba j7+ angebote
q2851cac27,Electronics,projector,generic,where to buy projector,dove comprare proiettore,wo Beamer kaufen
qc70606f19,Baby & Kids,children bicycle,generic,children bicycle online,bicicletta bambini online,Kinderfahrrad online
q03767d785,Apparel & Accessories,backpack,generic,backpack online,zaino online,Rucksack online
qd7d9f2d95,Home & Garden,smart thermostat,generic,buy smart thermostat online,comprare termostato intelligente online,Smartes Thermostat online kaufen
q08723cd81,Apparel & Accessories,compression socks,generic,compression socks amazon,calze a compressione amazon,Kompressionssocken amazon
q2d41e3d69,Electronics,mirrorless camera,generic,mirrorless camera under 500,fotocamera mirrorless sotto 500 euro,Systemkamera unter 500 euro
q48b3d2fdc,Electronics,laptop stand,generic,laptop stand review,recensione supporto laptop,Laptop-Ständer test
qd3f0a243e,Beauty & Personal Care,mascara,generic,mascara specs,specifiche mascara,Mascara technische daten
q7b6417287,Electronics,earbuds,branded,Jabra Elite 10 price,Jabra Elite 10 prezzo,Jabra Elite 10 preis
q8cce16f5f,Sporting Goods,ski boots,generic,ski boots review,recensione scarponi da sci,Skischuhe test
q84555719a,Sporting Goods,heart rate monitor,generic,heart rate monitor,cardiofrequenzimetro,Herzfrequenzmesser
qcbdfc3b91,Electronics,monitor,generic,monitor under 100,monitor sotto 100 euro,Monitor unter 100 euro
q6cec56179,Apparel & Accessories,down jacket,generic,down jacket amazon,piumino amazon,Daunenjacke amazon
qde31c6f30,Electronics,digital camera,branded,Fujifilm X-T5 offers,Fujifilm X-T5 offerte,Fujifilm X-T5 angebote
q0f1cdc9cc,Beauty & Personal Care,perfume,branded,Dior Sauvage offers,Dior Sauvage offerte,Dior Sauvage angebote
qccfc6ed29,Apparel & Accessories,sunglasses,generic,sunglasses,occhiali da sole,Sonnenbrille
q9ea6c148e,Apparel & Accessories,running watch,generic,running watch for beginners,orologio da corsa per principianti,Laufuhr für anfänger
q34e8f7011,Beauty & Personal Care,vitamin C serum,generic,buy vitamin C serum,acquista siero vitamina C,Vitamin-C-Serum kaufen
q2b9ef573e,Home & Garden,vacuum cleaner,generic,vacuum cleaner under 100,aspirapolvere sotto 100 euro,Staubsauger unter 100 euro
q34baceebb,Sporting Goods,tennis racket,generic,tennis racket rating,valutazione racchetta da tennis,Tennisschläger bewertung
qc291bf16a,Sporting Goods,swimming goggles,generic,swimming goggles under 100,occhialini da nuoto sotto 100 euro,Schwimmbrille unter 100 euro
q5e17e1ee3,Apparel & Accessories,running shoes,branded,Adidas Boston 12 price,Adidas Boston 12 prezzo,Adidas Boston 12 preis
qf3943b051,Baby & Kids,baby stroller,generic,baby stroller professional,passeggino professionale,professioneller Kinderwagen
q288b7fec8,Electronics,gaming console,branded,PlayStation 5,PlayStation 5,PlayStation 5
qc0217427a,Electronics,action camera,branded,GoPro Hero 12 price,GoPro Hero 12 prezzo,GoPro Hero 12 preis
q1ca496ef9,Electronics,laptop,branded,HP Spectre x360,HP Spectre x360,HP Spectre x360
qa0eb2b630,Sporting Goods,protein powder,branded,Huel Black Edition offers,Huel Black Edition offerte,Huel Black Edition angebote
qb56ce7f06,Apparel & Accessories,loafers,generic,loafers price,prezzo mocassini,Loafer preis
q501d41b43,Apparel & Accessories,running shoes,generic,best running shoes,migliori scarpe da corsa,bestes Laufschuhe
q2994385ef,Apparel & Accessories,sneakers,generic,sneakers,sneakers,Sneaker
qf6ec95662,Sporting Goods,exercise bike,generic,exercise bike price,prezzo cyclette,Heimtrainer preis
q528dd24d4,Electronics,projector,generic,buy projector,acquista proiettore,Beamer kaufen
qb69cad471,Electronics,soundbar,generic,soundbar deals,soundbar occasioni,Soundbar schnäppchen
q7e1e066f4,Home & Garden,food processor,generic,cheap food processor,robot da cucina economici,günstiger Küchenmaschine
q8ed6953bc,Apparel & Accessories,smartwatch,branded,Garmin Fenix 7 review,Garmin Fenix 7 recensione,Garmin Fenix 7 test
q431c821e2,Electronics,wireless headphones,branded,Anker Soundcore Q45 review,Anker Soundcore Q45 recensione,Anker Soundcore Q45 test
qec84115b7,Beauty & Personal Care,lip balm,generic,lip balm rating,valutazione balsamo labbra,Lippenbalsam bewertung
q25ab9fc73,Home & Garden,hair dryer,branded,Dyson Supersonic price,Dyson Supersonic prezzo,Dyson Supersonic preis
q06371a6d3,Apparel & Accessories,sneakers,branded,Converse Chuck Taylor All Star review,Converse Chuck Taylor All Star recensione,Converse Chuck Taylor All Star test
q5eb44abaf,Home & Garden,instant pot,generic,compare instant pot,confronta pentola a pressione,Schnellkochtopf vergleich
qf76590029,Electronics,drone with camera,generic,drone with camera,drone con fotocamera,Drohne mit Kamera
qd965de47c,Sporting Goods,dumbbell set,branded,Technogym Adjustable Dumbbell price,Technogym Adjustable Dumbbell prezzo,Technogym Adjustable Dumbbell preis
q280dfbdc0,Apparel & Accessories,down jacket,generic,buy down jacket online,comprare piumino online,Daunenjacke online kaufen
q3f73adb34,Sporting Goods,climbing harness,generic,climbing harness sale,imbrago da arrampicata saldi,Klettergurt sale
qfd3e64e95,Sporting Goods,pull-up bar,generic,pull-up bar review,recensione sbarra per trazioni,Klimmzugstange test
q8cc3b9bd8,Sporting Goods,e-bike,generic,e-bike review,recensione bici elettrica,E-Bike test
q09465b53a,Apparel & Accessories,football boots,generic,best value football boots,scarpe da calcio miglior rapporto qualità prezzo,bestes preis-leistungs Fußballschuhe
q443b775e3,Electronics,digital camera,generic,best digital camera,migliori fotocamera digitale,bestes Digitalkamera
q734d177d1,Sporting Goods,ski boots,branded,Atomic Hawx Prime 130 review,Atomic Hawx Prime 130 recensione,Atomic Hawx Prime 130 test
q75e1f53e2,Beauty & Personal Care,face moisturiser,generic,face moisturiser offers,offerte crema idratante viso,Gesichtscreme angebote
qbccb05e13,Electronics,gaming headset,generic,gaming headset offers,offerte headset gaming,Gaming-Headset angebote
q636b20982,Sporting Goods,energy gel,generic,where to buy energy gel,dove comprare gel energetico,wo Energiegel kaufen
q7fd771973,Electronics,vinyl record player,generic,vinyl record player price,prezzo giradischi,Plattenspieler preis
qb7d8205b9,Home & Garden,robot vacuum cleaner,generic,best robot vacuum cleaner,migliori aspirapolvere robot,bestes Saugroboter
q865625340,Electronics,digital camera,generic,cheap digital camera,fotocamera digitale economici,günstiger Digitalkamera
q0e2967c95,Baby & Kids,LEGO,generic,where to buy LEGO,dove comprare LEGO,wo LEGO kaufen
q262153abf,Electronics,smartphone,branded,iPhone 15 offers,iPhone 15 offerte,iPhone 15 angebote
q46937d91e,Electronics,digital camera,generic,digital camera deals,fotocamera digitale occasioni,Digitalkamera schnäppchen
qaeff39d15,Home & Garden,coffee machine,generic,coffee machine specs,specifiche macchina del caffè,Kaffeemaschine technische daten
qf80d21ff9,Electronics,USB-C cable,generic,USB-C cable review,recensione cavo USB-C,USB-C-Kabel test
q799deb5c2,Sporting Goods,dumbbell set,generic,dumbbell set under 100,set manubri sotto 100 euro,Hantelset unter 100 euro
qcb06f3a9e,Home & Garden,electric razor,generic,top electric razor,top rasoio elettrico,top Elektrorasierer
qf698634ee,Electronics,mirrorless camera,generic,buy mirrorless camera,acquista fotocamera mirrorless,Systemkamera kaufen
qd8560e911,Apparel & Accessories,athletic shoes,generic,best athletic shoes,migliori scarpe sportive,bestes Sportschuhe
q81b6d5155,Apparel & Accessories,running jacket,generic,running jacket amazon,giacca da corsa amazon,Laufjacke amazon
qfb02dcec7,Apparel & Accessories,sport shorts,generic,where to buy sport shorts,dove comprare pantaloncini sportivi,wo Sporthose kaufen
q8c5f85e25,Home & Garden,standing desk,generic,standing desk 2024,scrivania regolabile 2024,Höhenverstellbarer Schreibtisch 2024
qf08d1da0d,Electronics,streaming device,generic,streaming device,dispositivo streaming,Streaming-Gerät
qa5e698d03,Sporting Goods,GPS running watch,branded,Coros Pace 3 review,Coros Pace 3 recensione,Coros Pace 3 test
q6039f4bb9,Apparel & Accessories,boots,generic,boots rating,valutazione stivali,Stiefel bewertung
qa64233c9d,Home & Garden,capsule coffee machine,branded,Keurig K-Elite price,Keurig K-Elite prezzo,Keurig K-Elite preis
qdaf4b58a3,Electronics,portable speaker,generic,best portable speaker,migliori altoparlante portatile,bestes Portabler Lautsprecher
qd81f8b3ca,Electronics,screen protector,generic,buy screen protector online,comprare protezione schermo online,Displayschutzfolie online kaufen
qe5d908cad,Beauty & Personal Care,retinol cream,generic,cheap retinol cream,crema al retinolo economici,günstiger Retinol-Creme
q4329362c3,Sporting Goods,treadmill,generic,treadmill 2024,tapis roulant 2024,Laufband 2024
q8a130e91f,Electronics,wireless charger,branded,Belkin BoostCharge Pro price,Belkin BoostCharge Pro prezzo,Belkin BoostCharge Pro preis
qdb13ef353,Apparel & Accessories,football boots,branded,Nike Mercurial Superfly 10,Nike Mercurial Superfly 10,Nike Mercurial Superfly 10
qed75559e8,Baby & Kids,baby monitor,generic,baby monitor 2024,baby monitor 2024,Babyphone 2024
qc56674d0d,Sporting Goods,tennis racket,generic,tennis racket offers,offerte racchetta da tennis,Tennisschläger angebote
qb2a49c4ea,Electronics,home cinema system,generic,home cinema system offers,offerte sistema home cinema,Heimkinosystem angebote
qbf21c8723,Electronics,gaming desk,generic,gaming desk 2024,scrivania gaming 2024,Gaming-Schreibtisch 2024
q7ece3c9f0,Home & Garden,vacuum cleaner,branded,Dyson V15 Detect price,Dyson V15 Detect prezzo,Dyson V15 Detect preis
qbb7ed420e,Apparel & Accessories,loafers,generic,loafers offers,offerte mocassini,Loafer angebote
q92a066b7f,Sporting Goods,stand up paddle,generic,best value stand up paddle,stand up paddle miglior rapporto qualità prezzo,bestes preis-leistungs Stand-Up-Paddle
q7e0201e19,Electronics,camera lens,branded,buy Sigma 35mm f/1.4 DG DN,acquista Sigma 35mm f/1.4 DG DN,Sigma 35mm f/1.4 DG DN kaufen
q0341b117f,Home & Garden,capsule coffee machine,generic,compare capsule coffee machine,confronta macchina caffè capsule,Kapselkaffeemaschine vergleich
q5c827aa58,Apparel & Accessories,running shoes,branded,buy Puma Nitro Elite 2,acquista Puma Nitro Elite 2,Puma Nitro Elite 2 kaufen
qabff911b2,Electronics,power bank,generic,power bank under 500,power bank sotto 500 euro,Powerbank unter 500 euro
q9f31f2f34,Electronics,4K television,generic,best 4K television,migliori televisore 4K,bestes 4K-Fernseher
q1b8ee0408,Electronics,USB hub,generic,USB hub specs,specifiche hub USB,USB-Hub technische daten
qf691090e1,Electronics,iPad,generic,compare iPad,confronta iPad,iPad vergleich
q8ca157afe,Electronics,screen protector,generic,screen protector specs,specifiche protezione schermo,Displayschutzfolie technische daten
qce17f8808,Sporting Goods,road bike,branded,buy Trek Domane SL 6,acquista Trek Domane SL 6,Trek Domane SL 6 kaufen
q6bca4f9c7,Apparel & Accessories,running shoes,branded,Mizuno Wave Inspire 20 price,Mizuno Wave Inspire 20 prezzo,Mizuno Wave Inspire 20 preis
qd744b7bbf,Apparel & Accessories,sport leggings,generic,sport leggings rating,valutazione leggings sportivi,Sport-Leggings bewertung
q930d3a7c0,Electronics,home cinema system,generic,home cinema system sale,sistema home cinema saldi,Heimkinosystem sale
q53d79dc60,Electronics,wireless headphones,generic,wireless headphones online,cuffie wireless online,Kabellose Kopfhörer online
q147387d95,Beauty & Personal Care,face moisturiser,generic,face moisturiser 2024,crema idratante viso 2024,Gesichtscreme 2024
q3c178fbd6,Electronics,smartphone,generic,compare smartphone,confronta smartphone,Smartphone vergleich
q757a145e7,Home & Garden,smart thermostat,generic,smart thermostat sale,termostato intelligente saldi,Smartes Thermostat sale
q901c6b410,Electronics,external hard drive,generic,external hard drive online,hard disk esterno online,Externe Festplatte online
qdc2613069,Home & Garden,air purifier,generic,air purifier professional,purificatore d'aria professionale,professioneller Luftreiniger
q40fa44084,Electronics,wireless charger,generic,wireless charger rating,valutazione caricatore wireless,Kabelloses Ladegerät bewertung
q886046e06,Apparel & Accessories,running shoes,generic,running shoes professional,scarpe da corsa professionale,professioneller Laufschuhe
q2edaf78d5,Sporting Goods,mountain bike,branded,Trek Marlin 7 offers,Trek Marlin 7 offerte,Trek Marlin 7 angebote
qf1916cd6f,Baby & Kids,scooter kids,generic,scooter kids sale,monopattino bambini saldi,Kinderroller sale
qa77b900ad,Sporting Goods,GPS running watch,generic,best value GPS running watch,orologio GPS corsa miglior rapporto qualità prezzo,bestes preis-leistungs GPS-Laufuhr
q8040295f3,Home & Garden,air fryer,branded,Ninja Foodi Dual Zone,Ninja Foodi Dual Zone,Ninja Foodi Dual Zone
q260b11778,Electronics,OLED television,branded,LG G3 OLED price,LG G3 OLED prezzo,LG G3 OLED preis
qe5252f367,Electronics,camera lens,branded,Sony FE 24-70mm f/2.8 GM II review,Sony FE 24-70mm f/2.8 GM II recensione,Sony FE 24-70mm f/2.8 GM II test
q5d80d0c6e,Electronics,soundbar,branded,buy Sony HT-A7000,acquista Sony HT-A7000,Sony HT-A7000 kaufen
q156898928,Electronics,smart TV,generic,smart TV online,smart TV online,Smart-TV online
qebc23393a,Beauty & Personal Care,lip balm,generic,lip balm deals,balsamo labbra occasioni,Lippenbalsam schnäppchen
qfbf9dcd6d,Electronics,webcam,generic,webcam offers,offerte webcam,Webcam angebote
qebf2e1841,Electronics,OLED television,generic,OLED television 2024,televisore OLED 2024,OLED-Fernseher 2024
q9682f37d0,Home & Garden,espresso machine,branded,Rancilio Silvia Pro X review,Rancilio Silvia Pro X recensione,Rancilio Silvia Pro X test
q3a9012e89,Apparel & Accessories,running watch,generic,running watch specs,specifiche orologio da corsa,Laufuhr technische daten
qe2a2347a7,Apparel & Accessories,running shoes,generic,compare running shoes,confronta scarpe da corsa,Laufschuhe vergleich
q6270e7ece,Electronics,digital camera,branded,buy Canon EOS R5,acquista Canon EOS R5,Canon EOS R5 kaufen
q61cfe4d1d,Apparel & Accessories,tennis shoes,generic,buy tennis shoes online,comprare scarpe da tennis online,Tennisschuhe online kaufen
q5995cca9c,Home & Garden,electric razor,generic,electric razor offers,offerte rasoio elettrico,Elektrorasierer angebote
q7876bd8a0,Apparel & Accessories,running jacket,generic,running jacket professional,giacca da corsa professionale,professioneller Laufjacke
q424308bcb,Electronics,laptop,generic,laptop under 100,laptop sotto 100 euro,Laptop unter 100 euro
qdfd775fdb,Sporting Goods,kettlebell,generic,compare kettlebell,confronta kettlebell,Kettlebell vergleich
qb2b483a03,Sporting Goods,kettlebell,generic,buy kettlebell,acquista kettlebell,Kettlebell kaufen
qb9cfd5083,Apparel & Accessories,running shoes,branded,Adidas Gazelle,Adidas Gazelle,Adidas Gazelle
qc481f003b,Electronics,wireless charger,branded,Anker MagGo 15W review,Anker MagGo 15W recensione,Anker MagGo 15W test
q8aba7407b,Home & Garden,food processor,generic,food processor,robot da cucina,Küchenmaschine
q9bd155f55,Sporting Goods,yoga mat,branded,Manduka PRO Yoga Mat price,Manduka PRO Yoga Mat prezzo,Manduka PRO Yoga Mat preis
q503673294,Sporting Goods,mountain bike,generic,mountain bike review,recensione mountain bike,Mountainbike test
q782857e32,Sporting Goods,energy gel,generic,energy gel deals,gel energetico occasioni,Energiegel schnäppchen
q3e12a6608,Electronics,flagship smartphone,generic,cheap flagship smartphone,smartphone top di gamma economici,günstiger Flagship-Smartphone
q7a3dbc1b7,Electronics,tablet,branded,Samsung Galaxy Tab S9 review,Samsung Galaxy Tab S9 recensione,Samsung Galaxy Tab S9 test
q7c101306f,Sporting Goods,kettlebell,generic,top kettlebell,top kettlebell,top Kettlebell
q3ebed5ac6,Electronics,earbuds,generic,where to buy earbuds,dove comprare auricolari,wo Ohrstöpsel kaufen
q191d0485b,Home & Garden,office chair,generic,office chair rating,valutazione sedia da ufficio,Bürostuhl bewertung
q1c7831852,Apparel & Accessories,running shoes,branded,ASICS Gel-Cumulus 26 price,ASICS Gel-Cumulus 26 prezzo,ASICS Gel-Cumulus 26 preis
q8767ffd7f,Electronics,DAC amplifier,generic,DAC amplifier,DAC amplificatore,DAC Verstärker
q7229b0956,Electronics,digital camera,branded,Canon EOS R6 Mark II price,Canon EOS R6 Mark II prezzo,Canon EOS R6 Mark II preis
qbcc2aac7f,Baby & Kids,car seat,generic,car seat specs,specifiche seggiolino auto,Kindersitz technische daten
qca6811c95,Sporting Goods,treadmill,branded,Peloton Tread offers,Peloton Tread offerte,Peloton Tread angebote
q05ca24d5f,Apparel & Accessories,running shoes,branded,Adidas Samba OG price,Adidas Samba OG prezzo,Adidas Samba OG preis
q7c74bc75d,Electronics,camera bag,generic,camera bag offers,offerte borsa per fotocamera,Kameratasche angebote
q8ec9eeff2,Beauty & Personal Care,retinol cream,generic,retinol cream price,prezzo crema al retinolo,Retinol-Creme preis
qfc9cfa4db,Apparel & Accessories,fitness tracker,generic,fitness tracker under 500,fitness tracker sotto 500 euro,Fitness-Tracker unter 500 euro
q0e6142fbd,Electronics,wireless charger,generic,wireless charger professional,caricatore wireless professionale,professioneller Kabelloses Ladegerät
q4bdaf1008,Electronics,gaming console,generic,gaming console under 500,console di gioco sotto 500 euro,Spielkonsole unter 500 euro
q6910cd679,Beauty & Personal Care,retinol cream,generic,buy retinol cream online,comprare crema al retinolo online,Retinol-Creme online kaufen
q709e41c8d,Electronics,noise cancelling headphones,generic,noise cancelling headphones amazon,cuffie noise cancelling amazon,Noise-Cancelling-Kopfhörer amazon
q70c91c72b,Sporting Goods,resistance bands,generic,resistance bands under 100,elastici fitness sotto 100 euro,Fitnessbänder unter 100 euro
q29b715241,Beauty & Personal Care,sunscreen SPF 50,generic,sunscreen SPF 50 review,recensione crema solare SPF 50,Sonnencreme SPF 50 test
q583b9a7da,Apparel & Accessories,hiking boots,branded,Salomon X Ultra 4,Salomon X Ultra 4,Salomon X Ultra 4
qf2f04dd32,Home & Garden,air fryer,branded,Instant Vortex Plus 6-in-1 price,Instant Vortex Plus 6-in-1 prezzo,Instant Vortex Plus 6-in-1 preis
qc3326ee7d,Beauty & Personal Care,nail polish,generic,best value nail polish,smalto per unghie miglior rapporto qualità prezzo,bestes preis-leistungs Nagellack
q3b20b5159,Electronics,USB hub,generic,USB hub review,recensione hub USB,USB-Hub test
q44828a627,Apparel & Accessories,smartwatch,branded,Apple Watch Ultra 2 review,Apple Watch Ultra 2 recensione,Apple Watch Ultra 2 test
qfa49a59e1,Sporting Goods,treadmill,generic,top treadmill,top tapis roulant,top Laufband
q4dc305735,Home & Garden,office chair,generic,office chair deals,sedia da ufficio occasioni,Bürostuhl schnäppchen
q5ba1edd77,Sporting Goods,trekking poles,generic,trekking poles amazon,bastoni da trekking amazon,Wanderstöcke amazon
q761763853,Sporting Goods,football,generic,football rating,valutazione pallone da calcio,Fußball bewertung
q93387291b,Sporting Goods,treadmill,generic,treadmill deals,tapis roulant occasioni,Laufband schnäppchen
q4fc2c8633,Apparel & Accessories,fitness tracker,generic,fitness tracker deals,fitness tracker occasioni,Fitness-Tracker schnäppchen
q5ae62378c,Sporting Goods,tennis racket,generic,best value tennis racket,racchetta da tennis miglior rapporto qualità prezzo,bestes preis-leistungs Tennisschläger
q79d8f7a19,Beauty & Personal Care,mascara,generic,mascara offers,offerte mascara,Mascara angebote
q0b1820715,Electronics,instant camera,generic,cheap instant camera,fotocamera istantanea economici,günstiger Sofortbildkamera
q0e8c4e875,Electronics,2-in-1 laptop,generic,compare 2-in-1 laptop,confronta laptop 2-in-1,2-in-1-Laptop vergleich
q053fbc579,Beauty & Personal Care,nail polish,generic,nail polish specs,specifiche smalto per unghie,Nagellack technische daten
qacdc90ec7,Apparel & Accessories,athletic shoes,generic,athletic shoes offers,offerte scarpe sportive,Sportschuhe angebote
q759213edb,Apparel & Accessories,sneakers,generic,sneakers deals,sneakers occasioni,Sneaker schnäppchen
q2e718bda6,Sporting Goods,stand up paddle,generic,stand up paddle,stand up paddle,Stand-Up-Paddle
q8d336a448,Beauty & Personal Care,lip balm,generic,lip balm specs,specifiche balsamo labbra,Lippenbalsam technische daten
q02b16891c,Apparel & Accessories,sneakers,branded,Nike Jordan 1 Retro High price,Nike Jordan 1 Retro High prezzo,Nike Jordan 1 Retro High preis
q63fa075af,Apparel & Accessories,running watch,generic,running watch,orologio da corsa,Laufuhr
q49dd01e0e,Apparel & Accessories,sport leggings,generic,buy sport leggings,acquista leggings sportivi,Sport-Leggings kaufen
qb5452c2e0,Electronics,Bluetooth speaker,branded,Sony SRS-XB43 offers,Sony SRS-XB43 offerte,Sony SRS-XB43 angebote
qb886839d7,Sporting Goods,road bike,generic,buy road bike online,comprare bici da strada online,Rennrad online kaufen
q60d0750d3,Electronics,gaming console,branded,Xbox Series X price,Xbox Series X prezzo,Xbox Series X preis
qbd32a608e,Beauty & Personal Care,mascara,generic,mascara,mascara,Mascara
q025449260,Baby & Kids,car seat,generic,car seat online,seggiolino auto online,Kindersitz online
q5f9b48d9f,Sporting Goods,basketball,generic,basketball,pallone da basket,Basketball
qddbf29956,Apparel & Accessories,fitness tracker,generic,cheap fitness tracker,fitness tracker economici,günstiger Fitness-Tracker
qd15360e49,Home & Garden,vacuum cleaner,generic,vacuum cleaner sale,aspirapolvere saldi,Staubsauger sale
q1b15d975e,Electronics,camera lens,generic,camera lens deals,obiettivo fotografico occasioni,Kameraobjektiv schnäppchen
qba37dec9f,Beauty & Personal Care,vitamin C serum,branded,buy Paula's Choice C15 Super Booster,acquista Paula's Choice C15 Super Booster,Paula's Choice C15 Super Booster kaufen
q71c80f736,Home & Garden,monitor arm,generic,best value monitor arm,braccio per monitor miglior rapporto qualità prezzo,bestes preis-leistungs Monitorhalterung
q07f03d496,Beauty & Personal Care,face moisturiser,branded,La Roche-Posay Toleriane Double Repair,La Roche-Posay Toleriane Double Repair,La Roche-Posay Toleriane Double Repair
qf0db6b01a,Apparel & Accessories,sports bag,generic,sports bag under 500,borsa sportiva sotto 500 euro,Sporttasche unter 500 euro
q68497ecd7,Home & Garden,air fryer,generic,air fryer specs,specifiche friggitrice ad aria,Heißluftfritteuse technische daten
q1a97df60e,Sporting Goods,mountain bike,branded,buy Trek Marlin 7,acquista Trek Marlin 7,Trek Marlin 7 kaufen
qf56e0c1a5,Sporting Goods,GPS running watch,branded,Garmin Forerunner 265,Garmin Forerunner 265,Garmin Forerunner 265
q9ce27dfee,Electronics,memory card,generic,memory card under 100,scheda di memoria sotto 100 euro,Speicherkarte unter 100 euro
q793e5da11,Home & Garden,standing desk,generic,standing desk online,scrivania regolabile online,Höhenverstellbarer Schreibtisch online
q3b5d43c8d,Sporting Goods,swimming goggles,generic,where to buy swimming goggles,dove comprare occhialini da nuoto,wo Schwimmbrille kaufen
qc20553ef0,Apparel & Accessories,compression socks,generic,compression socks for beginners,calze a compressione per principianti,Kompressionssocken für anfänger
q36af25e76,Apparel & Accessories,tennis shoes,generic,tennis shoes offers,offerte scarpe da tennis,Tennisschuhe angebote
qaa3e36fa8,Electronics,SSD,generic,SSD under 500,SSD sotto 500 euro,SSD unter 500 euro
qf934b8331,Electronics,Bluetooth speaker,generic,where to buy Bluetooth speaker,dove comprare speaker Bluetooth,wo Bluetooth-Lautsprecher kaufen
qb367ccc7e,Sporting Goods,GPS running watch,generic,best GPS running watch,migliori orologio GPS corsa,bestes GPS-Laufuhr
q777d3e3cd,Home & Garden,electric razor,branded,Philips Series 9000 Prestige review,Philips Series 9000 Prestige recensione,Philips Series 9000 Prestige test
qc3d307865,Electronics,budget smartphone,generic,cheap budget smartphone,smartphone economico economici,günstiger Günstiges Smartphone
q819812a59,Sporting Goods,treadmill,generic,treadmill specs,specifiche tapis roulant,Laufband technische daten
q1ed1c55df,Home & Garden,standing desk,branded,Flexispot E7 price,Flexispot E7 prezzo,Flexispot E7 preis
q5b56962d8,Home & Garden,coffee machine,branded,buy De'Longhi Dinamica Plus,acquista De'Longhi Dinamica Plus,De'Longhi Dinamica Plus kaufen
q143c821ba,Home & Garden,standing desk,branded,Flexispot E7 offers,Flexispot E7 offerte,Flexispot E7 angebote
q372af5406,Home & Garden,stand mixer,generic,stand mixer for beginners,impastatrice per principianti,Küchenmaschine für anfänger
qd65ce13ab,Sporting Goods,dumbbell set,generic,best value dumbbell set,set manubri miglior rapporto qualità prezzo,bestes preis-leistungs Hantelset
q047927027,Beauty & Personal Care,sunscreen SPF 50,generic,sunscreen SPF 50 amazon,crema solare SPF 50 amazon,Sonnencreme SPF 50 amazon
qc2eac5d86,Electronics,phone case,generic,cheap phone case,custodia per telefono economici,günstiger Handyhülle
qcd61bf17c,Beauty & Personal Care,perfume,generic,best value perfume,profumo miglior rapporto qualità prezzo,bestes preis-leistungs Parfüm
q975ae8573,Sporting Goods,GPS running watch,branded,Garmin Forerunner 955 offers,Garmin Forerunner 955 offerte,Garmin Forerunner 955 angebote
qa6a306b09,Apparel & Accessories,smartwatch,branded,Garmin Forerunner 965,Garmin Forerunner 965,Garmin Forerunner 965
q3e2bc6f68,Home & Garden,robot vacuum cleaner,branded,Ecovacs Deebot X2 Omni price,Ecovacs Deebot X2 Omni prezzo,Ecovacs Deebot X2 Omni preis
qd86658089,Sporting Goods,GPS running watch,branded,Garmin Forerunner 955 review,Garmin Forerunner 955 recensione,Garmin Forerunner 955 test
qf28362703,Apparel & Accessories,boots,generic,boots specs,specifiche stivali,Stiefel technische daten
q478774b71,Home & Garden,air fryer,branded,buy Tefal Easy Fry Deluxe,acquista Tefal Easy Fry Deluxe,Tefal Easy Fry Deluxe kaufen
q339db8361,Home & Garden,hair straightener,generic,best value hair straightener,piastra per capelli miglior rapporto qualità prezzo,bestes preis-leistungs Haarglätter
q8c63b2536,Electronics,vinyl record player,generic,buy vinyl record player,acquista giradischi,Plattenspieler kaufen
qf4acf8198,Electronics,earbuds,branded,Samsung Galaxy Buds 2 Pro,Samsung Galaxy Buds 2 Pro,Samsung Galaxy Buds 2 Pro
q880f76058,Apparel & Accessories,sports bag,generic,sports bag offers,offerte borsa sportiva,Sporttasche angebote
q8d82c6909,Electronics,flagship smartphone,generic,buy flagship smartphone,acquista smartphone top di gamma,Flagship-Smartphone kaufen
qa2c8acb1c,Electronics,projector,generic,buy projector online,comprare proiettore online,Beamer online kaufen
q5f833c9ae,Sporting Goods,e-bike,generic,e-bike 2024,bici elettrica 2024,E-Bike 2024
q09b7f33f8,Electronics,monitor,generic,top monitor,top monitor,top Monitor
qbe5ec0f88,Home & Garden,humidifier,generic,humidifier rating,valutazione umidificatore,Luftbefeuchter bewertung
q1507f7f63,Electronics,action camera,generic,compare action camera,confronta action camera,Action-Kamera vergleich
qf257880e6,Electronics,webcam,generic,webcam under 500,webcam sotto 500 euro,Webcam unter 500 euro
qce9c80390,Electronics,gaming console,branded,buy Xbox Series X,acquista Xbox Series X,Xbox Series X kaufen
q097226fb0,Electronics,gaming desk,generic,buy gaming desk,acquista scrivania gaming,Gaming-Schreibtisch kaufen
q896ca843e,Electronics,soundbar,generic,soundbar under 500,soundbar sotto 500 euro,Soundbar unter 500 euro
qf3c54e231,Home & Garden,air purifier,generic,air purifier offers,offerte purificatore d'aria,Luftreiniger angebote
q45fb66b2f,Electronics,iPad,generic,iPad,iPad,iPad
qed1b5ee80,Home & Garden,food processor,generic,food processor online,robot da cucina online,Küchenmaschine online
q32690a367,Electronics,drone with camera,generic,drone with camera review,recensione drone con fotocamera,Drohne mit Kamera test
q32d33bf05,Electronics,soundbar,branded,Sony HT-A7000 review,Sony HT-A7000 recensione,Sony HT-A7000 test
q34e17e104,Electronics,4K television,generic,4K television offers,offerte televisore 4K,4K-Fernseher angebote
q92900a568,Electronics,DAC amplifier,generic,DAC amplifier amazon,DAC amplificatore amazon,DAC Verstärker amazon
q3a43b94e2,Sporting Goods,climbing harness,generic,climbing harness offers,offerte imbrago da arrampicata,Klettergurt angebote
q5c9609c67,Beauty & Personal Care,sunscreen SPF 50,generic,sunscreen SPF 50 online,crema solare SPF 50 online,Sonnencreme SPF 50 online
q97066e732,Electronics,smart TV,generic,smart TV offers,offerte smart TV,Smart-TV angebote
qe7daf8404,Home & Garden,hair straightener,branded,Dyson Corrale offers,Dyson Corrale offerte,Dyson Corrale angebote
q1a60b9cff,Sporting Goods,ski boots,generic,ski boots 2024,scarponi da sci 2024,Skischuhe 2024
qd1338e57d,Home & Garden,smart thermostat,generic,smart thermostat professional,termostato intelligente professionale,professioneller Smartes Thermostat
qe69332337,Electronics,QLED television,generic,QLED television review,recensione televisore QLED,QLED-Fernseher test
qde16754d4,Home & Garden,hair straightener,generic,hair straightener deals,piastra per capelli occasioni,Haarglätter schnäppchen
q246457ba7,Home & Garden,smart doorbell,branded,Google Nest Doorbell price,Google Nest Doorbell prezzo,Google Nest Doorbell preis
q40ddf4a1d,Electronics,phone case,generic,phone case under 500,custodia per telefono sotto 500 euro,Handyhülle unter 500 euro
q3addca695,Electronics,2-in-1 laptop,generic,cheap 2-in-1 laptop,laptop 2-in-1 economici,günstiger 2-in-1-Laptop
qaeafa75d9,Electronics,wireless charger,generic,cheap wireless charger,caricatore wireless economici,günstiger Kabelloses Ladegerät
q32e9a1b8c,Electronics,in-ear headphones,generic,cheap in-ear headphones,auricolari in-ear economici,günstiger In-Ear-Kopfhörer
q71a94792b,Sporting Goods,stand up paddle,generic,top stand up paddle,top stand up paddle,top Stand-Up-Paddle
q7e8f041be,Sporting Goods,kettlebell,generic,kettlebell offers,offerte kettlebell,Kettlebell angebote
qbcfa0ea8e,Electronics,mirrorless camera,generic,cheap mirrorless camera,fotocamera mirrorless economici,günstiger Systemkamera
q2eb40058c,Electronics,gaming mouse,generic,gaming mouse for beginners,mouse gaming per principianti,Gaming-Maus für anfänger
q1d4fd5e12,Beauty & Personal Care,vitamin C serum,generic,vitamin C serum for beginners,siero vitamina C per principianti,Vitamin-C-Serum für anfänger
q6e27a48a7,Home & Garden,air fryer,branded,Instant Vortex Plus 6-in-1,Instant Vortex Plus 6-in-1,Instant Vortex Plus 6-in-1
qeb05eba79,Baby & Kids,car seat,generic,car seat under 500,seggiolino auto sotto 500 euro,Kindersitz unter 500 euro
q579871c5c,Baby & Kids,children bicycle,generic,children bicycle for beginners,bicicletta bambini per principianti,Kinderfahrrad für anfänger
q1c5029a19,Sporting Goods,e-bike,branded,buy Specialized Turbo Vado,acquista Specialized Turbo Vado,Specialized Turbo Vado kaufen
q181e258f9,Electronics,tablet,generic,tablet for beginners,tablet per principianti,Tablet für anfänger
q1fb19f3d3,Home & Garden,capsule coffee machine,generic,capsule coffee machine rating,valutazione macchina caffè capsule,Kapselkaffeemaschine bewertung
q8003d8f34,Sporting Goods,e-bike,generic,e-bike sale,bici elettrica saldi,E-Bike sale
q13c912bbc,Baby & Kids,baby carrier,generic,baby carrier under 500,marsupio neonato sotto 500 euro,Babytrage unter 500 euro
qf76298fd5,Apparel & Accessories,sneakers,branded,Nike Jordan 1 Retro High review,Nike Jordan 1 Retro High recensione,Nike Jordan 1 Retro High test
qce839d992,Beauty & Personal Care,nail polish,generic,nail polish online,smalto per unghie online,Nagellack online
qbdd2fd60f,Home & Garden,office chair,generic,office chair under 100,sedia da ufficio sotto 100 euro,Bürostuhl unter 100 euro
q0daa39b7e,Home & Garden,coffee machine,generic,coffee machine under 100,macchina del caffè sotto 100 euro,Kaffeemaschine unter 100 euro
q13edf40d3,Baby & Kids,LEGO,generic,LEGO online,LEGO online,LEGO online
q07c57d427,Electronics,Bluetooth speaker,branded,JBL Flip 6,JBL Flip 6,JBL Flip 6
q7e0601625,Sporting Goods,trekking poles,generic,trekking poles online,bastoni da trekking online,Wanderstöcke online
q4337e8a9a,Electronics,action camera,generic,action camera sale,action camera saldi,Action-Kamera sale
q07ce15c9b,Apparel & Accessories,sandals,generic,compare sandals,confronta sandali,Sandalen vergleich
q09bf18212,Baby & Kids,children bicycle,generic,children bicycle rating,valutazione bicicletta bambini,Kinderfahrrad bewertung
qca672eb5e,Electronics,gaming monitor,generic,buy gaming monitor online,comprare monitor gaming online,Gaming-Monitor online kaufen
q0e9b89d56,Beauty & Personal Care,vitamin C serum,generic,vitamin C serum review,recensione siero vitamina C,Vitamin-C-Serum test
q87f1709e9,Apparel & Accessories,sports bra,generic,sports bra for beginners,reggiseno sportivo per principianti,Sport-BH für anfänger
q53cdf1ba8,Sporting Goods,basketball,generic,compare basketball,confronta pallone da basket,Basketball vergleich
q82195641d,Electronics,gaming mouse,generic,gaming mouse offers,offerte mouse gaming,Gaming-Maus angebote
q320ccbf26,Electronics,2-in-1 laptop,generic,2-in-1 laptop amazon,laptop 2-in-1 amazon,2-in-1-Laptop amazon
qf488cf406,Electronics,OLED television,generic,OLED television under 100,televisore OLED sotto 100 euro,OLED-Fernseher unter 100 euro
q59fd4f2eb,Apparel & Accessories,loafers,generic,loafers under 100,mocassini sotto 100 euro,Loafer unter 100 euro
q6a099c66f,Home & Garden,hair straightener,generic,buy hair straightener,acquista piastra per capelli,Haarglätter kaufen
q34da17ffa,Apparel & Accessories,sandals,generic,sandals price,prezzo sandali,Sandalen preis
qf9457e95d,Electronics,instant camera,generic,instant camera 2024,fotocamera istantanea 2024,Sofortbildkamera 2024
q80c80165b,Electronics,digital camera,branded,buy Panasonic Lumix S5 II,acquista Panasonic Lumix S5 II,Panasonic Lumix S5 II kaufen
q9a41849db,Home & Garden,stand mixer,generic,buy stand mixer online,comprare impastatrice online,Küchenmaschine online kaufen
qcd2809406,Apparel & Accessories,running shoes,branded,Hoka Bondi 8 offers,Hoka Bondi 8 offerte,Hoka Bondi 8 angebote
qe776db7e9,Electronics,DSLR camera,generic,DSLR camera for beginners,reflex digitale per principianti,Spiegelreflexkamera für anfänger
q146484fb8,Home & Garden,hair straightener,branded,Dyson Corrale price,Dyson Corrale prezzo,Dyson Corrale preis
q0c48e6b89,Electronics,mirrorless camera,generic,best mirrorless camera,migliori fotocamera mirrorless,bestes Systemkamera
q5810c9c35,Electronics,instant camera,generic,instant camera deals,fotocamera istantanea occasioni,Sofortbildkamera schnäppchen
q87c41be7f,Baby & Kids,baby stroller,branded,UPPAbaby Vista V2 price,UPPAbaby Vista V2 prezzo,UPPAbaby Vista V2 preis
q818d40f23,Home & Garden,electric toothbrush,branded,Oral-B iO Series 9 price,Oral-B iO Series 9 prezzo,Oral-B iO Series 9 preis
q8583694ac,Sporting Goods,GPS running watch,generic,GPS running watch,orologio GPS corsa,GPS-Laufuhr
q62996aa2c,Apparel & Accessories,sport shorts,generic,sport shorts under 500,pantaloncini sportivi sotto 500 euro,Sporthose unter 500 euro
q1acca0db8,Apparel & Accessories,running jacket,generic,running jacket rating,valutazione giacca da corsa,Laufjacke bewertung
q2a4747b75,Apparel & Accessories,tennis shoes,generic,tennis shoes amazon,scarpe da tennis amazon,Tennisschuhe amazon
q16771105b,Electronics,business laptop,generic,business laptop amazon,laptop business amazon,Business-Laptop amazon
qe95f2dc9c,Baby & Kids,baby carrier,generic,baby carrier offers,offerte marsupio neonato,Babytrage angebote
q3ea6bdb0f,Baby & Kids,car seat,generic,car seat professional,seggiolino auto professionale,professioneller Kindersitz
q96af9cbed,Electronics,digital camera,branded,Fujifilm X-T5 review,Fujifilm X-T5 recensione,Fujifilm X-T5 test
q91605d878,Electronics,drone with camera,generic,buy drone with camera,acquista drone con fotocamera,Drohne mit Kamera kaufen
q9bb2e7f35,Home & Garden,capsule coffee machine,generic,capsule coffee machine for beginners,macchina caffè capsule per principianti,Kapselkaffeemaschine für anfänger
q2b96fd310,Apparel & Accessories,smartwatch,branded,Garmin Epix Gen 2,Garmin Epix Gen 2,Garmin Epix Gen 2
qdd546f1ca,Sporting Goods,climbing harness,generic,buy climbing harness online,comprare imbrago da arrampicata online,Klettergurt online kaufen
q5c619c3f7,Electronics,business laptop,generic,business laptop for beginners,laptop business per principianti,Business-Laptop für anfänger
qb3aa2fa4a,Apparel & Accessories,running watch,generic,top running watch,top orologio da corsa,top Laufuhr
q27863f578,Electronics,gaming console,branded,Xbox Series X review,Xbox Series X recensione,Xbox Series X test
qb8431f451,Electronics,laptop,branded,MacBook Air M3 review,MacBook Air M3 recensione,MacBook Air M3 test
qce239c8b5,Apparel & Accessories,sneakers,generic,sneakers under 500,sneakers sotto 500 euro,Sneaker unter 500 euro
q69cb0c2b0,Apparel & Accessories,sports bra,generic,sports bra 2024,reggiseno sportivo 2024,Sport-BH 2024
q190600079,Home & Garden,air fryer,generic,best air fryer,migliori friggitrice ad aria,bestes Heißluftfritteuse
q325f14913,Electronics,gaming laptop,branded,Lenovo Legion 5 Pro review,Lenovo Legion 5 Pro recensione,Lenovo Legion 5 Pro test
q027b76dcd,Electronics,monitor,branded,LG 27UK850 review,LG 27UK850 recensione,LG 27UK850 test
q3f45d680e,Sporting Goods,road bike,branded,Specialized Allez review,Specialized Allez recensione,Specialized Allez test
qba780d15d,Electronics,smartphone,branded,buy Honor Magic 6 Pro,acquista Honor Magic 6 Pro,Honor Magic 6 Pro kaufen
q651a2f57c,Electronics,earbuds,generic,best value earbuds,auricolari miglior rapporto qualità prezzo,bestes preis-leistungs Ohrstöpsel
q578173eef,Sporting Goods,exercise bike,generic,exercise bike review,recensione cyclette,Heimtrainer test
q85551e6d8,Electronics,tripod,generic,compare tripod,confronta treppiede,Stativ vergleich
q3ec547d4e,Apparel & Accessories,sunglasses,branded,Ray-Ban Wayfarer review,Ray-Ban Wayfarer recensione,Ray-Ban Wayfarer test
qa7b373c78,Sporting Goods,dumbbell set,generic,dumbbell set,set manubri,Hantelset
qabc9dbcfe,Apparel & Accessories,football boots,generic,top football boots,top scarpe da calcio,top Fußballschuhe
q643e0c4ad,Electronics,webcam,generic,best webcam,migliori webcam,bestes Webcam
q8f3f15286,Electronics,camera lens,generic,buy camera lens online,comprare obiettivo fotografico online,Kameraobjektiv online kaufen
qba16734cc,Apparel & Accessories,smartwatch,branded,Garmin Fenix 7 offers,Garmin Fenix 7 offerte,Garmin Fenix 7 angebote
qc84de2c81,Beauty & Personal Care,perfume,generic,buy perfume,acquista profumo,Parfüm kaufen
q2808e9889,Baby & Kids,toys,branded,buy LEGO Harry Potter Hogwarts Castle,acquista LEGO Harry Potter Hogwarts Castle,LEGO Harry Potter Hogwarts Castle kaufen
qb4a389ed5,Electronics,gaming mouse,branded,Logitech G Pro X Superlight 2 offers,Logitech G Pro X Superlight 2 offerte,Logitech G Pro X Superlight 2 angebote
q01d43b8ac,Apparel & Accessories,athletic shoes,generic,athletic shoes sale,scarpe sportive saldi,Sportschuhe sale
qfaf0967f3,Sporting Goods,surf board,generic,surf board 2024,tavola da surf 2024,Surfbrett 2024
q42690bfc5,Sporting Goods,dumbbell set,generic,dumbbell set deals,set manubri occasioni,Hantelset schnäppchen
q6d3b4999f,Home & Garden,standing desk,branded,Jarvis Standing Desk review,Jarvis Standing Desk recensione,Jarvis Standing Desk test
q2c26b2251,Sporting Goods,surf board,branded,Firewire Seaside review,Firewire Seaside recensione,Firewire Seaside test
qed49a1beb,Sporting Goods,cycling helmet,generic,cycling helmet price,prezzo casco da bici,Fahrradhelm preis
q9d1a8e2db,Home & Garden,standing desk,branded,Uplift V2 review,Uplift V2 recensione,Uplift V2 test
q841ad07c7,Apparel & Accessories,boots,generic,boots sale,stivali saldi,Stiefel sale
q9a66ddb0c,Home & Garden,espresso machine,branded,Rancilio Silvia Pro X offers,Rancilio Silvia Pro X offerte,Rancilio Silvia Pro X angebote
qc3d69bad6,Sporting Goods,stand up paddle,generic,stand up paddle offers,offerte stand up paddle,Stand-Up-Paddle angebote
qd7f32553e,Electronics,ultrabook,generic,cheap ultrabook,ultrabook economici,günstiger Ultrabook
q5d56a206d,Home & Garden,smart doorbell,branded,Ring Video Doorbell Pro 2 offers,Ring Video Doorbell Pro 2 offerte,Ring Video Doorbell Pro 2 angebote
q627ab2eaa,Sporting Goods,climbing harness,generic,climbing harness 2024,imbrago da arrampicata 2024,Klettergurt 2024
q5f5a3653a,Home & Garden,monitor arm,generic,monitor arm,braccio per monitor,Monitorhalterung
qbc6a990b1,Electronics,laptop stand,generic,laptop stand online,supporto laptop online,Laptop-Ständer online
q099fa38c7,Sporting Goods,GPS running watch,generic,cheap GPS running watch,orologio GPS corsa economici,günstiger GPS-Laufuhr
q2a303859b,Home & Garden,capsule coffee machine,generic,capsule coffee machine professional,macchina caffè capsule professionale,professioneller Kapselkaffeemaschine
qc3716f285,Sporting Goods,treadmill,generic,treadmill amazon,tapis roulant amazon,Laufband amazon
qe9e89680a,Electronics,camera bag,generic,buy camera bag,acquista borsa per fotocamera,Kameratasche kaufen
q48712868a,Sporting Goods,foam roller,generic,foam roller rating,valutazione foam roller,Schaumstoffrolle bewertung
q7ad40dad6,Sporting Goods,football,generic,best football,migliori pallone da calcio,bestes Fußball
q5caadf1d3,Apparel & Accessories,football boots,generic,football boots,scarpe da calcio,Fußballschuhe
q05a7064c8,Beauty & Personal Care,mascara,generic,mascara online,mascara online,Mascara online
q4d8fdb379,Sporting Goods,swimming goggles,generic,swimming goggles online,occhialini da nuoto online,Schwimmbrille online
qd74631269,Baby & Kids,car seat,generic,car seat rating,valutazione seggiolino auto,Kindersitz bewertung
q672e0a567,Baby & Kids,baby carrier,generic,cheap baby carrier,marsupio neonato economici,günstiger Babytrage
qfaca051c9,Home & Garden,espresso machine,generic,espresso machine for beginners,macchina per espresso per principianti,Espressomaschine für anfänger
q4d60892ff,Sporting Goods,exercise bike,generic,exercise bike 2024,cyclette 2024,Heimtrainer 2024
q4087c33db,Electronics,action camera,generic,cheap action camera,action camera economici,günstiger Action-Kamera
qf4b2aa43e,Home & Garden,coffee machine,generic,best value coffee machine,macchina del caffè miglior rapporto qualità prezzo,bestes preis-leistungs Kaffeemaschine
qaeed6212f,Electronics,portable speaker,generic,portable speaker review,recensione altoparlante portatile,Portabler Lautsprecher test
q09ec8147f,Apparel & Accessories,winter jacket,generic,best winter jacket,migliori giacca invernale,bestes Winterjacke
q385ca1867,Home & Garden,hair straightener,generic,hair straightener online,piastra per capelli online,Haarglätter online
q23a5e08b9,Apparel & Accessories,running shoes,generic,running shoes rating,valutazione scarpe da corsa,Laufschuhe bewertung
qadb68302b,Home & Garden,air purifier,generic,air purifier review,recensione purificatore d'aria,Luftreiniger test
qce038ef19,Sporting Goods,cycling helmet,generic,where to buy cycling helmet,dove comprare casco da bici,wo Fahrradhelm kaufen
qdac2ce211,Beauty & Personal Care,mascara,generic,mascara price,prezzo mascara,Mascara preis
q57ef7ceeb,Apparel & Accessories,fitness tracker,branded,buy Polar Pacer Pro,acquista Polar Pacer Pro,Polar Pacer Pro kaufen
qf048512b5,Baby & Kids,baby stroller,generic,baby stroller,passeggino,Kinderwagen
q5a9ef36dc,Electronics,gaming mouse,generic,best value gaming mouse,mouse gaming miglior rapporto qualità prezzo,bestes preis-leistungs Gaming-Maus
qfe7bc74c6,Electronics,monitor,generic,monitor 2024,monitor 2024,Monitor 2024
q10ac9f883,Apparel & Accessories,basketball shoes,generic,basketball shoes 2024,scarpe da basket 2024,Basketballschuhe 2024
q6cbcc2595,Electronics,gaming chair,generic,gaming chair online,sedia gaming online,Gaming-Stuhl online
qa43172f53,Apparel & Accessories,polo shirt,generic,polo shirt amazon,polo amazon,Poloshirt amazon
qc2e00809c,Electronics,digital camera,generic,digital camera under 100,fotocamera digitale sotto 100 euro,Digitalkamera unter 100 euro
q35652a687,Home & Garden,air purifier,branded,Levoit Core 600S price,Levoit Core 600S prezzo,Levoit Core 600S preis
qdf88e41e1,Electronics,flagship smartphone,generic,compare flagship smartphone,confronta smartphone top di gamma,Flagship-Smartphone vergleich
qe877438e1,Sporting Goods,road bike,generic,buy road bike,acquista bici da strada,Rennrad kaufen
qfb277491e,Home & Garden,standing desk,generic,buy standing desk,acquista scrivania regolabile,Höhenverstellbarer Schreibtisch kaufen
qe36d6ac31,Apparel & Accessories,backpack,generic,backpack,zaino,Rucksack
qbfdb7fda2,Sporting Goods,ski helmet,generic,ski helmet offers,offerte casco da sci,Skihelm angebote
q8187b1a2b,Sporting Goods,cycling helmet,branded,Giro Synthe MIPS,Giro Synthe MIPS,Giro Synthe MIPS
qb4f862667,Sporting Goods,road bike,generic,road bike under 500,bici da strada sotto 500 euro,Rennrad unter 500 euro
q9c023e40a,Electronics,webcam,generic,webcam deals,webcam occasioni,Webcam schnäppchen
q0f05411c6,Sporting Goods,mountain bike,generic,mountain bike specs,specifiche mountain bike,Mountainbike technische daten
q6e3f4e773,Electronics,laptop,generic,top laptop,top laptop,top Laptop
q7dfab77a4,Baby & Kids,baby carrier,generic,compare baby carrier,confronta marsupio neonato,Babytrage vergleich
qe2235f682,Sporting Goods,yoga mat,generic,buy yoga mat online,comprare tappetino yoga online,Yogamatte online kaufen
q533aa4136,Beauty & Personal Care,vitamin C serum,generic,vitamin C serum 2024,siero vitamina C 2024,Vitamin-C-Serum 2024
q20075b53d,Home & Garden,vacuum cleaner,generic,vacuum cleaner price,prezzo aspirapolvere,Staubsauger preis
qa5d8d2109,Beauty & Personal Care,retinol cream,generic,buy retinol cream,acquista crema al retinolo,Retinol-Creme kaufen
qf0bcdd02f,Electronics,vinyl record player,generic,best value vinyl record player,giradischi miglior rapporto qualità prezzo,bestes preis-leistungs Plattenspieler
q6bd43524c,Beauty & Personal Care,sunscreen SPF 50,generic,sunscreen SPF 50 under 100,crema solare SPF 50 sotto 100 euro,Sonnencreme SPF 50 unter 100 euro
qab426637e,Electronics,smartphone,branded,Samsung Galaxy S24 Ultra price,Samsung Galaxy S24 Ultra prezzo,Samsung Galaxy S24 Ultra preis
qb4943967e,Home & Garden,air purifier,branded,Dyson Purifier Hot+Cool review,Dyson Purifier Hot+Cool recensione,Dyson Purifier Hot+Cool test
qd5e5661ec,Sporting Goods,camping tent,generic,compare camping tent,confronta tenda da campeggio,Campingzelt vergleich
q4c7562e9d,Sporting Goods,surf board,generic,surf board amazon,tavola da surf amazon,Surfbrett amazon
q26db34a29,Sporting Goods,sleeping bag,generic,sleeping bag rating,valutazione sacco a pelo,Schlafsack bewertung
q0f09c4481,Electronics,laptop stand,generic,top laptop stand,top supporto laptop,top Laptop-Ständer
q75ed9beee,Sporting Goods,trekking poles,generic,cheap trekking poles,bastoni da trekking economici,günstiger Wanderstöcke
qbcd1b1708,Electronics,home cinema system,generic,home cinema system 2024,sistema home cinema 2024,Heimkinosystem 2024
q2febf6cb9,Electronics,in-ear headphones,generic,buy in-ear headphones,acquista auricolari in-ear,In-Ear-Kopfhörer kaufen
qb3a7eda8a,Sporting Goods,protein powder,branded,buy MyProtein Impact Whey,acquista MyProtein Impact Whey,MyProtein Impact Whey kaufen
q81295e9fb,Home & Garden,vacuum cleaner,branded,buy Shark Vertex AZ2002,acquista Shark Vertex AZ2002,Shark Vertex AZ2002 kaufen
qe7beaf3ee,Sporting Goods,energy gel,generic,energy gel offers,offerte gel energetico,Energiegel angebote
q56047f3a9,Electronics,digital camera,branded,Canon EOS R6 Mark II offers,Canon EOS R6 Mark II offerte,Canon EOS R6 Mark II angebote
qcf1ffe1ed,Sporting Goods,surf board,branded,Firewire Seaside,Firewire Seaside,Firewire Seaside
q2e00b3c60,Beauty & Personal Care,perfume,branded,YSL Black Opium offers,YSL Black Opium offerte,YSL Black Opium angebote
qdc4fa21cc,Sporting Goods,swimming goggles,generic,swimming goggles professional,occhialini da nuoto professionale,professioneller Schwimmbrille
q5c9b26b24,Apparel & Accessories,sports bag,generic,sports bag under 100,borsa sportiva sotto 100 euro,Sporttasche unter 100 euro
q53724da94,Electronics,VR headset,generic,VR headset,visore VR,VR-Headset
q34528ef92,Electronics,monitor,generic,monitor rating,valutazione monitor,Monitor bewertung
q93763d91d,Sporting Goods,protein powder,generic,best value protein powder,proteine in polvere miglior rapporto qualità prezzo,bestes preis-leistungs Proteinpulver
qffb19230a,Apparel & Accessories,running shoes,branded,Nike Air Force 1 review,Nike Air Force 1 recensione,Nike Air Force 1 test
q9313c5fe9,Electronics,gaming monitor,generic,gaming monitor online,monitor gaming online,Gaming-Monitor online
qa039505f3,Electronics,drone with camera,generic,compare drone with camera,confronta drone con fotocamera,Drohne mit Kamera vergleich
qdf4f025d7,Apparel & Accessories,sneakers,branded,Nike Dunk Low offers,Nike Dunk Low offerte,Nike Dunk Low angebote
qa63bd505f,Electronics,DSLR camera,generic,DSLR camera review,recensione reflex digitale,Spiegelreflexkamera test
q59e343ed5,Apparel & Accessories,running shoes,branded,Adidas Gazelle price,Adidas Gazelle prezzo,Adidas Gazelle preis
q571476647,Electronics,wireless charger,generic,wireless charger offers,offerte caricatore wireless,Kabelloses Ladegerät angebote
q7126338a3,Electronics,SSD,generic,SSD,SSD,SSD
q271343ff6,Sporting Goods,GPS running watch,generic,GPS running watch under 500,orologio GPS corsa sotto 500 euro,GPS-Laufuhr unter 500 euro
qe60854a6c,Home & Garden,hair dryer,generic,top hair dryer,top asciugacapelli,top Haartrockner
qdfa5a3591,Home & Garden,air fryer,branded,Philips Airfryer XXL price,Philips Airfryer XXL prezzo,Philips Airfryer XXL preis
qa51008b37,Home & Garden,stand mixer,generic,stand mixer review,recensione impastatrice,Küchenmaschine test
qafffebb7b,Electronics,mechanical keyboard,generic,mechanical keyboard specs,specifiche tastiera meccanica,Mechanische Tastatur technische daten
q4184bfa3d,Sporting Goods,climbing harness,generic,cheap climbing harness,imbrago da arrampicata economici,günstiger Klettergurt
qa76f10fc7,Sporting Goods,foam roller,generic,foam roller specs,specifiche foam roller,Schaumstoffrolle technische daten
qcbbb3e20b,Sporting Goods,tennis racket,branded,Head Prestige MP offers,Head Prestige MP offerte,Head Prestige MP angebote
q37e760662,Electronics,Bluetooth speaker,branded,buy Sony SRS-XB43,acquista Sony SRS-XB43,Sony SRS-XB43 kaufen
qff04e132d,Baby & Kids,children bicycle,generic,best value children bicycle,bicicletta bambini miglior rapporto qualità prezzo,bestes preis-leistungs Kinderfahrrad
q1b635af4e,Apparel & Accessories,sport shorts,generic,sport shorts 2024,pantaloncini sportivi 2024,Sporthose 2024
q1a4b995f9,Electronics,smartphone,generic,smartphone offers,offerte smartphone,Smartphone angebote
q62a7d03e3,Home & Garden,robot vacuum cleaner,generic,robot vacuum cleaner under 500,aspirapolvere robot sotto 500 euro,Saugroboter unter 500 euro
q11f5e6781,Sporting Goods,badminton racket,generic,badminton racket 2024,racchetta da badminton 2024,Badmintonschläger 2024
q41760996a,Electronics,smartphone,branded,Samsung Galaxy S24,Samsung Galaxy S24,Samsung Galaxy S24
q0afd5c4ab,Apparel & Accessories,hiking boots,generic,where to buy hiking boots,dove comprare scarpe da trekking,wo Wanderstiefel kaufen
q836cd7456,Electronics,budget smartphone,generic,budget smartphone 2024,smartphone economico 2024,Günstiges Smartphone 2024
qe5218ea9d,Home & Garden,coffee machine,generic,coffee machine under 500,macchina del caffè sotto 500 euro,Kaffeemaschine unter 500 euro
qf9f311d2f,Electronics,ultrabook,generic,ultrabook sale,ultrabook saldi,Ultrabook sale
q397960075,Electronics,screen protector,generic,screen protector amazon,protezione schermo amazon,Displayschutzfolie amazon
q201f09f56,Beauty & Personal Care,sunscreen SPF 50,generic,buy sunscreen SPF 50,acquista crema solare SPF 50,Sonnencreme SPF 50 kaufen
q9742e0619,Sporting Goods,surf board,generic,surf board offers,offerte tavola da surf,Surfbrett angebote
q5a2780292,Home & Garden,electric razor,branded,Philips Series 9000 Prestige price,Philips Series 9000 Prestige prezzo,Philips Series 9000 Prestige preis
qeabe16bc8,Apparel & Accessories,cycling shoes,generic,cycling shoes professional,scarpe da ciclismo professionale,professioneller Radschuhe
q7f919a9ae,Home & Garden,smart thermostat,generic,best value smart thermostat,termostato intelligente miglior rapporto qualità prezzo,bestes preis-leistungs Smartes Thermostat
qddbf858e1,Electronics,iPad,generic,best iPad,migliori iPad,bestes iPad
q86fb9e941,Electronics,soundbar,generic,top soundbar,top soundbar,top Soundbar
qbc2e9efc3,Apparel & Accessories,winter jacket,generic,winter jacket under 500,giacca invernale sotto 500 euro,Winterjacke unter 500 euro
q910d962ef,Electronics,mechanical keyboard,generic,mechanical keyboard offers,offerte tastiera meccanica,Mechanische Tastatur angebote
qa7124e8d3,Apparel & Accessories,boots,generic,compare boots,confronta stivali,Stiefel vergleich
q85b3bce11,Electronics,earbuds,branded,Bose QuietComfort Earbuds II,Bose QuietComfort Earbuds II,Bose QuietComfort Earbuds II
q43e8727d9,Apparel & Accessories,running watch,generic,running watch price,prezzo orologio da corsa,Laufuhr preis
qc93c08768,Sporting Goods,GPS running watch,branded,Coros Pace 3 offers,Coros Pace 3 offerte,Coros Pace 3 angebote
qaaaf5148b,Electronics,camera lens,generic,best value camera lens,obiettivo fotografico miglior rapporto qualità prezzo,bestes preis-leistungs Kameraobjektiv
qe9a072aed,Home & Garden,electric razor,branded,Braun Series 9 Pro+,Braun Series 9 Pro+,Braun Series 9 Pro+
q6c0bef4c6,Baby & Kids,scooter kids,generic,scooter kids professional,monopattino bambini professionale,professioneller Kinderroller
qc41d81ce4,Beauty & Personal Care,retinol cream,generic,retinol cream offers,offerte crema al retinolo,Retinol-Creme angebote
q80d058ee8,Electronics,power bank,generic,power bank online,power bank online,Powerbank online
qa6c5fb36c,Electronics,home cinema system,generic,home cinema system review,recensione sistema home cinema,Heimkinosystem test
q0cb32bf7c,Baby & Kids,LEGO,generic,LEGO rating,valutazione LEGO,LEGO bewertung
qa8f4f8a17,Home & Garden,hair dryer,branded,Parlux Alyon Air Ionizer offers,Parlux Alyon Air Ionizer offerte,Parlux Alyon Air Ionizer angebote
q2bbc9ca29,Sporting Goods,e-bike,generic,e-bike for beginners,bici elettrica per principianti,E-Bike für anfänger
q7cecb05b5,Electronics,smartphone,branded,Google Pixel 9 Pro,Google Pixel 9 Pro,Google Pixel 9 Pro
q6008b388f,Home & Garden,blender,generic,blender,frullatore,Mixer
qb4a91c133,Home & Garden,robot vacuum cleaner,branded,Dyson 360 Vis Nav review,Dyson 360 Vis Nav recensione,Dyson 360 Vis Nav test
q3469e678e,Electronics,wireless charger,generic,wireless charger online,caricatore wireless online,Kabelloses Ladegerät online
q2efe0ba1f,Electronics,laptop,branded,ASUS ZenBook Pro price,ASUS ZenBook Pro prezzo,ASUS ZenBook Pro preis
q8685c1feb,Beauty & Personal Care,perfume,branded,Chanel N°5 offers,Chanel N°5 offerte,Chanel N°5 angebote
q19f1d9284,Sporting Goods,camping tent,generic,camping tent sale,tenda da campeggio saldi,Campingzelt sale
q24fcd9432,Baby & Kids,baby stroller,generic,baby stroller 2024,passeggino 2024,Kinderwagen 2024
qdc16ea310,Home & Garden,humidifier,generic,where to buy humidifier,dove comprare umidificatore,wo Luftbefeuchter kaufen
q91d6ea684,Electronics,wireless charger,generic,wireless charger deals,caricatore wireless occasioni,Kabelloses Ladegerät schnäppchen
qed66e905e,Sporting Goods,tennis racket,generic,tennis racket sale,racchetta da tennis saldi,Tennisschläger sale
q57aa65c33,Electronics,memory card,generic,memory card for beginners,scheda di memoria per principianti,Speicherkarte für anfänger
q2ba308cd4,Electronics,laptop,branded,Lenovo ThinkPad X1 Carbon review,Lenovo ThinkPad X1 Carbon recensione,Lenovo ThinkPad X1 Carbon test
qc788e7229,Electronics,gaming monitor,generic,gaming monitor,monitor gaming,Gaming-Monitor
q9e8d4a299,Sporting Goods,GPS running watch,branded,Garmin Forerunner 265 review,Garmin Forerunner 265 recensione,Garmin Forerunner 265 test
q5d7bfb1e1,Home & Garden,instant pot,generic,instant pot rating,valutazione pentola a pressione,Schnellkochtopf bewertung
q9b586d215,Sporting Goods,swimming goggles,generic,swimming goggles amazon,occhialini da nuoto amazon,Schwimmbrille amazon
q98eeb6097,Electronics,Android tablet,generic,Android tablet under 500,tablet Android sotto 500 euro,Android-Tablet unter 500 euro
q8dd46c6ad,Home & Garden,food processor,generic,buy food processor,acquista robot da cucina,Küchenmaschine kaufen
q102e32427,Sporting Goods,cycling helmet,branded,POC Ventral Air Mips,POC Ventral Air Mips,POC Ventral Air Mips
q008a956fd,Sporting Goods,ski boots,generic,buy ski boots online,comprare scarponi da sci online,Skischuhe online kaufen
q2dfd609e7,Electronics,smartphone,branded,iPhone 15 Pro price,iPhone 15 Pro prezzo,iPhone 15 Pro preis
q4805c54fb,Beauty & Personal Care,face moisturiser,branded,CeraVe Moisturising Cream,CeraVe Moisturising Cream,CeraVe Moisturising Cream
q108a9baa2,Sporting Goods,camping tent,generic,camping tent,tenda da campeggio,Campingzelt
q0de3f0b03,Apparel & Accessories,sports bra,generic,where to buy sports bra,dove comprare reggiseno sportivo,wo Sport-BH kaufen
q58a3ed1cc,Electronics,gaming mouse,generic,top gaming mouse,top mouse gaming,top Gaming-Maus
q496f79850,Electronics,noise cancelling headphones,generic,noise cancelling headphones offers,offerte cuffie noise cancelling,Noise-Cancelling-Kopfhörer angebote
qc609bcb8a,Home & Garden,hair straightener,generic,best hair straightener,migliori piastra per capelli,bestes Haarglätter
qe171a0080,Apparel & Accessories,football boots,generic,football boots offers,offerte scarpe da calcio,Fußballschuhe angebote
q6d4bbac12,Electronics,streaming device,generic,streaming device rating,valutazione dispositivo streaming,Streaming-Gerät bewertung
qd1028226c,Electronics,portable speaker,generic,portable speaker under 100,altoparlante portatile sotto 100 euro,Portabler Lautsprecher unter 100 euro
q6514ccd18,Home & Garden,food processor,generic,compare food processor,confronta robot da cucina,Küchenmaschine vergleich
qd027f3ea4,Electronics,external hard drive,branded,buy WD My Passport 2TB,acquista WD My Passport 2TB,WD My Passport 2TB kaufen
q76901e62c,Electronics,instant camera,generic,instant camera rating,valutazione fotocamera istantanea,Sofortbildkamera bewertung
qf4662f8f8,Electronics,instant camera,generic,instant camera sale,fotocamera istantanea saldi,Sofortbildkamera sale
q638ce221d,Electronics,phone case,branded,Spigen Tough Armor iPhone 15 review,Spigen Tough Armor iPhone 15 recensione,Spigen Tough Armor iPhone 15 test
q3b4e20c52,Home & Garden,office chair,branded,buy Steelcase Leap V2,acquista Steelcase Leap V2,Steelcase Leap V2 kaufen
q9c8af1d63,Apparel & Accessories,sneakers,generic,sneakers specs,specifiche sneakers,Sneaker technische daten
qec935f26b,Sporting Goods,stand up paddle,generic,stand up paddle for beginners,stand up paddle per principianti,Stand-Up-Paddle für anfänger
q64952777d,Electronics,gaming console,branded,PlayStation 5 price,PlayStation 5 prezzo,PlayStation 5 preis
q2ea23d41c,Electronics,camera lens,generic,best camera lens,migliori obiettivo fotografico,bestes Kameraobjektiv
q89744dab3,Apparel & Accessories,sneakers,branded,buy Vans Old Skool,acquista Vans Old Skool,Vans Old Skool kaufen
qc1c481479,Electronics,noise cancelling headphones,branded,Bose QuietComfort Ultra,Bose QuietComfort Ultra,Bose QuietComfort Ultra
q4df2bcffd,Electronics,digital camera,generic,digital camera offers,offerte fotocamera digitale,Digitalkamera angebote
qf1423e9f1,Electronics,streaming device,generic,compare streaming device,confronta dispositivo streaming,Streaming-Gerät vergleich
q1ebcf06f6,Electronics,soundbar,generic,soundbar rating,valutazione soundbar,Soundbar bewertung
qd2d63a98f,Home & Garden,hair dryer,branded,buy ghd Helios,acquista ghd Helios,ghd Helios kaufen
q5a65231d9,Apparel & Accessories,running jacket,generic,where to buy running jacket,dove comprare giacca da corsa,wo Laufjacke kaufen
q46562e15c,Electronics,smart TV,generic,best value smart TV,smart TV miglior rapporto qualità prezzo,bestes preis-leistungs Smart-TV
qb12f8d879,Electronics,tripod,generic,where to buy tripod,dove comprare treppiede,wo Stativ kaufen
q85ed1a03e,Apparel & Accessories,winter jacket,generic,winter jacket 2024,giacca invernale 2024,Winterjacke 2024
q36a5e138d,Apparel & Accessories,sunglasses,generic,where to buy sunglasses,dove comprare occhiali da sole,wo Sonnenbrille kaufen
qbd6b54001,Apparel & Accessories,cycling shoes,generic,cycling shoes rating,valutazione scarpe da ciclismo,Radschuhe bewertung
qd1537449c,Sporting Goods,e-bike,branded,Specialized Turbo Vado review,Specialized Turbo Vado recensione,Specialized Turbo Vado test
q41eb1a4dc,Electronics,smart TV,generic,buy smart TV,acquista smart TV,Smart-TV kaufen
q786366588,Electronics,flagship smartphone,generic,flagship smartphone offers,offerte smartphone top di gamma,Flagship-Smartphone angebote
qda0da4718,Home & Garden,instant pot,generic,instant pot deals,pentola a pressione occasioni,Schnellkochtopf schnäppchen
q695edd539,Electronics,action camera,generic,action camera specs,specifiche action camera,Action-Kamera technische daten
q0bd755a88,Apparel & Accessories,cycling shoes,generic,cycling shoes review,recensione scarpe da ciclismo,Radschuhe test
q4bc9628c1,Electronics,projector,generic,compare projector,confronta proiettore,Beamer vergleich
qde569d926,Beauty & Personal Care,mascara,generic,mascara review,recensione mascara,Mascara test
q723a55e75,Apparel & Accessories,running shoes,branded,Hoka Bondi 8 price,Hoka Bondi 8 prezzo,Hoka Bondi 8 preis
q8a138bdfa,Electronics,external hard drive,generic,external hard drive rating,valutazione hard disk esterno,Externe Festplatte bewertung
qa63b1c40d,Sporting Goods,swimming goggles,generic,best swimming goggles,migliori occhialini da nuoto,bestes Schwimmbrille
qc966969f3,Apparel & Accessories,compression socks,generic,where to buy compression socks,dove comprare calze a compressione,wo Kompressionssocken kaufen
qf6ee3e5c4,Sporting Goods,ski boots,generic,ski boots rating,valutazione scarponi da sci,Skischuhe bewertung
qe747110ed,Sporting Goods,heart rate monitor,generic,top heart rate monitor,top cardiofrequenzimetro,top Herzfrequenzmesser
qa1267ba0c,Beauty & Personal Care,foundation makeup,generic,top foundation makeup,top fondotinta,top Foundation
q22de94c8c,Sporting Goods,sports nutrition,generic,sports nutrition price,prezzo nutrizione sportiva,Sportnahrung preis
q63371c8ed,Electronics,mechanical keyboard,branded,Logitech MX Mechanical,Logitech MX Mechanical,Logitech MX Mechanical
q5e3d5bc0b,Apparel & Accessories,boots,generic,boots for beginners,stivali per principianti,Stiefel für anfänger
qc7491db07,Electronics,camera lens,generic,compare camera lens,confronta obiettivo fotografico,Kameraobjektiv vergleich
q403729bca,Electronics,digital camera,generic,digital camera amazon,fotocamera digitale amazon,Digitalkamera amazon
q4fb46e2ca,Electronics,noise cancelling headphones,generic,where to buy noise cancelling headphones,dove comprare cuffie noise cancelling,wo Noise-Cancelling-Kopfhörer kaufen
q0fdf3f6ca,Electronics,VR headset,branded,buy Apple Vision Pro,acquista Apple Vision Pro,Apple Vision Pro kaufen
q9ea105a8c,Home & Garden,office chair,generic,office chair online,sedia da ufficio online,Bürostuhl online
qe5d8a140f,Electronics,in-ear headphones,generic,best value in-ear headphones,auricolari in-ear miglior rapporto qualità prezzo,bestes preis-leistungs In-Ear-Kopfhörer
qb9afd540e,Apparel & Accessories,sport leggings,generic,compare sport leggings,confronta leggings sportivi,Sport-Leggings vergleich
q9acad78ca,Beauty & Personal Care,sunscreen SPF 50,generic,sunscreen SPF 50 price,prezzo crema solare SPF 50,Sonnencreme SPF 50 preis
qf3efa3707,Home & Garden,blender,generic,blender rating,valutazione frullatore,Mixer bewertung
q5c7903b4a,Home & Garden,espresso machine,generic,espresso machine under 500,macchina per espresso sotto 500 euro,Espressomaschine unter 500 euro
qd10e853b6,Home & Garden,air purifier,branded,buy Dyson Purifier Hot+Cool,acquista Dyson Purifier Hot+Cool,Dyson Purifier Hot+Cool kaufen
q40b3242ca,Sporting Goods,basketball,generic,basketball 2024,pallone da basket 2024,Basketball 2024
qa31cd9e90,Electronics,DAC amplifier,generic,where to buy DAC amplifier,dove comprare DAC amplificatore,wo DAC Verstärker kaufen
qb11c2655c,Electronics,noise cancelling headphones,branded,Bose QuietComfort Ultra offers,Bose QuietComfort Ultra offerte,Bose QuietComfort Ultra angebote
q89fef09d4,Apparel & Accessories,sunglasses,branded,buy Oakley Radar EV Path,acquista Oakley Radar EV Path,Oakley Radar EV Path kaufen
qfa9ec6150,Electronics,earbuds,generic,earbuds price,prezzo auricolari,Ohrstöpsel preis
q2c9dd49a1,Sporting Goods,treadmill,branded,NordicTrack Commercial 1750 offers,NordicTrack Commercial 1750 offerte,NordicTrack Commercial 1750 angebote
q9d87532e4,Electronics,Android tablet,generic,Android tablet under 100,tablet Android sotto 100 euro,Android-Tablet unter 100 euro
q62810f427,Electronics,projector,generic,projector online,proiettore online,Beamer online
qb61fb0b3c,Sporting Goods,exercise bike,generic,exercise bike sale,cyclette saldi,Heimtrainer sale
q714afdde4,Apparel & Accessories,boots,generic,buy boots,acquista stivali,Stiefel kaufen
qc5b06ec81,Sporting Goods,mountain bike,generic,mountain bike,mountain bike,Mountainbike
q1a1406d16,Apparel & Accessories,running jacket,generic,running jacket 2024,giacca da corsa 2024,Laufjacke 2024
qa43f38da5,Electronics,webcam,generic,webcam professional,webcam professionale,professioneller Webcam
qa45cde226,Apparel & Accessories,sneakers,branded,buy Adidas Stan Smith,acquista Adidas Stan Smith,Adidas Stan Smith kaufen
q1af3bf2d4,Sporting Goods,foam roller,generic,foam roller price,prezzo foam roller,Schaumstoffrolle preis
qd5c10f86d,Electronics,drone with camera,generic,drone with camera under 100,drone con fotocamera sotto 100 euro,Drohne mit Kamera unter 100 euro
qda50d4c07,Sporting Goods,e-bike,branded,Giant Stance E+ 2,Giant Stance E+ 2,Giant Stance E+ 2
q3ac197705,Electronics,earbuds,generic,earbuds for beginners,auricolari per principianti,Ohrstöpsel für anfänger
q0d2388309,Electronics,external hard drive,generic,best external hard drive,migliori hard disk esterno,bestes Externe Festplatte
q2aa0ffe5f,Home & Garden,espresso machine,generic,espresso machine specs,specifiche macchina per espresso,Espressomaschine technische daten
q0ba471912,Electronics,tablet,generic,tablet amazon,tablet amazon,Tablet amazon
q6a4d99bc9,Home & Garden,air fryer,branded,Tefal Easy Fry Deluxe review,Tefal Easy Fry Deluxe recensione,Tefal Easy Fry Deluxe test
q7ebb6483a,Sporting Goods,camping tent,generic,camping tent specs,specifiche tenda da campeggio,Campingzelt technische daten
q66985efdc,Sporting Goods,exercise bike,generic,exercise bike,cyclette,Heimtrainer
q410bf81c9,Home & Garden,robot vacuum cleaner,branded,Roborock S8 Pro Ultra offers,Roborock S8 Pro Ultra offerte,Roborock S8 Pro Ultra angebote
qcba936567,Sporting Goods,ski helmet,generic,ski helmet amazon,casco da sci amazon,Skihelm amazon
q3f962c7cf,Electronics,camera bag,generic,camera bag rating,valutazione borsa per fotocamera,Kameratasche bewertung
qb8b4cd86d,Sporting Goods,cycling helmet,generic,cycling helmet under 500,casco da bici sotto 500 euro,Fahrradhelm unter 500 euro
q92c7497ac,Beauty & Personal Care,perfume,generic,cheap perfume,profumo economici,günstiger Parfüm
q0bbf92c63,Electronics,iPad,generic,buy iPad online,comprare iPad online,iPad online kaufen
qb7f4b48d0,Apparel & Accessories,football boots,generic,football boots online,scarpe da calcio online,Fußballschuhe online
qa88adc5e3,Electronics,screen protector,generic,screen protector online,protezione schermo online,Displayschutzfolie online
q80fa5c91d,Home & Garden,robot vacuum cleaner,branded,Dyson 360 Vis Nav,Dyson 360 Vis Nav,Dyson 360 Vis Nav
qf69716266,Sporting Goods,surf board,generic,surf board review,recensione tavola da surf,Surfbrett test
qf91b85fe0,Electronics,gaming chair,generic,gaming chair 2024,sedia gaming 2024,Gaming-Stuhl 2024
qbf41d8950,Electronics,laptop,branded,buy Dell XPS 13,acquista Dell XPS 13,Dell XPS 13 kaufen
q25a024b4c,Electronics,OLED television,branded,LG C3 OLED 65 review,LG C3 OLED 65 pollici recensione,LG C3 OLED 65 Zoll test
qf06793a0b,Sporting Goods,ski helmet,branded,Atomic Backland UL price,Atomic Backland UL prezzo,Atomic Backland UL preis
qb7ec3bf51,Electronics,laptop,branded,buy Lenovo ThinkPad X1 Carbon,acquista Lenovo ThinkPad X1 Carbon,Lenovo ThinkPad X1 Carbon kaufen
q18fd54510,Electronics,laptop,branded,buy HP Envy 15,acquista HP Envy 15,HP Envy 15 kaufen
q4b7af1072,Apparel & Accessories,hiking boots,branded,buy Scarpa Zodiac Plus GTX,acquista Scarpa Zodiac Plus GTX,Scarpa Zodiac Plus GTX kaufen
qef12e0a51,Electronics,earbuds,branded,Jabra Elite 10 review,Jabra Elite 10 recensione,Jabra Elite 10 test
qae09e082d,Beauty & Personal Care,sunscreen SPF 50,branded,buy Altruist SPF 50 Face Fluid,acquista Altruist SPF 50 Face Fluid,Altruist SPF 50 Face Fluid kaufen
q864c5e234,Sporting Goods,heart rate monitor,generic,heart rate monitor professional,cardiofrequenzimetro professionale,professioneller Herzfrequenzmesser
q8516b00fd,Electronics,wireless charger,branded,Anker MagGo 15W price,Anker MagGo 15W prezzo,Anker MagGo 15W preis
q21d70f5b6,Electronics,budget smartphone,generic,budget smartphone online,smartphone economico online,Günstiges Smartphone online
q91349d504,Sporting Goods,road bike,branded,Trek Domane SL 6 offers,Trek Domane SL 6 offerte,Trek Domane SL 6 angebote
qff1deaf11,Electronics,camera bag,generic,camera bag online,borsa per fotocamera online,Kameratasche online
qf0d9bba7b,Electronics,streaming device,generic,streaming device price,prezzo dispositivo streaming,Streaming-Gerät preis
q6866a6315,Baby & Kids,scooter kids,generic,scooter kids 2024,monopattino bambini 2024,Kinderroller 2024
qb7e35593d,Electronics,soundbar,generic,soundbar professional,soundbar professionale,professioneller Soundbar
q32a574c2b,Apparel & Accessories,boots,generic,best boots,migliori stivali,bestes Stiefel
q834a33ac5,Home & Garden,air fryer,branded,Cosori Pro LE Air Fryer offers,Cosori Pro LE Air Fryer offerte,Cosori Pro LE Air Fryer angebote
q40abd3e8a,Sporting Goods,treadmill,generic,treadmill professional,tapis roulant professionale,professioneller Laufband
q24afff7f5,Home & Garden,robot vacuum cleaner,branded,buy iRobot Roomba j7+,acquista iRobot Roomba j7+,iRobot Roomba j7+ kaufen
q017ee6d7a,Electronics,mirrorless camera,generic,best value mirrorless camera,fotocamera mirrorless miglior rapporto qualità prezzo,bestes preis-leistungs Systemkamera
q65e9c4267,Apparel & Accessories,down jacket,generic,down jacket,piumino,Daunenjacke
q99740dcb3,Apparel & Accessories,sunglasses,branded,Ray-Ban Wayfarer,Ray-Ban Wayfarer,Ray-Ban Wayfarer
qbb1c50480,Home & Garden,blender,generic,blender deals,frullatore occasioni,Mixer schnäppchen
q30e8dd074,Baby & Kids,scooter kids,generic,scooter kids price,prezzo monopattino bambini,Kinderroller preis
q4cd5fa181,Apparel & Accessories,sandals,generic,sandals offers,offerte sandali,Sandalen angebote
q9cd484aef,Beauty & Personal Care,retinol cream,generic,retinol cream online,crema al retinolo online,Retinol-Creme online
q7b331410a,Electronics,gaming laptop,branded,Razer Blade 15 offers,Razer Blade 15 offerte,Razer Blade 15 angebote
qfa2c60f89,Home & Garden,standing desk,generic,cheap standing desk,scrivania regolabile economici,günstiger Höhenverstellbarer Schreibtisch
q7b12caeda,Electronics,Bluetooth speaker,branded,Bose SoundLink Flex price,Bose SoundLink Flex prezzo,Bose SoundLink Flex preis
q4f9413e7f,Apparel & Accessories,down jacket,generic,where to buy down jacket,dove comprare piumino,wo Daunenjacke kaufen
qdf429ece7,Apparel & Accessories,winter jacket,branded,buy Arc'teryx Beta AR Jacket,acquista Arc'teryx Beta AR Jacket,Arc'teryx Beta AR Jacket kaufen
q4c3cf824b,Electronics,smartphone,branded,Sony Xperia 1 VI,Sony Xperia 1 VI,Sony Xperia 1 VI
qa93d30666,Electronics,gaming desk,generic,gaming desk review,recensione scrivania gaming,Gaming-Schreibtisch test
q91372207d,Sporting Goods,protein powder,branded,buy ON Gold Standard Whey 2kg,acquista ON Gold Standard Whey 2kg,ON Gold Standard Whey 2kg kaufen
q4de689fd2,Sporting Goods,sports nutrition,generic,sports nutrition rating,valutazione nutrizione sportiva,Sportnahrung bewertung
q0edda7a5d,Electronics,earbuds,generic,earbuds,auricolari,Ohrstöpsel
qde0b57f5b,Home & Garden,vacuum cleaner,branded,Miele Complete C3 Brilliant offers,Miele Complete C3 Brilliant offerte,Miele Complete C3 Brilliant angebote
qb6adc44b0,Apparel & Accessories,running shoes,branded,Nike Mercurial Superfly review,Nike Mercurial Superfly recensione,Nike Mercurial Superfly test
q6896f636e,Electronics,OLED television,generic,OLED television professional,televisore OLED professionale,professioneller OLED-Fernseher
q6426b542e,Electronics,earbuds,branded,Soundcore Liberty 4 NC review,Soundcore Liberty 4 NC recensione,Soundcore Liberty 4 NC test
q95a46f438,Sporting Goods,e-bike,branded,Specialized Turbo Vado,Specialized Turbo Vado,Specialized Turbo Vado
qbc6ad2497,Apparel & Accessories,fitness tracker,branded,Polar Pacer Pro review,Polar Pacer Pro recensione,Polar Pacer Pro test
q8dacb6636,Apparel & Accessories,athletic shoes,generic,athletic shoes 2024,scarpe sportive 2024,Sportschuhe 2024
q2bc1b2577,Electronics,gaming chair,generic,gaming chair offers,offerte sedia gaming,Gaming-Stuhl angebote
q9a8ecbf20,Home & Garden,hair dryer,generic,cheap hair dryer,asciugacapelli economici,günstiger Haartrockner
qd59f7e500,Electronics,digital camera,branded,Sony A7 IV price,Sony A7 IV prezzo,Sony A7 IV preis
qff08f8f50,Electronics,gaming desk,generic,gaming desk professional,scrivania gaming professionale,professioneller Gaming-Schreibtisch
qf30cd1b61,Beauty & Personal Care,nail polish,generic,nail polish offers,offerte smalto per unghie,Nagellack angebote
qf95cb082f,Electronics,gaming headset,generic,gaming headset,headset gaming,Gaming-Headset
q7716dbbf7,Baby & Kids,baby carrier,generic,baby carrier amazon,marsupio neonato amazon,Babytrage amazon
q11a957f9f,Electronics,USB hub,generic,buy USB hub online,comprare hub USB online,USB-Hub online kaufen
qc14b16fbd,Home & Garden,vacuum cleaner,generic,vacuum cleaner,aspirapolvere,Staubsauger
qec5dd44bc,Sporting Goods,badminton racket,generic,badminton racket under 100,racchetta da badminton sotto 100 euro,Badmintonschläger unter 100 euro
q8a0739b73,Home & Garden,capsule coffee machine,branded,Dolce Gusto Infinissima offers,Dolce Gusto Infinissima offerte,Dolce Gusto Infinissima angebote
q31c420080,Beauty & Personal Care,nail polish,generic,top nail polish,top smalto per unghie,top Nagellack
q1a7aa8a4c,Electronics,gaming monitor,generic,gaming monitor for beginners,monitor gaming per principianti,Gaming-Monitor für anfänger
qff4646ba2,Home & Garden,smart lighting,branded,Philips Hue Starter Kit review,Philips Hue Starter Kit recensione,Philips Hue Starter Kit test
q0e469726b,Home & Garden,stand mixer,generic,stand mixer,impastatrice,Küchenmaschine
q5d3417544,Electronics,gaming laptop,branded,ASUS ROG Zephyrus G14 price,ASUS ROG Zephyrus G14 prezzo,ASUS ROG Zephyrus G14 preis
q3d0e95ca6,Electronics,wireless headphones,generic,wireless headphones,cuffie wireless,Kabellose Kopfhörer
qa2af28bca,Sporting Goods,pull-up bar,generic,pull-up bar amazon,sbarra per trazioni amazon,Klimmzugstange amazon
qc6689b674,Electronics,laptop,branded,buy HP Spectre x360,acquista HP Spectre x360,HP Spectre x360 kaufen
qa2b2169c6,Sporting Goods,ski helmet,branded,Atomic Backland UL review,Atomic Backland UL recensione,Atomic Backland UL test
q8396cfe51,Electronics,digital camera,branded,Sony A7 IV,Sony A7 IV,Sony A7 IV
q1c63ef9ff,Apparel & Accessories,basketball shoes,generic,basketball shoes review,recensione scarpe da basket,Basketballschuhe test
q0d339b915,Apparel & Accessories,polo shirt,generic,cheap polo shirt,polo economici,günstiger Poloshirt
q2bd974aa8,Electronics,VR headset,generic,VR headset deals,visore VR occasioni,VR-Headset schnäppchen
qe91a47a2f,Baby & Kids,children bicycle,generic,children bicycle deals,bicicletta bambini occasioni,Kinderfahrrad schnäppchen
q680d98f15,Apparel & Accessories,running jacket,generic,running jacket price,prezzo giacca da corsa,Laufjacke preis
q544cc47c3,Electronics,vinyl record player,generic,vinyl record player specs,specifiche giradischi,Plattenspieler technische daten
q84de3a9f5,Electronics,streaming device,branded,Google Chromecast 4K,Google Chromecast 4K,Google Chromecast 4K
qe5cc839ab,Beauty & Personal Care,vitamin C serum,generic,cheap vitamin C serum,siero vitamina C economici,günstiger Vitamin-C-Serum
q3949baf20,Sporting Goods,ski helmet,generic,best value ski helmet,casco da sci miglior rapporto qualità prezzo,bestes preis-leistungs Skihelm
qd49130ce4,Home & Garden,standing desk,generic,standing desk sale,scrivania regolabile saldi,Höhenverstellbarer Schreibtisch sale
qb2b70d316,Electronics,tripod,generic,tripod under 500,treppiede sotto 500 euro,Stativ unter 500 euro
qa2efcc0fb,Electronics,digital camera,branded,Fujifilm X100VI review,Fujifilm X100VI recensione,Fujifilm X100VI test
q40f0cf7c6,Electronics,Bluetooth speaker,branded,JBL Charge 5 offers,JBL Charge 5 offerte,JBL Charge 5 angebote
q21bc0f525,Sporting Goods,resistance bands,generic,resistance bands rating,valutazione elastici fitness,Fitnessbänder bewertung
qe665851ce,Home & Garden,security camera,generic,security camera review,recensione telecamera di sicurezza,Sicherheitskamera test
qf4f93e0b5,Electronics,earbuds,generic,earbuds professional,auricolari professionale,professioneller Ohrstöpsel
q33449ce4d,Home & Garden,stand mixer,generic,stand mixer price,prezzo impastatrice,Küchenmaschine preis
q437fac868,Electronics,drone with camera,branded,DJI Air 3 review,DJI Air 3 recensione,DJI Air 3 test
q1736fc5f7,Electronics,mechanical keyboard,branded,Keychron K2 Pro offers,Keychron K2 Pro offerte,Keychron K2 Pro angebote
q4d5d53599,Electronics,wireless headphones,generic,wireless headphones offers,offerte cuffie wireless,Kabellose Kopfhörer angebote
q76366478c,Sporting Goods,mountain bike,generic,buy mountain bike online,comprare mountain bike online,Mountainbike online kaufen
q1929cfc48,Home & Garden,smart doorbell,generic,smart doorbell under 100,videocitofono smart sotto 100 euro,Video-Türklingel unter 100 euro
q919a406e2,Home & Garden,stand mixer,branded,KitchenAid Artisan 5KSM195,KitchenAid Artisan 5KSM195,KitchenAid Artisan 5KSM195
q02a1805c4,Apparel & Accessories,football boots,generic,football boots under 100,scarpe da calcio sotto 100 euro,Fußballschuhe unter 100 euro
q91736eceb,Home & Garden,humidifier,generic,buy humidifier,acquista umidificatore,Luftbefeuchter kaufen
qe0530a762,Home & Garden,air fryer,generic,air fryer 2024,friggitrice ad aria 2024,Heißluftfritteuse 2024
q33cedfa5c,Electronics,earbuds,generic,best earbuds,migliori auricolari,bestes Ohrstöpsel
q8ec4be45d,Sporting Goods,ski boots,generic,ski boots under 100,scarponi da sci sotto 100 euro,Skischuhe unter 100 euro
q616d7d1c7,Apparel & Accessories,sports bra,generic,best sports bra,migliori reggiseno sportivo,bestes Sport-BH
q3a4706816,Electronics,digital camera,branded,Sony ZV-E10 price,Sony ZV-E10 prezzo,Sony ZV-E10 preis
q9ce017a65,Baby & Kids,car seat,generic,best value car seat,seggiolino auto miglior rapporto qualità prezzo,bestes preis-leistungs Kindersitz
q0de7dd4b3,Apparel & Accessories,compression socks,generic,compression socks offers,offerte calze a compressione,Kompressionssocken angebote
qbce0d2de9,Electronics,gaming headset,generic,gaming headset rating,valutazione headset gaming,Gaming-Headset bewertung
q94ebba077,Electronics,flagship smartphone,generic,best flagship smartphone,migliori smartphone top di gamma,bestes Flagship-Smartphone
q3270014a7,Apparel & Accessories,polo shirt,generic,polo shirt offers,offerte polo,Poloshirt angebote
q7bddc3a16,Sporting Goods,trekking poles,generic,trekking poles for beginners,bastoni da trekking per principianti,Wanderstöcke für anfänger
qfc474b5c7,Beauty & Personal Care,perfume,generic,perfume price,prezzo profumo,Parfüm preis
q54d7706a0,Sporting Goods,ski boots,branded,Salomon S/Pro 130 offers,Salomon S/Pro 130 offerte,Salomon S/Pro 130 angebote
q4e5094daf,Electronics,gaming chair,generic,gaming chair under 100,sedia gaming sotto 100 euro,Gaming-Stuhl unter 100 euro
qf7f31779f,Baby & Kids,children bicycle,generic,top children bicycle,top bicicletta bambini,top Kinderfahrrad
qb832d70ca,Electronics,gaming laptop,generic,gaming laptop price,prezzo laptop da gaming,Gaming-Laptop preis
qcf629b6de,Sporting Goods,protein powder,generic,protein powder 2024,proteine in polvere 2024,Proteinpulver 2024
q7642f85c4,Electronics,action camera,branded,GoPro Hero 12 offers,GoPro Hero 12 offerte,GoPro Hero 12 angebote
q5e2cb2624,Sporting Goods,road bike,branded,buy Bianchi Oltre RC,acquista Bianchi Oltre RC,Bianchi Oltre RC kaufen
qe5f639b7b,Electronics,mechanical keyboard,generic,mechanical keyboard under 500,tastiera meccanica sotto 500 euro,Mechanische Tastatur unter 500 euro
q21652440f,Electronics,gaming mouse,generic,buy gaming mouse online,comprare mouse gaming online,Gaming-Maus online kaufen
qee3c25052,Electronics,webcam,generic,buy webcam,acquista webcam,Webcam kaufen
qb463a1806,Apparel & Accessories,running shoes,branded,buy On Cloudmonster,acquista On Cloudmonster,On Cloudmonster kaufen
q4f711e374,Electronics,wireless headphones,branded,Beats Studio Pro,Beats Studio Pro,Beats Studio Pro
qab1d2d4ad,Beauty & Personal Care,perfume,branded,buy Chanel N°5,acquista Chanel N°5,Chanel N°5 kaufen
q1a3ce7a0d,Electronics,in-ear headphones,generic,compare in-ear headphones,confronta auricolari in-ear,In-Ear-Kopfhörer vergleich
qf549873e6,Sporting Goods,cycling helmet,generic,cycling helmet amazon,casco da bici amazon,Fahrradhelm amazon
qb4fb5074a,Apparel & Accessories,running shoes,branded,Nike Air Force 1,Nike Air Force 1,Nike Air Force 1
q41505a83f,Baby & Kids,baby monitor,generic,cheap baby monitor,baby monitor economici,günstiger Babyphone
q18bb20ac0,Electronics,gaming laptop,branded,MSI Titan GT77 review,MSI Titan GT77 recensione,MSI Titan GT77 test
q4b13a07f3,Apparel & Accessories,winter jacket,generic,winter jacket offers,offerte giacca invernale,Winterjacke angebote
qfd18cf9cb,Apparel & Accessories,running watch,generic,running watch offers,offerte orologio da corsa,Laufuhr angebote
qeb9086493,Sporting Goods,resistance bands,generic,best value resistance bands,elastici fitness miglior rapporto qualità prezzo,bestes preis-leistungs Fitnessbänder
q7d584e615,Sporting Goods,basketball,generic,basketball online,pallone da basket online,Basketball online
q972944a14,Electronics,smartphone,branded,Samsung Galaxy S24 offers,Samsung Galaxy S24 offerte,Samsung Galaxy S24 angebote
q7f58395e1,Sporting Goods,tennis racket,branded,buy Head Prestige MP,acquista Head Prestige MP,Head Prestige MP kaufen
qcc3c147e1,Beauty & Personal Care,face moisturiser,generic,buy face moisturiser online,comprare crema idratante viso online,Gesichtscreme online kaufen
qab929ca04,Electronics,OLED television,branded,Sony Bravia A80L,Sony Bravia A80L,Sony Bravia A80L
q6a09cf244,Sporting Goods,road bike,generic,road bike online,bici da strada online,Rennrad online
q70a48f232,Home & Garden,air purifier,generic,buy air purifier,acquista purificatore d'aria,Luftreiniger kaufen
qebbfe1159,Apparel & Accessories,running jacket,generic,running jacket,giacca da corsa,Laufjacke
qcc4d9b441,Apparel & Accessories,fitness tracker,generic,fitness tracker specs,specifiche fitness tracker,Fitness-Tracker technische daten
q3ca84c388,Apparel & Accessories,backpack,branded,Deuter Futura Pro 40 price,Deuter Futura Pro 40 prezzo,Deuter Futura Pro 40 preis
q80a05160a,Electronics,drone with camera,branded,DJI Mavic 3 Pro review,DJI Mavic 3 Pro recensione,DJI Mavic 3 Pro test
q1db598a34,Home & Garden,air purifier,generic,air purifier deals,purificatore d'aria occasioni,Luftreiniger schnäppchen
q766bda5cf,Apparel & Accessories,hiking boots,generic,hiking boots 2024,scarpe da trekking 2024,Wanderstiefel 2024
qd60b64d5a,Electronics,laptop stand,generic,buy laptop stand online,comprare supporto laptop online,Laptop-Ständer online kaufen
q88ee0e5ac,Apparel & Accessories,running shoes,branded,New Balance 990v6 offers,New Balance 990v6 offerte,New Balance 990v6 angebote
q9037d6115,Sporting Goods,GPS running watch,generic,GPS running watch 2024,orologio GPS corsa 2024,GPS-Laufuhr 2024
q45062b07d,Sporting Goods,camping tent,generic,camping tent price,prezzo tenda da campeggio,Campingzelt preis
qf04924025,Baby & Kids,baby stroller,generic,buy baby stroller online,comprare passeggino online,Kinderwagen online kaufen
qc3c92c4de,Baby & Kids,baby stroller,generic,baby stroller under 100,passeggino sotto 100 euro,Kinderwagen unter 100 euro
qc87d4f9a8,Home & Garden,instant pot,generic,instant pot specs,specifiche pentola a pressione,Schnellkochtopf technische daten
q5d0d5605b,Home & Garden,stand mixer,branded,KitchenAid Artisan 5KSM195 review,KitchenAid Artisan 5KSM195 recensione,KitchenAid Artisan 5KSM195 test
qd01e55721,Electronics,soundbar,generic,soundbar under 100,soundbar sotto 100 euro,Soundbar unter 100 euro
q61490c831,Baby & Kids,toys,branded,buy LEGO Technic Bugatti Bolide,acquista LEGO Technic Bugatti Bolide,LEGO Technic Bugatti Bolide kaufen
q5ba915566,Apparel & Accessories,sports bra,generic,buy sports bra,acquista reggiseno sportivo,Sport-BH kaufen
q8fbfd100f,Home & Garden,air purifier,generic,air purifier price,prezzo purificatore d'aria,Luftreiniger preis
qf2e422137,Apparel & Accessories,compression socks,generic,compression socks sale,calze a compressione saldi,Kompressionssocken sale
qf117d5f29,Home & Garden,smart lighting,generic,smart lighting rating,valutazione illuminazione smart,Smarte Beleuchtung bewertung
qf0a049b42,Home & Garden,air fryer,generic,air fryer rating,valutazione friggitrice ad aria,Heißluftfritteuse bewertung
qf3d06e5d0,Baby & Kids,LEGO,generic,LEGO 2024,LEGO 2024,LEGO 2024
q14ac25cec,Sporting Goods,e-bike,generic,e-bike online,bici elettrica online,E-Bike online
q5d3e1c73e,Home & Garden,smart lighting,generic,smart lighting,illuminazione smart,Smarte Beleuchtung
q517f9f58b,Apparel & Accessories,running shoes,branded,Mizuno Wave Inspire 20 review,Mizuno Wave Inspire 20 recensione,Mizuno Wave Inspire 20 test
q49c5135c4,Home & Garden,smart lighting,generic,best value smart lighting,illuminazione smart miglior rapporto qualità prezzo,bestes preis-leistungs Smarte Beleuchtung
q719f0e2d3,Home & Garden,air purifier,generic,cheap air purifier,purificatore d'aria economici,günstiger Luftreiniger
q96405fddc,Electronics,digital camera,generic,best value digital camera,fotocamera digitale miglior rapporto qualità prezzo,bestes preis-leistungs Digitalkamera
qb12cb20d9,Sporting Goods,tennis racket,branded,buy Babolat Pure Aero,acquista Babolat Pure Aero,Babolat Pure Aero kaufen
qba3d189e3,Apparel & Accessories,sunglasses,generic,buy sunglasses online,comprare occhiali da sole online,Sonnenbrille online kaufen
q358cae83c,Baby & Kids,baby monitor,branded,Nanit Pro Camera,Nanit Pro Camera,Nanit Pro Camera
qc185f2dc0,Electronics,OLED television,generic,best OLED television,migliori televisore OLED,bestes OLED-Fernseher
qaa2dd559f,Apparel & Accessories,fitness tracker,generic,top fitness tracker,top fitness tracker,top Fitness-Tracker
q5b2326ce8,Apparel & Accessories,sport leggings,generic,buy sport leggings online,comprare leggings sportivi online,Sport-Leggings online kaufen
q8952b6b26,Home & Garden,office chair,generic,buy office chair online,comprare sedia da ufficio online,Bürostuhl online kaufen
q943f756ce,Sporting Goods,ski helmet,generic,ski helmet online,casco da sci online,Skihelm online
q202b0de26,Electronics,streaming device,generic,streaming device sale,dispositivo streaming saldi,Streaming-Gerät sale
q1f6f54564,Apparel & Accessories,football boots,branded,Adidas Copa Pure 2 price,Adidas Copa Pure 2 prezzo,Adidas Copa Pure 2 preis
qca0862c50,Electronics,digital camera,branded,Canon EOS R5 offers,Canon EOS R5 offerte,Canon EOS R5 angebote
q86c6bc3ce,Home & Garden,food processor,generic,food processor under 100,robot da cucina sotto 100 euro,Küchenmaschine unter 100 euro
q39d51b78c,Home & Garden,standing desk,generic,standing desk specs,specifiche scrivania regolabile,Höhenverstellbarer Schreibtisch technische daten
q91471732d,Electronics,external hard drive,generic,external hard drive under 100,hard disk esterno sotto 100 euro,Externe Festplatte unter 100 euro
qe0da08eb0,Baby & Kids,children bicycle,branded,Frog Bikes 52,Frog Bikes 52,Frog Bikes 52
q53d385c65,Apparel & Accessories,rain jacket,generic,rain jacket under 500,giacca impermeabile sotto 500 euro,Regenjacke unter 500 euro
qce90aa18b,Sporting Goods,road bike,branded,Trek Domane SL 6 review,Trek Domane SL 6 recensione,Trek Domane SL 6 test
qbd24a5d3d,Sporting Goods,ski boots,branded,Atomic Hawx Prime 130 price,Atomic Hawx Prime 130 prezzo,Atomic Hawx Prime 130 preis
q599722004,Apparel & Accessories,backpack,generic,top backpack,top zaino,top Rucksack
q1a9dfc49f,Sporting Goods,cycling helmet,branded,Bell Z20 MIPS,Bell Z20 MIPS,Bell Z20 MIPS
qed55d2da0,Electronics,gaming laptop,branded,MSI Titan GT77,MSI Titan GT77,MSI Titan GT77
q6812ce074,Electronics,in-ear headphones,generic,in-ear headphones specs,specifiche auricolari in-ear,In-Ear-Kopfhörer technische daten
q9bdd7fd83,Electronics,webcam,branded,Elgato Facecam Pro review,Elgato Facecam Pro recensione,Elgato Facecam Pro test
q2559f6b77,Sporting Goods,e-bike,generic,e-bike under 500,bici elettrica sotto 500 euro,E-Bike unter 500 euro
qc99eced67,Sporting Goods,road bike,branded,Canyon Endurace CF SL price,Canyon Endurace CF SL prezzo,Canyon Endurace CF SL preis
qc730e3822,Home & Garden,security camera,branded,Arlo Pro 5S offers,Arlo Pro 5S offerte,Arlo Pro 5S angebote
q5fa1a7696,Home & Garden,air fryer,generic,air fryer amazon,friggitrice ad aria amazon,Heißluftfritteuse amazon
q6d2e49a60,Apparel & Accessories,smartwatch,branded,buy Garmin Fenix 7,acquista Garmin Fenix 7,Garmin Fenix 7 kaufen
q2921360c1,Sporting Goods,e-bike,branded,Trek Powerfly 5 review,Trek Powerfly 5 recensione,Trek Powerfly 5 test
q72b583881,Beauty & Personal Care,perfume,branded,Dior Sauvage price,Dior Sauvage prezzo,Dior Sauvage preis
q49993709e,Sporting Goods,dumbbell set,generic,buy dumbbell set online,comprare set manubri online,Hantelset online kaufen
q181b0925e,Electronics,DSLR camera,generic,cheap DSLR camera,reflex digitale economici,günstiger Spiegelreflexkamera
qde02b4201,Apparel & Accessories,football boots,branded,Adidas Predator Elite offers,Adidas Predator Elite offerte,Adidas Predator Elite angebote
q555b1ed66,Sporting Goods,ski boots,branded,Salomon S/Pro 130,Salomon S/Pro 130,Salomon S/Pro 130
qee10bd4f2,Apparel & Accessories,cycling shoes,generic,where to buy cycling shoes,dove comprare scarpe da ciclismo,wo Radschuhe kaufen
q54cd0ab63,Apparel & Accessories,loafers,generic,buy loafers,acquista mocassini,Loafer kaufen
q1f28f0e06,Electronics,noise cancelling headphones,branded,Apple AirPods Max offers,Apple AirPods Max offerte,Apple AirPods Max angebote
q5eaaebdbf,Home & Garden,security camera,generic,security camera professional,telecamera di sicurezza professionale,professioneller Sicherheitskamera
qcce2f1793,Home & Garden,hair dryer,generic,hair dryer under 100,asciugacapelli sotto 100 euro,Haartrockner unter 100 euro
q2d5b08b11,Electronics,smartphone,branded,buy Samsung Galaxy S24 Ultra,acquista Samsung Galaxy S24 Ultra,Samsung Galaxy S24 Ultra kaufen
q45240fb6a,Sporting Goods,road bike,generic,road bike professional,bici da strada professionale,professioneller Rennrad
q6e8f6154b,Home & Garden,robot vacuum cleaner,branded,Dreame L20 Ultra price,Dreame L20 Ultra prezzo,Dreame L20 Ultra preis
q445617d8a,Home & Garden,stand mixer,generic,stand mixer rating,valutazione impastatrice,Küchenmaschine bewertung
qee6682d8f,Electronics,QLED television,generic,QLED television sale,televisore QLED saldi,QLED-Fernseher sale
q2cc9c2a53,Apparel & Accessories,running watch,generic,running watch deals,orologio da corsa occasioni,Laufuhr schnäppchen
q13259dcf3,Electronics,laptop,branded,Lenovo IdeaPad 5 price,Lenovo IdeaPad 5 prezzo,Lenovo IdeaPad 5 preis
q235936f71,Electronics,gaming laptop,branded,buy Razer Blade 15,acquista Razer Blade 15,Razer Blade 15 kaufen
qe409a0ef9,Electronics,flagship smartphone,generic,top flagship smartphone,top smartphone top di gamma,top Flagship-Smartphone
qa65efef16,Electronics,screen protector,generic,where to buy screen protector,dove comprare protezione schermo,wo Displayschutzfolie kaufen
q98e44cde6,Beauty & Personal Care,face moisturiser,generic,best face moisturiser,migliori crema idratante viso,bestes Gesichtscreme
q142192715,Home & Garden,monitor arm,generic,buy monitor arm online,comprare braccio per monitor online,Monitorhalterung online kaufen
q121aac3fa,Electronics,tablet,generic,tablet specs,specifiche tablet,Tablet technische daten
q0f595f49d,Home & Garden,air fryer,branded,Ninja Foodi Dual Zone price,Ninja Foodi Dual Zone prezzo,Ninja Foodi Dual Zone preis
q7bbf772e4,Electronics,digital camera,branded,Canon EOS R5,Canon EOS R5,Canon EOS R5
q9cc490a8a,Beauty & Personal Care,nail polish,generic,nail polish,smalto per unghie,Nagellack
qd09ca63b2,Sporting Goods,camping tent,generic,camping tent online,tenda da campeggio online,Campingzelt online
q45158c877,Apparel & Accessories,basketball shoes,generic,basketball shoes amazon,scarpe da basket amazon,Basketballschuhe amazon
q377c084cf,Electronics,portable speaker,generic,portable speaker deals,altoparlante portatile occasioni,Portabler Lautsprecher schnäppchen
q6a86f1f66,Home & Garden,smart thermostat,branded,Google Nest Learning Thermostat review,Google Nest Termostato recensione,Google Nest Thermostat test
qe6b6bff96,Apparel & Accessories,sport shorts,generic,sport shorts for beginners,pantaloncini sportivi per principianti,Sporthose für anfänger
q74b992d31,Baby & Kids,car seat,generic,car seat review,recensione seggiolino auto,Kindersitz test
q88cc45d4c,Baby & Kids,children bicycle,generic,children bicycle review,recensione bicicletta bambini,Kinderfahrrad test
qc11d65a5f,Electronics,Bluetooth speaker,generic,compare Bluetooth speaker,confronta speaker Bluetooth,Bluetooth-Lautsprecher vergleich
q62c118fcd,Sporting Goods,protein powder,generic,protein powder deals,proteine in polvere occasioni,Proteinpulver schnäppchen
q69b719086,Baby & Kids,car seat,branded,Cybex Sirona S2 i-Size,Cybex Sirona S2 i-Size,Cybex Sirona S2 i-Size
q08507e7d2,Apparel & Accessories,backpack,generic,backpack rating,valutazione zaino,Rucksack bewertung
q9eacf6670,Electronics,Bluetooth speaker,branded,JBL Charge 5 price,JBL Charge 5 prezzo,JBL Charge 5 preis
qadc3348f3,Electronics,phone case,generic,phone case deals,custodia per telefono occasioni,Handyhülle schnäppchen
qa4e73bd47,Home & Garden,coffee machine,branded,Jura E8,Jura E8,Jura E8
qf6c4760b0,Sporting Goods,surf board,branded,buy Firewire Seaside,acquista Firewire Seaside,Firewire Seaside kaufen
qba3a64425,Apparel & Accessories,boots,generic,cheap boots,stivali economici,günstiger Stiefel
q03245d1d8,Sporting Goods,GPS running watch,generic,where to buy GPS running watch,dove comprare orologio GPS corsa,wo GPS-Laufuhr kaufen
q662021c00,Apparel & Accessories,running shoes,branded,Saucony Endorphin Speed 4 offers,Saucony Endorphin Speed 4 offerte,Saucony Endorphin Speed 4 angebote
q13e02cf38,Electronics,ultrabook,generic,ultrabook under 100,ultrabook sotto 100 euro,Ultrabook unter 100 euro
q762486e9a,Electronics,earbuds,branded,Bose QuietComfort Earbuds II offers,Bose QuietComfort Earbuds II offerte,Bose QuietComfort Earbuds II angebote
q5fb6abf1a,Electronics,earbuds,generic,earbuds under 500,auricolari sotto 500 euro,Ohrstöpsel unter 500 euro
qb49655cab,Electronics,screen protector,generic,screen protector under 500,protezione schermo sotto 500 euro,Displayschutzfolie unter 500 euro
q83d057deb,Home & Garden,vacuum cleaner,generic,vacuum cleaner deals,aspirapolvere occasioni,Staubsauger schnäppchen
qbeefd4108,Electronics,USB hub,generic,cheap USB hub,hub USB economici,günstiger USB-Hub
q8ca8175f9,Sporting Goods,yoga mat,generic,buy yoga mat,acquista tappetino yoga,Yogamatte kaufen
q0e59b194c,Electronics,memory card,generic,memory card review,recensione scheda di memoria,Speicherkarte test
qb538f3189,Apparel & Accessories,smartwatch,generic,smartwatch under 500,smartwatch sotto 500 euro,Smartwatch unter 500 euro
q2108e3ed4,Home & Garden,stand mixer,generic,where to buy stand mixer,dove comprare impastatrice,wo Küchenmaschine kaufen
q440c596ef,Apparel & Accessories,running shoes,branded,Puma Nitro Elite 2 price,Puma Nitro Elite 2 prezzo,Puma Nitro Elite 2 preis
q7fad18a48,Baby & Kids,toys,generic,where to buy toys,dove comprare giocattoli,wo Spielzeug kaufen
q15ff42481,Apparel & Accessories,sport shorts,generic,best value sport shorts,pantaloncini sportivi miglior rapporto qualità prezzo,bestes preis-leistungs Sporthose
qc398b5d2d,Apparel & Accessories,sneakers,generic,sneakers professional,sneakers professionale,professioneller Sneaker
qea1035969,Home & Garden,robot vacuum cleaner,generic,robot vacuum cleaner online,aspirapolvere robot online,Saugroboter online
qa7111225d,Electronics,tripod,generic,tripod under 100,treppiede sotto 100 euro,Stativ unter 100 euro
q842eb946c,Sporting Goods,treadmill,generic,where to buy treadmill,dove comprare tapis roulant,wo Laufband kaufen
q466e51218,Home & Garden,espresso machine,branded,Breville Barista Express price,Breville Barista Express prezzo,Breville Barista Express preis
qb7150bd61,Electronics,business laptop,generic,business laptop sale,laptop business saldi,Business-Laptop sale
qe8f7ae94d,Electronics,projector,generic,projector under 100,proiettore sotto 100 euro,Beamer unter 100 euro
qbfe150d52,Electronics,ultrabook,generic,ultrabook review,recensione ultrabook,Ultrabook test
q4fd88e9d0,Apparel & Accessories,compression socks,generic,best compression socks,migliori calze a compressione,bestes Kompressionssocken
q3ca95e132,Electronics,memory card,generic,top memory card,top scheda di memoria,top Speicherkarte
q790891c89,Sporting Goods,sleeping bag,generic,sleeping bag specs,specifiche sacco a pelo,Schlafsack technische daten
qc61b4f101,Sporting Goods,yoga mat,branded,Manduka PRO Yoga Mat offers,Manduka PRO Yoga Mat offerte,Manduka PRO Yoga Mat angebote
qd43b5aab9,Home & Garden,vacuum cleaner,branded,Dyson V12 Detect Slim offers,Dyson V12 Detect Slim offerte,Dyson V12 Detect Slim angebote
qa90947ea4,Electronics,gaming console,generic,gaming console deals,console di gioco occasioni,Spielkonsole schnäppchen
q6a2c52e84,Electronics,gaming laptop,generic,best value gaming laptop,laptop da gaming miglior rapporto qualità prezzo,bestes preis-leistungs Gaming-Laptop
q12b2a30b6,Electronics,digital camera,branded,Nikon Z6 II price,Nikon Z6 II prezzo,Nikon Z6 II preis
q4962bec6a,Home & Garden,monitor arm,generic,monitor arm specs,specifiche braccio per monitor,Monitorhalterung technische daten
q597958ed1,Electronics,streaming device,branded,Apple TV 4K,Apple TV 4K,Apple TV 4K
q8dbf1d2b5,Apparel & Accessories,cycling shoes,generic,cycling shoes offers,offerte scarpe da ciclismo,Radschuhe angebote
qc42b2ac0a,Apparel & Accessories,hiking boots,generic,hiking boots amazon,scarpe da trekking amazon,Wanderstiefel amazon
qd09b4c540,Electronics,digital camera,branded,buy Canon PowerShot G7X Mark III,acquista Canon PowerShot G7X Mark III,Canon PowerShot G7X Mark III kaufen
q09a2d84d8,Electronics,gaming mouse,generic,gaming mouse,mouse gaming,Gaming-Maus
q5ae9df6ed,Electronics,USB hub,generic,where to buy USB hub,dove comprare hub USB,wo USB-Hub kaufen
q377287d5c,Electronics,SSD,generic,SSD 2024,SSD 2024,SSD 2024
q118e613cc,Home & Garden,blender,branded,buy Nutribullet Pro 900,acquista Nutribullet Pro 900,Nutribullet Pro 900 kaufen
q0221f9736,Electronics,monitor,generic,monitor offers,offerte monitor,Monitor angebote
qd80e6423c,Home & Garden,capsule coffee machine,generic,capsule coffee machine amazon,macchina caffè capsule amazon,Kapselkaffeemaschine amazon
q31451ad34,Home & Garden,hair dryer,branded,ghd Helios,ghd Helios,ghd Helios
q969e28d88,Electronics,monitor,generic,monitor amazon,monitor amazon,Monitor amazon
q056d3b7fc,Home & Garden,blender,generic,blender specs,specifiche frullatore,Mixer technische daten
q28650346a,Electronics,4K television,generic,4K television rating,valutazione televisore 4K,4K-Fernseher bewertung
qbf8514bfc,Electronics,digital camera,branded,Sony ZV-E10,Sony ZV-E10,Sony ZV-E10
q49702a910,Electronics,VR headset,generic,VR headset online,visore VR online,VR-Headset online
q6b036ed9e,Home & Garden,espresso machine,branded,Gaggia Classic Pro offers,Gaggia Classic Pro offerte,Gaggia Classic Pro angebote
q7b61896a9,Electronics,USB-C cable,generic,USB-C cable online,cavo USB-C online,USB-C-Kabel online
qd411b69c4,Electronics,webcam,generic,buy webcam online,comprare webcam online,Webcam online kaufen
q35d190f77,Beauty & Personal Care,sunscreen SPF 50,branded,Altruist SPF 50 Face Fluid review,Altruist SPF 50 Face Fluid recensione,Altruist SPF 50 Face Fluid test
q30d45acf7,Electronics,earbuds,branded,Bose QuietComfort Earbuds II review,Bose QuietComfort Earbuds II recensione,Bose QuietComfort Earbuds II test
qadcbafd7d,Home & Garden,security camera,generic,security camera online,telecamera di sicurezza online,Sicherheitskamera online
qec1a2f836,Apparel & Accessories,smartwatch,branded,Apple Watch Series 9 price,Apple Watch Serie 9 prezzo,Apple Watch Series 9 preis
q2b8389666,Electronics,smart TV,generic,cheap smart TV,smart TV economici,günstiger Smart-TV
q30cb5d406,Apparel & Accessories,running shoes,branded,Nike Zoom Pegasus 41 price,Nike Zoom Pegasus 41 prezzo,Nike Zoom Pegasus 41 preis
q929c370b2,Electronics,Bluetooth speaker,branded,buy JBL Charge 5,acquista JBL Charge 5,JBL Charge 5 kaufen
q44764415f,Sporting Goods,tennis racket,generic,cheap tennis racket,racchetta da tennis economici,günstiger Tennisschläger
q55704a32a,Electronics,QLED television,generic,QLED television deals,televisore QLED occasioni,QLED-Fernseher schnäppchen
q1cc1af5fb,Electronics,camera lens,generic,camera lens rating,valutazione obiettivo fotografico,Kameraobjektiv bewertung
q344fde673,Electronics,Bluetooth speaker,branded,Sony SRS-XB43,Sony SRS-XB43,Sony SRS-XB43
q1b603358f,Home & Garden,air purifier,branded,Coway Airmega 400,Coway Airmega 400,Coway Airmega 400
q20cb0b2cc,Electronics,Bluetooth speaker,generic,cheap Bluetooth speaker,speaker Bluetooth economici,günstiger Bluetooth-Lautsprecher
q4b0e5428c,Home & Garden,smart lighting,generic,best smart lighting,migliori illuminazione smart,bestes Smarte Beleuchtung
q3f4412754,Electronics,digital camera,branded,Nikon Z8 review,Nikon Z8 recensione,Nikon Z8 test
q9626409b5,Home & Garden,capsule coffee machine,branded,Nespresso Vertuo Next,Nespresso Vertuo Next,Nespresso Vertuo Next
q982adbcc1,Electronics,webcam,generic,webcam review,recensione webcam,Webcam test
q60722ba64,Home & Garden,smart thermostat,branded,Google Nest Learning Thermostat offers,Google Nest Termostato offerte,Google Nest Thermostat angebote
qc1c3acba4,Home & Garden,office chair,branded,Herman Miller Aeron offers,Herman Miller Aeron offerte,Herman Miller Aeron angebote
q35813f415,Sporting Goods,trekking poles,generic,trekking poles deals,bastoni da trekking occasioni,Wanderstöcke schnäppchen
q6842905ba,Apparel & Accessories,polo shirt,generic,buy polo shirt online,comprare polo online,Poloshirt online kaufen
q73791f64d,Home & Garden,humidifier,generic,humidifier price,prezzo umidificatore,Luftbefeuchter preis
q5cf6dee2a,Electronics,wireless headphones,branded,Anker Soundcore Q45 offers,Anker Soundcore Q45 offerte,Anker Soundcore Q45 angebote
qfe0e7effc,Electronics,SSD,generic,SSD price,prezzo SSD,SSD preis
qdd5cd392a,Home & Garden,standing desk,branded,Jarvis Standing Desk,Jarvis Standing Desk,Jarvis Standing Desk
q5b333f5bd,Beauty & Personal Care,retinol cream,generic,retinol cream sale,crema al retinolo saldi,Retinol-Creme sale
qcdf88a89e,Electronics,monitor,generic,monitor under 500,monitor sotto 500 euro,Monitor unter 500 euro
q1a08761b1,Home & Garden,office chair,branded,Steelcase Leap V2 review,Steelcase Leap V2 recensione,Steelcase Leap V2 test
q2ff77618d,Electronics,projector,generic,projector under 500,proiettore sotto 500 euro,Beamer unter 500 euro
q685424e6a,Home & Garden,robot vacuum cleaner,branded,buy Dreame L20 Ultra,acquista Dreame L20 Ultra,Dreame L20 Ultra kaufen
q55055bff7,Electronics,soundbar,generic,best value soundbar,soundbar miglior rapporto qualità prezzo,bestes preis-leistungs Soundbar
q3183b98da,Electronics,soundbar,generic,soundbar specs,specifiche soundbar,Soundbar technische daten
q22504ae54,Electronics,ultrabook,generic,top ultrabook,top ultrabook,top Ultrabook
qe594f2daa,Electronics,webcam,generic,best value webcam,webcam miglior rapporto qualità prezzo,bestes preis-leistungs Webcam
qcf7e56ad2,Home & Garden,coffee machine,generic,coffee machine for beginners,macchina del caffè per principianti,Kaffeemaschine für anfänger
q6e7763020,Electronics,laptop,branded,buy MacBook Air M2,acquista MacBook Air M2,MacBook Air M2 kaufen
q47893640f,Sporting Goods,ski helmet,generic,ski helmet specs,specifiche casco da sci,Skihelm technische daten
qe554a43fa,Beauty & Personal Care,face moisturiser,generic,top face moisturiser,top crema idratante viso,top Gesichtscreme
qf41c9f459,Electronics,gaming chair,generic,compare gaming chair,confronta sedia gaming,Gaming-Stuhl vergleich
q1561e8d8b,Electronics,digital camera,branded,buy Sony A7 IV,acquista Sony A7 IV,Sony A7 IV kaufen
qfeb6b61b9,Sporting Goods,resistance bands,generic,resistance bands amazon,elastici fitness amazon,Fitnessbänder amazon
q31f42c5c3,Electronics,smartphone,branded,Samsung Galaxy S25 offers,Samsung Galaxy S25 offerte,Samsung Galaxy S25 angebote
q5a98002ce,Electronics,laptop,branded,Lenovo IdeaPad 5 review,Lenovo IdeaPad 5 recensione,Lenovo IdeaPad 5 test
q32fa05894,Baby & Kids,car seat,generic,car seat offers,offerte seggiolino auto,Kindersitz angebote
qa1c5dafda,Apparel & Accessories,winter jacket,branded,The North Face Nuptse price,The North Face Nuptse prezzo,The North Face Nuptse preis
q8f00f065b,Electronics,business laptop,generic,where to buy business laptop,dove comprare laptop business,wo Business-Laptop kaufen
qa6141495d,Electronics,laptop stand,generic,buy laptop stand,acquista supporto laptop,Laptop-Ständer kaufen
q8ce8bd988,Home & Garden,instant pot,generic,instant pot amazon,pentola a pressione amazon,Schnellkochtopf amazon
q92f158ded,Home & Garden,robot vacuum cleaner,branded,iRobot Roomba j7+ price,iRobot Roomba j7+ prezzo,iRobot Roomba j7+ preis
qd4dcbefa8,Apparel & Accessories,down jacket,generic,compare down jacket,confronta piumino,Daunenjacke vergleich
qd63cfcb23,Electronics,gaming laptop,generic,top gaming laptop,top laptop da gaming,top Gaming-Laptop
qaf844603d,Apparel & Accessories,sunglasses,generic,sunglasses rating,valutazione occhiali da sole,Sonnenbrille bewertung
q19db8925f,Sporting Goods,badminton racket,generic,badminton racket offers,offerte racchetta da badminton,Badmintonschläger angebote
q5f035ed86,Home & Garden,standing desk,generic,standing desk amazon,scrivania regolabile amazon,Höhenverstellbarer Schreibtisch amazon
qdb6d0b9cc,Electronics,digital camera,branded,Nikon Z6 II offers,Nikon Z6 II offerte,Nikon Z6 II angebote
q31ea2555d,Electronics,mirrorless camera,generic,mirrorless camera offers,offerte fotocamera mirrorless,Systemkamera angebote
qacff503c8,Electronics,external hard drive,generic,external hard drive professional,hard disk esterno professionale,professioneller Externe Festplatte
q039bf98d0,Home & Garden,security camera,generic,security camera price,prezzo telecamera di sicurezza,Sicherheitskamera preis
q5464baa41,Apparel & Accessories,cycling shoes,generic,cycling shoes sale,scarpe da ciclismo saldi,Radschuhe sale
qb1779e58f,Electronics,phone case,branded,OtterBox Defender iPhone 15 offers,OtterBox Defender iPhone 15 offerte,OtterBox Defender iPhone 15 angebote
qbeb102bd7,Sporting Goods,cycling helmet,generic,buy cycling helmet online,comprare casco da bici online,Fahrradhelm online kaufen
q5473fe386,Sporting Goods,sports nutrition,generic,sports nutrition 2024,nutrizione sportiva 2024,Sportnahrung 2024
qf252f7fac,Sporting Goods,surf board,generic,buy surf board online,comprare tavola da surf online,Surfbrett online kaufen
qb3958cbc2,Electronics,in-ear headphones,generic,in-ear headphones review,recensione auricolari in-ear,In-Ear-Kopfhörer test
q5ecabcd99,Apparel & Accessories,running shoes,generic,buy running shoes,acquista scarpe da corsa,Laufschuhe kaufen
q9ef0e9951,Electronics,OLED television,generic,buy OLED television online,comprare televisore OLED online,OLED-Fernseher online kaufen
q4c794e402,Apparel & Accessories,running shoes,generic,where to buy running shoes,dove comprare scarpe da corsa,wo Laufschuhe kaufen
q1ff83b229,Sporting Goods,GPS running watch,branded,buy Garmin Forerunner 265,acquista Garmin Forerunner 265,Garmin Forerunner 265 kaufen
qe9f82c310,Apparel & Accessories,sunglasses,generic,best value sunglasses,occhiali da sole miglior rapporto qualità prezzo,bestes preis-leistungs Sonnenbrille
qb8480c330,Sporting Goods,football,generic,football review,recensione pallone da calcio,Fußball test
qd25383476,Electronics,wireless headphones,generic,wireless headphones specs,specifiche cuffie wireless,Kabellose Kopfhörer technische daten
qff99b8291,Electronics,power bank,generic,power bank price,prezzo power bank,Powerbank preis
qb0ffe3602,Electronics,gaming laptop,generic,cheap gaming laptop,laptop da gaming economici,günstiger Gaming-Laptop
q2afe7a1f5,Electronics,laptop stand,generic,laptop stand specs,specifiche supporto laptop,Laptop-Ständer technische daten
q0d163b7e2,Electronics,external hard drive,generic,external hard drive under 500,hard disk esterno sotto 500 euro,Externe Festplatte unter 500 euro
q49ccf201c,Beauty & Personal Care,face moisturiser,generic,face moisturiser rating,valutazione crema idratante viso,Gesichtscreme bewertung
q4ddf02166,Electronics,home cinema system,generic,top home cinema system,top sistema home cinema,top Heimkinosystem
qa4f8908a5,Home & Garden,coffee machine,generic,top coffee machine,top macchina del caffè,top Kaffeemaschine
q9dd7d505c,Electronics,gaming controller,generic,compare gaming controller,confronta controller gaming,Gaming-Controller vergleich
qd7af7fd8f,Sporting Goods,camping tent,branded,MSR Hubba Hubba NX 2 review,MSR Hubba Hubba NX 2 recensione,MSR Hubba Hubba NX 2 test
q418c3343b,Sporting Goods,road bike,generic,road bike deals,bici da strada occasioni,Rennrad schnäppchen
q4c2c92f00,Apparel & Accessories,fitness tracker,generic,fitness tracker sale,fitness tracker saldi,Fitness-Tracker sale
q406a5a806,Sporting Goods,badminton racket,generic,buy badminton racket,acquista racchetta da badminton,Badmintonschläger kaufen
qb98f37149,Sporting Goods,e-bike,branded,Bosch eBike offers,E-Bike Bosch offerte,Bosch E-Bike angebote
qc7c026492,Electronics,screen protector,generic,best screen protector,migliori protezione schermo,bestes Displayschutzfolie
q32b127655,Electronics,noise cancelling headphones,generic,noise cancelling headphones 2024,cuffie noise cancelling 2024,Noise-Cancelling-Kopfhörer 2024
qafebc1ac9,Electronics,gaming controller,generic,gaming controller price,prezzo controller gaming,Gaming-Controller preis
qa509ccad6,Electronics,digital camera,branded,Nikon Z8 price,Nikon Z8 prezzo,Nikon Z8 preis
q00864e849,Beauty & Personal Care,nail polish,generic,buy nail polish,acquista smalto per unghie,Nagellack kaufen
q9d332d67e,Baby & Kids,car seat,branded,Maxi-Cosi Pebble 360 offers,Maxi-Cosi Pebble 360 offerte,Maxi-Cosi Pebble 360 angebote
qf361f2b3a,Electronics,action camera,branded,GoPro Hero 12 review,GoPro Hero 12 recensione,GoPro Hero 12 test
q39482c1d0,Apparel & Accessories,smartwatch,branded,Samsung Galaxy Watch 6 offers,Samsung Galaxy Watch 6 offerte,Samsung Galaxy Watch 6 angebote
q490f44230,Apparel & Accessories,football boots,generic,compare football boots,confronta scarpe da calcio,Fußballschuhe vergleich
q91e5ad641,Electronics,flagship smartphone,generic,flagship smartphone amazon,smartphone top di gamma amazon,Flagship-Smartphone amazon
q709da1e5b,Electronics,gaming monitor,generic,gaming monitor professional,monitor gaming professionale,professioneller Gaming-Monitor
q6404524ea,Sporting Goods,foam roller,generic,where to buy foam roller,dove comprare foam roller,wo Schaumstoffrolle kaufen
q5f74ffc0d,Sporting Goods,cycling helmet,branded,Bell Z20 MIPS price,Bell Z20 MIPS prezzo,Bell Z20 MIPS preis
qa2f8f40b3,Electronics,SSD,generic,SSD rating,valutazione SSD,SSD bewertung
q941d9980d,Electronics,in-ear headphones,generic,in-ear headphones for beginners,auricolari in-ear per principianti,In-Ear-Kopfhörer für anfänger
qaba90ff01,Electronics,Bluetooth speaker,generic,Bluetooth speaker online,speaker Bluetooth online,Bluetooth-Lautsprecher online
q7b2d83baf,Electronics,SSD,generic,best value SSD,SSD miglior rapporto qualità prezzo,bestes preis-leistungs SSD
q10dc8fa3c,Sporting Goods,kettlebell,generic,kettlebell for beginners,kettlebell per principianti,Kettlebell für anfänger
qe833ae7e5,Electronics,noise cancelling headphones,branded,Apple AirPods Max,Apple AirPods Max,Apple AirPods Max
qafef82421,Home & Garden,robot vacuum cleaner,branded,buy Ecovacs Deebot X2 Omni,acquista Ecovacs Deebot X2 Omni,Ecovacs Deebot X2 Omni kaufen
q4d74d75d3,Sporting Goods,protein powder,generic,protein powder for beginners,proteine in polvere per principianti,Proteinpulver für anfänger
qf9afc886d,Electronics,gaming monitor,generic,gaming monitor under 500,monitor gaming sotto 500 euro,Gaming-Monitor unter 500 euro
q38a9491e9,Beauty & Personal Care,retinol cream,generic,retinol cream review,recensione crema al retinolo,Retinol-Creme test
qea536de74,Electronics,monitor,generic,best value monitor,monitor miglior rapporto qualità prezzo,bestes preis-leistungs Monitor
qf1de10662,Home & Garden,espresso machine,generic,espresso machine amazon,macchina per espresso amazon,Espressomaschine amazon
q5c68b3806,Sporting Goods,sleeping bag,generic,cheap sleeping bag,sacco a pelo economici,günstiger Schlafsack
qa5037c064,Sporting Goods,GPS running watch,branded,buy Suunto Race,acquista Suunto Race,Suunto Race kaufen
qf5688a5c4,Sporting Goods,e-bike,generic,e-bike professional,bici elettrica professionale,professioneller E-Bike
qe683a7366,Home & Garden,air purifier,generic,where to buy air purifier,dove comprare purificatore d'aria,wo Luftreiniger kaufen
q126848b68,Apparel & Accessories,backpack,generic,backpack 2024,zaino 2024,Rucksack 2024
qd3575efd4,Apparel & Accessories,running shoes,generic,running shoes offers,offerte scarpe da corsa,Laufschuhe angebote
q28d553fe0,Apparel & Accessories,running shoes,branded,ASICS Gel-Kayano 30 offers,ASICS Gel-Kayano 30 offerte,ASICS Gel-Kayano 30 angebote
qd61896c09,Electronics,gaming monitor,generic,best value gaming monitor,monitor gaming miglior rapporto qualità prezzo,bestes preis-leistungs Gaming-Monitor
qa23b3ed01,Electronics,gaming chair,generic,where to buy gaming chair,dove comprare sedia gaming,wo Gaming-Stuhl kaufen
q82410e03a,Electronics,wireless charger,branded,buy Anker MagGo 15W,acquista Anker MagGo 15W,Anker MagGo 15W kaufen
q717d6bf42,Baby & Kids,baby monitor,generic,buy baby monitor,acquista baby monitor,Babyphone kaufen
qc694a79c1,Home & Garden,vacuum cleaner,branded,Dyson V12 Detect Slim review,Dyson V12 Detect Slim recensione,Dyson V12 Detect Slim test
q6e89113cc,Electronics,mechanical keyboard,branded,Razer BlackWidow V4 price,Razer BlackWidow V4 prezzo,Razer BlackWidow V4 preis
q835362c62,Beauty & Personal Care,foundation makeup,generic,foundation makeup price,prezzo fondotinta,Foundation preis
qb920a9e07,Electronics,gaming laptop,branded,buy ASUS ROG Zephyrus G14,acquista ASUS ROG Zephyrus G14,ASUS ROG Zephyrus G14 kaufen
q871c92ab8,Electronics,gaming headset,generic,gaming headset for beginners,headset gaming per principianti,Gaming-Headset für anfänger
q7a7c4eca6,Apparel & Accessories,fitness tracker,generic,fitness tracker for beginners,fitness tracker per principianti,Fitness-Tracker für anfänger
qd6ca3fb27,Electronics,DAC amplifier,generic,compare DAC amplifier,confronta DAC amplificatore,DAC Verstärker vergleich
q08d9e6b95,Apparel & Accessories,hiking boots,generic,hiking boots online,scarpe da trekking online,Wanderstiefel online
q6d6f7a103,Electronics,laptop stand,generic,laptop stand deals,supporto laptop occasioni,Laptop-Ständer schnäppchen
q27b8da1b0,Apparel & Accessories,smartwatch,generic,smartwatch 2024,smartwatch 2024,Smartwatch 2024
q2e3a188b9,Electronics,OLED television,branded,Sony Bravia A80L price,Sony Bravia A80L prezzo,Sony Bravia A80L preis
q2c383cbd2,Baby & Kids,car seat,generic,car seat 2024,seggiolino auto 2024,Kindersitz 2024
qebbaa0444,Sporting Goods,tennis racket,generic,top tennis racket,top racchetta da tennis,top Tennisschläger
q29d0f9d6b,Electronics,noise cancelling headphones,branded,Bose QuietComfort 45 review,Bose QuietComfort 45 recensione,Bose QuietComfort 45 test
qc11ea6d2b,Sporting Goods,ski boots,generic,ski boots sale,scarponi da sci saldi,Skischuhe sale
q38a90e60a,Home & Garden,hair dryer,generic,hair dryer professional,asciugacapelli professionale,professioneller Haartrockner
q99087b7f8,Sporting Goods,e-bike,branded,Cube Stereo Hybrid,Cube Stereo Hybrid,Cube Stereo Hybrid
q6132edd28,Sporting Goods,climbing harness,generic,buy climbing harness,acquista imbrago da arrampicata,Klettergurt kaufen
qbcb3b5e69,Sporting Goods,cycling helmet,branded,Specialized Propero 4 offers,Specialized Propero 4 offerte,Specialized Propero 4 angebote
qde32bf5e4,Home & Garden,office chair,branded,Secretlab Titan Evo,Secretlab Titan Evo,Secretlab Titan Evo
qa437b1241,Home & Garden,air fryer,branded,Tefal Easy Fry Deluxe price,Tefal Easy Fry Deluxe prezzo,Tefal Easy Fry Deluxe preis
q091d07fc2,Electronics,gaming controller,generic,gaming controller for beginners,controller gaming per principianti,Gaming-Controller für anfänger
qf6b78ddde,Home & Garden,smart thermostat,branded,buy Hive Active Heating,acquista Hive Active Heating,Hive Active Heating kaufen
q5c78703ff,Electronics,gaming chair,generic,gaming chair review,recensione sedia gaming,Gaming-Stuhl test
qae5a05560,Electronics,2-in-1 laptop,generic,2-in-1 laptop for beginners,laptop 2-in-1 per principianti,2-in-1-Laptop für anfänger
q8ba1133b8,Electronics,laptop,generic,laptop specs,specifiche laptop,Laptop technische daten
q767e2ef2a,Apparel & Accessories,sport leggings,generic,sport leggings 2024,leggings sportivi 2024,Sport-Leggings 2024
q8cf079b31,Baby & Kids,car seat,branded,Cybex Sirona S2 i-Size price,Cybex Sirona S2 i-Size prezzo,Cybex Sirona S2 i-Size preis
q58c6f30b0,Sporting Goods,heart rate monitor,generic,buy heart rate monitor,acquista cardiofrequenzimetro,Herzfrequenzmesser kaufen
qffcbc4d37,Electronics,laptop,generic,cheap laptop,laptop economici,günstiger Laptop
q76c1bd8aa,Beauty & Personal Care,perfume,generic,perfume professional,profumo professionale,professioneller Parfüm
q9f16a26c4,Home & Garden,coffee machine,branded,De'Longhi Dinamica Plus offers,De'Longhi Dinamica Plus offerte,De'Longhi Dinamica Plus angebote
q26ef22d01,Electronics,vinyl record player,generic,vinyl record player sale,giradischi saldi,Plattenspieler sale
q0d7a624a8,Home & Garden,security camera,generic,security camera specs,specifiche telecamera di sicurezza,Sicherheitskamera technische daten
q2d5384027,Electronics,USB hub,generic,USB hub online,hub USB online,USB-Hub online
q45e36a015,Beauty & Personal Care,perfume,branded,Chanel N°5,Chanel N°5,Chanel N°5
qe18f55d3b,Electronics,phone case,generic,best phone case,migliori custodia per telefono,bestes Handyhülle
qfb67e0af2,Beauty & Personal Care,lip balm,generic,cheap lip balm,balsamo labbra economici,günstiger Lippenbalsam
qeb324a086,Sporting Goods,tennis racket,generic,best tennis racket,migliori racchetta da tennis,bestes Tennisschläger
q32c948bd3,Beauty & Personal Care,lip balm,generic,lip balm amazon,balsamo labbra amazon,Lippenbalsam amazon
qe6c8b3ffe,Apparel & Accessories,compression socks,generic,compare compression socks,confronta calze a compressione,Kompressionssocken vergleich
qb1c0959f3,Beauty & Personal Care,perfume,generic,where to buy perfume,dove comprare profumo,wo Parfüm kaufen
q353ed86de,Electronics,gaming monitor,generic,gaming monitor sale,monitor gaming saldi,Gaming-Monitor sale
q05e32a657,Electronics,smart TV,generic,smart TV under 100,smart TV sotto 100 euro,Smart-TV unter 100 euro
q423ec762d,Apparel & Accessories,sport shorts,generic,sport shorts rating,valutazione pantaloncini sportivi,Sporthose bewertung
q018ec02b5,Electronics,projector,generic,best projector,migliori proiettore,bestes Beamer
q02f5600f0,Home & Garden,capsule coffee machine,branded,buy Nespresso Essenza Mini,acquista Nespresso Essenza Mini,Nespresso Essenza Mini kaufen
qbf1bc711e,Home & Garden,security camera,branded,buy Arlo Pro 5S,acquista Arlo Pro 5S,Arlo Pro 5S kaufen
q82e9dcc6e,Electronics,USB hub,generic,USB hub amazon,hub USB amazon,USB-Hub amazon
q095fcf614,Electronics,smartphone,branded,Samsung Galaxy S24 Ultra review,Samsung Galaxy S24 Ultra recensione,Samsung Galaxy S24 Ultra test
q2750cf54f,Sporting Goods,ski boots,generic,ski boots specs,specifiche scarponi da sci,Skischuhe technische daten
qda3281673,Sporting Goods,exercise bike,generic,cheap exercise bike,cyclette economici,günstiger Heimtrainer
q5b1aaf749,Electronics,projector,generic,projector specs,specifiche proiettore,Beamer technische daten
qe3cc3ac0b,Apparel & Accessories,sunglasses,branded,Ray-Ban Aviator price,Ray-Ban Aviator prezzo,Ray-Ban Aviator preis
q3672997b0,Electronics,Bluetooth speaker,branded,JBL Flip 6 review,JBL Flip 6 recensione,JBL Flip 6 test
q1dfe43ca4,Sporting Goods,road bike,generic,road bike rating,valutazione bici da strada,Rennrad bewertung
qf6d6b35d6,Home & Garden,capsule coffee machine,branded,Keurig K-Elite,Keurig K-Elite,Keurig K-Elite
q9785a36bf,Electronics,VR headset,branded,Apple Vision Pro offers,Apple Vision Pro offerte,Apple Vision Pro angebote
q2873525da,Electronics,laptop,branded,ASUS ZenBook Pro,ASUS ZenBook Pro,ASUS ZenBook Pro
q575316ccb,Electronics,ultrabook,generic,ultrabook online,ultrabook online,Ultrabook online
q60a41f3a1,Electronics,iPad,generic,iPad deals,iPad occasioni,iPad schnäppchen
q0bf8ae19c,Apparel & Accessories,running shoes,branded,Hoka Bondi 8 review,Hoka Bondi 8 recensione,Hoka Bondi 8 test
q172e7ddd5,Home & Garden,smart thermostat,generic,compare smart thermostat,confronta termostato intelligente,Smartes Thermostat vergleich
q363b92a35,Apparel & Accessories,running shoes,branded,Hoka Bondi 8,Hoka Bondi 8,Hoka Bondi 8
q7bd38b77f,Electronics,gaming controller,branded,DualSense Edge,DualSense Edge,DualSense Edge
q384520034,Electronics,mechanical keyboard,generic,mechanical keyboard 2024,tastiera meccanica 2024,Mechanische Tastatur 2024
qce6461261,Sporting Goods,resistance bands,generic,resistance bands online,elastici fitness online,Fitnessbänder online
q6078d4c26,Baby & Kids,baby stroller,branded,buy Chicco Trio Sprint,acquista Chicco Trio Sprint,Chicco Trio Sprint kaufen
qa8f06fd69,Sporting Goods,GPS running watch,generic,GPS running watch professional,orologio GPS corsa professionale,professioneller GPS-Laufuhr
qdc325385f,Apparel & Accessories,running shoes,branded,Hoka Speedgoat 5 price,Hoka Speedgoat 5 prezzo,Hoka Speedgoat 5 preis
q054127241,Apparel & Accessories,sunglasses,generic,sunglasses price,prezzo occhiali da sole,Sonnenbrille preis
qd182e5ca1,Apparel & Accessories,backpack,generic,backpack offers,offerte zaino,Rucksack angebote
qa305f9d51,Apparel & Accessories,compression socks,generic,compression socks rating,valutazione calze a compressione,Kompressionssocken bewertung
qeafb0735e,Electronics,drone with camera,branded,DJI Mini 4 Pro offers,DJI Mini 4 Pro offerte,DJI Mini 4 Pro angebote
q7d0982896,Electronics,USB-C cable,generic,USB-C cable sale,cavo USB-C saldi,USB-C-Kabel sale
q832403a9e,Electronics,gaming mouse,generic,gaming mouse amazon,mouse gaming amazon,Gaming-Maus amazon
qfbd85d6b3,Electronics,laptop,generic,laptop price,prezzo laptop,Laptop preis
qe8db52770,Sporting Goods,treadmill,generic,treadmill for beginners,tapis roulant per principianti,Laufband für anfänger
qb0c410231,Electronics,camera lens,generic,where to buy camera lens,dove comprare obiettivo fotografico,wo Kameraobjektiv kaufen
q84eb1d65a,Apparel & Accessories,hiking boots,branded,Merrell Moab 3 review,Merrell Moab 3 recensione,Merrell Moab 3 test
q119e30c13,Home & Garden,smart lighting,branded,LIFX Color 1000lm review,LIFX Color 1000lm recensione,LIFX Color 1000lm test
q76c1cc58a,Sporting Goods,camping tent,generic,camping tent rating,valutazione tenda da campeggio,Campingzelt bewertung
q1abec0248,Sporting Goods,mountain bike,branded,buy Santa Cruz Hightower,acquista Santa Cruz Hightower,Santa Cruz Hightower kaufen
q695cd22fb,Electronics,tablet,branded,Samsung Galaxy Tab S9,Samsung Galaxy Tab S9,Samsung Galaxy Tab S9
q471798251,Sporting Goods,e-bike,branded,buy Cube Stereo Hybrid,acquista Cube Stereo Hybrid,Cube Stereo Hybrid kaufen
q1594a36eb,Home & Garden,electric razor,branded,buy Braun Series 9 Pro+,acquista Braun Series 9 Pro+,Braun Series 9 Pro+ kaufen
qad6bcb192,Sporting Goods,surf board,generic,surf board specs,specifiche tavola da surf,Surfbrett technische daten
q5d21ffb28,Electronics,power bank,generic,where to buy power bank,dove comprare power bank,wo Powerbank kaufen
qc1ec6696d,Home & Garden,smart doorbell,generic,where to buy smart doorbell,dove comprare videocitofono smart,wo Video-Türklingel kaufen
q997080c6c,Sporting Goods,mountain bike,branded,Santa Cruz Hightower offers,Santa Cruz Hightower offerte,Santa Cruz Hightower angebote
q58660555f,Electronics,VR headset,generic,VR headset professional,visore VR professionale,professioneller VR-Headset
qf7b23463f,Home & Garden,smart lighting,branded,LIFX Color 1000lm offers,LIFX Color 1000lm offerte,LIFX Color 1000lm angebote
q01a58a6c8,Home & Garden,espresso machine,generic,cheap espresso machine,macchina per espresso economici,günstiger Espressomaschine
q8434c9582,Sporting Goods,treadmill,branded,buy Peloton Tread,acquista Peloton Tread,Peloton Tread kaufen
qcc2e6f44e,Electronics,mechanical keyboard,generic,cheap mechanical keyboard,tastiera meccanica economici,günstiger Mechanische Tastatur
q075a40477,Electronics,in-ear headphones,generic,in-ear headphones under 100,auricolari in-ear sotto 100 euro,In-Ear-Kopfhörer unter 100 euro
q9bdc87f8d,Sporting Goods,road bike,generic,road bike,bici da strada,Rennrad
q04cab9073,Apparel & Accessories,winter jacket,generic,winter jacket specs,specifiche giacca invernale,Winterjacke technische daten
qb0eac7180,Electronics,gaming console,branded,Nintendo Switch OLED review,Nintendo Switch OLED recensione,Nintendo Switch OLED test
q8a8255f71,Electronics,monitor,generic,monitor sale,monitor saldi,Monitor sale
q73d41ae42,Home & Garden,electric razor,generic,electric razor 2024,rasoio elettrico 2024,Elektrorasierer 2024
q0b3805cfa,Home & Garden,electric toothbrush,branded,Philips Sonicare DiamondClean price,Philips Sonicare DiamondClean prezzo,Philips Sonicare DiamondClean preis
q9705f63b0,Home & Garden,electric razor,generic,electric razor specs,specifiche rasoio elettrico,Elektrorasierer technische daten
q51c06e418,Sporting Goods,e-bike,branded,Cube Stereo Hybrid offers,Cube Stereo Hybrid offerte,Cube Stereo Hybrid angebote
qf1105811e,Apparel & Accessories,tennis shoes,generic,tennis shoes under 500,scarpe da tennis sotto 500 euro,Tennisschuhe unter 500 euro
q80e051a16,Baby & Kids,toys,branded,LEGO Harry Potter Hogwarts Castle,LEGO Harry Potter Hogwarts Castle,LEGO Harry Potter Hogwarts Castle
q51607d906,Electronics,gaming headset,generic,cheap gaming headset,headset gaming economici,günstiger Gaming-Headset
q8536dc65e,Sporting Goods,protein powder,generic,top protein powder,top proteine in polvere,top Proteinpulver
q169e73dca,Electronics,gaming laptop,branded,Razer Blade 15 price,Razer Blade 15 prezzo,Razer Blade 15 preis
qe90a6fcf1,Electronics,business laptop,generic,business laptop offers,offerte laptop business,Business-Laptop angebote
q0c9d13078,Electronics,wireless headphones,branded,Anker Soundcore Q45 price,Anker Soundcore Q45 prezzo,Anker Soundcore Q45 preis
q8568e2908,Home & Garden,office chair,branded,Herman Miller Aeron review,Herman Miller Aeron recensione,Herman Miller Aeron test
qffb7ad9dc,Electronics,mirrorless camera,generic,mirrorless camera amazon,fotocamera mirrorless amazon,Systemkamera amazon
q3cd767388,Electronics,gaming chair,generic,buy gaming chair online,comprare sedia gaming online,Gaming-Stuhl online kaufen
qfafed0ec7,Electronics,tablet,generic,tablet under 500,tablet sotto 500 euro,Tablet unter 500 euro
q9bd6df299,Sporting Goods,heart rate monitor,generic,buy heart rate monitor online,comprare cardiofrequenzimetro online,Herzfrequenzmesser online kaufen
qe39fd9da4,Apparel & Accessories,basketball shoes,generic,best basketball shoes,migliori scarpe da basket,bestes Basketballschuhe
q491a58179,Apparel & Accessories,sneakers,branded,buy Adidas Yeezy 350 V2,acquista Adidas Yeezy 350 V2,Adidas Yeezy 350 V2 kaufen
qabf59e9d8,Electronics,in-ear headphones,generic,in-ear headphones professional,auricolari in-ear professionale,professioneller In-Ear-Kopfhörer
q52fe36aed,Beauty & Personal Care,face moisturiser,generic,face moisturiser professional,crema idratante viso professionale,professioneller Gesichtscreme
q390f6319f,Electronics,earbuds,generic,earbuds offers,offerte auricolari,Ohrstöpsel angebote
q520bd722c,Sporting Goods,climbing harness,generic,climbing harness professional,imbrago da arrampicata professionale,professioneller Klettergurt
q3c33a9e92,Home & Garden,vacuum cleaner,generic,vacuum cleaner amazon,aspirapolvere amazon,Staubsauger amazon
qe82bdb597,Electronics,monitor,generic,monitor professional,monitor professionale,professioneller Monitor
qa984cd8fb,Baby & Kids,baby carrier,generic,buy baby carrier,acquista marsupio neonato,Babytrage kaufen
qadee4989b,Sporting Goods,climbing harness,generic,climbing harness review,recensione imbrago da arrampicata,Klettergurt test
q152419dce,Sporting Goods,mountain bike,branded,Giant Trance X Advanced,Giant Trance X Advanced,Giant Trance X Advanced
qd5bc97b80,Electronics,camera lens,generic,cheap camera lens,obiettivo fotografico economici,günstiger Kameraobjektiv
q9c5d3f0d2,Home & Garden,robot vacuum cleaner,generic,buy robot vacuum cleaner online,comprare aspirapolvere robot online,Saugroboter online kaufen
q28ad5980e,Electronics,QLED television,branded,Samsung QN90C offers,Samsung QN90C offerte,Samsung QN90C angebote
q81e8559a8,Apparel & Accessories,sports bra,generic,sports bra specs,specifiche reggiseno sportivo,Sport-BH technische daten
q0e3cdbd7b,Electronics,laptop,generic,laptop professional,laptop professionale,professioneller Laptop
q35e2e41b2,Sporting Goods,e-bike,generic,e-bike amazon,bici elettrica amazon,E-Bike amazon
q3d5a546b2,Apparel & Accessories,basketball shoes,generic,basketball shoes specs,specifiche scarpe da basket,Basketballschuhe technische daten
q7c1ef2882,Apparel & Accessories,running shoes,branded,Nike Air Force 1 offers,Nike Air Force 1 offerte,Nike Air Force 1 angebote
q36c1411bb,Electronics,smartphone,generic,smartphone rating,valutazione smartphone,Smartphone bewertung
q3d354b1bb,Electronics,digital camera,generic,top digital camera,top fotocamera digitale,top Digitalkamera
q21c63028e,Electronics,webcam,generic,webcam under 100,webcam sotto 100 euro,Webcam unter 100 euro
q1e6902111,Beauty & Personal Care,nail polish,generic,nail polish price,prezzo smalto per unghie,Nagellack preis
q3c9d9c548,Electronics,mirrorless camera,generic,mirrorless camera sale,fotocamera mirrorless saldi,Systemkamera sale
q28243da06,Sporting Goods,GPS running watch,generic,GPS running watch specs,specifiche orologio GPS corsa,GPS-Laufuhr technische daten
qceadd527e,Electronics,projector,generic,projector,proiettore,Beamer
q0b4bfb663,Beauty & Personal Care,retinol cream,generic,retinol cream amazon,crema al retinolo amazon,Retinol-Creme amazon
q922e53105,Sporting Goods,swimming goggles,generic,buy swimming goggles,acquista occhialini da nuoto,Schwimmbrille kaufen
q49b97d531,Apparel & Accessories,cycling shoes,generic,compare cycling shoes,confronta scarpe da ciclismo,Radschuhe vergleich
q89c739494,Sporting Goods,cycling helmet,branded,Giro Synthe MIPS review,Giro Synthe MIPS recensione,Giro Synthe MIPS test
qf2aca1d08,Electronics,iPad,generic,iPad online,iPad online,iPad online
q937a10875,Electronics,smartphone,branded,iPhone 16 offers,iPhone 16 offerte,iPhone 16 angebote
qd7165cc7a,Home & Garden,coffee machine,branded,buy De'Longhi Magnifica Evo,acquista De'Longhi Magnifica Evo,De'Longhi Magnifica Evo kaufen
qd5b5d5ce8,Electronics,smartphone,branded,buy Sony Xperia 1 VI,acquista Sony Xperia 1 VI,Sony Xperia 1 VI kaufen
q6b7854b2f,Baby & Kids,baby carrier,generic,baby carrier professional,marsupio neonato professionale,professioneller Babytrage
qb4ad75242,Electronics,gaming monitor,branded,buy Samsung Odyssey G7,acquista Samsung Odyssey G7,Samsung Odyssey G7 kaufen
q9e4658ab0,Baby & Kids,toys,generic,toys rating,valutazione giocattoli,Spielzeug bewertung
q5d42c182b,Sporting Goods,GPS running watch,generic,compare GPS running watch,confronta orologio GPS corsa,GPS-Laufuhr vergleich
q533e95c6b,Home & Garden,office chair,branded,buy ErgoChair Pro+,acquista ErgoChair Pro+,ErgoChair Pro+ kaufen
q9d9e99971,Sporting Goods,badminton racket,generic,badminton racket deals,racchetta da badminton occasioni,Badmintonschläger schnäppchen
q190065fd5,Apparel & Accessories,sneakers,generic,buy sneakers online,comprare sneakers online,Sneaker online kaufen
qe80f1ebb2,Electronics,screen protector,generic,screen protector under 100,protezione schermo sotto 100 euro,Displayschutzfolie unter 100 euro
qdfb589de1,Beauty & Personal Care,foundation makeup,generic,compare foundation makeup,confronta fondotinta,Foundation vergleich
qd38cf564f,Home & Garden,instant pot,generic,instant pot review,recensione pentola a pressione,Schnellkochtopf test
q2becdded3,Home & Garden,robot vacuum cleaner,branded,buy Roborock S8 Pro Ultra,acquista Roborock S8 Pro Ultra,Roborock S8 Pro Ultra kaufen
qb3546bf66,Electronics,streaming device,generic,buy streaming device online,comprare dispositivo streaming online,Streaming-Gerät online kaufen
qe27d4d9ba,Electronics,QLED television,generic,QLED television specs,specifiche televisore QLED,QLED-Fernseher technische daten
q43fc13732,Sporting Goods,basketball,generic,buy basketball online,comprare pallone da basket online,Basketball online kaufen
qc3d6c9edf,Apparel & Accessories,running shoes,branded,New Balance Fresh Foam 1080 price,New Balance Fresh Foam 1080 prezzo,New Balance Fresh Foam 1080 preis
qc246b6b4c,Electronics,power bank,generic,power bank deals,power bank occasioni,Powerbank schnäppchen
q351494d6d,Electronics,noise cancelling headphones,generic,noise cancelling headphones specs,specifiche cuffie noise cancelling,Noise-Cancelling-Kopfhörer technische daten
q0c54cfb3b,Apparel & Accessories,running jacket,generic,running jacket deals,giacca da corsa occasioni,Laufjacke schnäppchen
q5b4fe3753,Sporting Goods,pull-up bar,generic,top pull-up bar,top sbarra per trazioni,top Klimmzugstange
q1f81ad925,Apparel & Accessories,rain jacket,generic,rain jacket,giacca impermeabile,Regenjacke
q7c88bd105,Electronics,portable speaker,generic,portable speaker specs,specifiche altoparlante portatile,Portabler Lautsprecher technische daten
q9e7b4ffbf,Electronics,digital camera,branded,buy Fujifilm X-T5,acquista Fujifilm X-T5,Fujifilm X-T5 kaufen
q03511fa84,Sporting Goods,ski boots,generic,best ski boots,migliori scarponi da sci,bestes Skischuhe
q4dd158b8e,Electronics,gaming mouse,generic,gaming mouse 2024,mouse gaming 2024,Gaming-Maus 2024
qf788e8520,Baby & Kids,children bicycle,generic,best children bicycle,migliori bicicletta bambini,bestes Kinderfahrrad
q400c5edab,Home & Garden,electric razor,generic,buy electric razor online,comprare rasoio elettrico online,Elektrorasierer online kaufen
qd1b9ca2f8,Sporting Goods,football,generic,buy football,acquista pallone da calcio,Fußball kaufen
q3600e3c41,Electronics,drone with camera,branded,DJI Mini 4 Pro review,DJI Mini 4 Pro recensione,DJI Mini 4 Pro test
q15a1f79e5,Home & Garden,stand mixer,generic,stand mixer amazon,impastatrice amazon,Küchenmaschine amazon
q13f946845,Apparel & Accessories,sandals,generic,sandals under 500,sandali sotto 500 euro,Sandalen unter 500 euro
q159c089fe,Electronics,noise cancelling headphones,generic,noise cancelling headphones online,cuffie noise cancelling online,Noise-Cancelling-Kopfhörer online
q63c81aa9a,Apparel & Accessories,rain jacket,generic,rain jacket deals,giacca impermeabile occasioni,Regenjacke schnäppchen
q49d71aeca,Home & Garden,blender,branded,buy KitchenAid K400,acquista KitchenAid K400,KitchenAid K400 kaufen
q5fa8b14de,Electronics,in-ear headphones,generic,in-ear headphones online,auricolari in-ear online,In-Ear-Kopfhörer online
q69ae213a8,Electronics,digital camera,branded,Nikon Z8,Nikon Z8,Nikon Z8
q88b4ef9eb,Electronics,tablet,generic,tablet 2024,tablet 2024,Tablet 2024
q2cbdb1dcb,Electronics,budget smartphone,generic,buy budget smartphone online,comprare smartphone economico online,Günstiges Smartphone online kaufen
qa6483f3e4,Sporting Goods,GPS running watch,generic,GPS running watch online,orologio GPS corsa online,GPS-Laufuhr online
qd1acba1df,Electronics,gaming mouse,generic,gaming mouse sale,mouse gaming saldi,Gaming-Maus sale
q1988c2689,Electronics,laptop,branded,HP Envy 15,HP Envy 15,HP Envy 15
q6d88738fe,Electronics,instant camera,generic,instant camera specs,specifiche fotocamera istantanea,Sofortbildkamera technische daten
qbd2f7b0a8,Beauty & Personal Care,perfume,generic,perfume 2024,profumo 2024,Parfüm 2024
q03eb5ccb2,Electronics,mechanical keyboard,generic,buy mechanical keyboard,acquista tastiera meccanica,Mechanische Tastatur kaufen
q78fb38b2a,Electronics,noise cancelling headphones,generic,noise cancelling headphones,cuffie noise cancelling,Noise-Cancelling-Kopfhörer
q6b6a4fcc7,Apparel & Accessories,basketball shoes,generic,basketball shoes deals,scarpe da basket occasioni,Basketballschuhe schnäppchen
q6b656f60e,Electronics,budget smartphone,generic,budget smartphone under 100,smartphone economico sotto 100 euro,Günstiges Smartphone unter 100 euro
q5d7b46c5c,Home & Garden,security camera,generic,best value security camera,telecamera di sicurezza miglior rapporto qualità prezzo,bestes preis-leistungs Sicherheitskamera
q51c5c0c7b,Sporting Goods,dumbbell set,generic,best dumbbell set,migliori set manubri,bestes Hantelset
q1016a8915,Electronics,laptop,branded,MacBook Pro M3 offers,MacBook Pro M3 offerte,MacBook Pro M3 angebote
q546024204,Home & Garden,smart thermostat,branded,Google Nest Learning Thermostat,Google Nest Termostato,Google Nest Thermostat
q4b9a6540f,Apparel & Accessories,compression socks,generic,compression socks 2024,calze a compressione 2024,Kompressionssocken 2024
q288afbd82,Home & Garden,blender,generic,blender amazon,frullatore amazon,Mixer amazon
qe0accef8e,Beauty & Personal Care,sunscreen SPF 50,generic,sunscreen SPF 50 deals,crema solare SPF 50 occasioni,Sonnencreme SPF 50 schnäppchen
q65d9d316d,Home & Garden,monitor arm,generic,monitor arm amazon,braccio per monitor amazon,Monitorhalterung amazon
q6fe23481a,Apparel & Accessories,rain jacket,generic,rain jacket 2024,giacca impermeabile 2024,Regenjacke 2024
q0529f9f50,Electronics,DSLR camera,generic,DSLR camera professional,reflex digitale professionale,professioneller Spiegelreflexkamera
q4792e7066,Apparel & Accessories,boots,generic,best value boots,stivali miglior rapporto qualità prezzo,bestes preis-leistungs Stiefel
q5ee7f665e,Home & Garden,hair straightener,generic,hair straightener professional,piastra per capelli professionale,professioneller Haarglätter
q2da680cd7,Electronics,instant camera,generic,buy instant camera,acquista fotocamera istantanea,Sofortbildkamera kaufen
q4e3b3d941,Electronics,QLED television,generic,QLED television amazon,televisore QLED amazon,QLED-Fernseher amazon
q0c0636d26,Sporting Goods,foam roller,generic,buy foam roller online,comprare foam roller online,Schaumstoffrolle online kaufen
q9652403c3,Home & Garden,electric razor,generic,electric razor under 500,rasoio elettrico sotto 500 euro,Elektrorasierer unter 500 euro
q99457ea96,Electronics,gaming laptop,generic,gaming laptop amazon,laptop da gaming amazon,Gaming-Laptop amazon
qe9e5dc5c3,Sporting Goods,heart rate monitor,generic,where to buy heart rate monitor,dove comprare cardiofrequenzimetro,wo Herzfrequenzmesser kaufen
qca2e00898,Home & Garden,smart doorbell,branded,Ring Video Doorbell Pro 2 price,Ring Video Doorbell Pro 2 prezzo,Ring Video Doorbell Pro 2 preis
q0ed3b4eba,Apparel & Accessories,sunglasses,generic,sunglasses 2024,occhiali da sole 2024,Sonnenbrille 2024
qc16d14743,Electronics,noise cancelling headphones,branded,Sennheiser Momentum 4,Sennheiser Momentum 4,Sennheiser Momentum 4
qd6b63467f,Sporting Goods,yoga mat,generic,yoga mat,tappetino yoga,Yogamatte
qf75499278,Sporting Goods,basketball,generic,top basketball,top pallone da basket,top Basketball
q456978f01,Sporting Goods,cycling helmet,branded,Specialized Propero 4,Specialized Propero 4,Specialized Propero 4
q5caf1c1a4,Electronics,drone with camera,generic,drone with camera amazon,drone con fotocamera amazon,Drohne mit Kamera amazon
q278aa98d1,Baby & Kids,car seat,branded,buy Maxi-Cosi Pebble 360,acquista Maxi-Cosi Pebble 360,Maxi-Cosi Pebble 360 kaufen
q75be0f2c3,Beauty & Personal Care,vitamin C serum,generic,vitamin C serum amazon,siero vitamina C amazon,Vitamin-C-Serum amazon
q2cdd0e036,Sporting Goods,resistance bands,generic,buy resistance bands online,comprare elastici fitness online,Fitnessbänder online kaufen
qfbcf0f595,Electronics,noise cancelling headphones,branded,Sony WH-1000XM5,Sony WH-1000XM5,Sony WH-1000XM5
q8e9442670,Electronics,phone case,generic,phone case under 100,custodia per telefono sotto 100 euro,Handyhülle unter 100 euro
q836ca5ba6,Home & Garden,robot vacuum cleaner,branded,Ecovacs Deebot X2 Omni review,Ecovacs Deebot X2 Omni recensione,Ecovacs Deebot X2 Omni test
qbbc2687fd,Electronics,monitor,generic,compare monitor,confronta monitor,Monitor vergleich
q2078ae4bb,Apparel & Accessories,running shoes,branded,On Cloud 5 offers,On Cloud 5 offerte,On Cloud 5 angebote
q5ab3bd6cc,Apparel & Accessories,polo shirt,generic,polo shirt under 500,polo sotto 500 euro,Poloshirt unter 500 euro
qab41fe8c2,Baby & Kids,children bicycle,branded,Frog Bikes 52 review,Frog Bikes 52 recensione,Frog Bikes 52 test
qe07e7f33b,Electronics,DSLR camera,generic,top DSLR camera,top reflex digitale,top Spiegelreflexkamera
q9155cce5a,Home & Garden,air purifier,generic,air purifier rating,valutazione purificatore d'aria,Luftreiniger bewertung
q91a3f8bbd,Sporting Goods,tennis racket,branded,Babolat Pure Aero offers,Babolat Pure Aero offerte,Babolat Pure Aero angebote
q0ef6448c5,Electronics,Bluetooth speaker,generic,Bluetooth speaker offers,offerte speaker Bluetooth,Bluetooth-Lautsprecher angebote
q44b502a05,Baby & Kids,baby stroller,generic,where to buy baby stroller,dove comprare passeggino,wo Kinderwagen kaufen
qde2c36303,Apparel & Accessories,running shoes,branded,Adidas Supernova Rise review,Adidas Supernova Rise recensione,Adidas Supernova Rise test
qa26eccf2e,Electronics,wireless headphones,generic,best wireless headphones,migliori cuffie wireless,bestes Kabellose Kopfhörer
q3a60c5869,Home & Garden,instant pot,generic,instant pot for beginners,pentola a pressione per principianti,Schnellkochtopf für anfänger
q30531d159,Apparel & Accessories,running shoes,generic,best value running shoes,scarpe da corsa miglior rapporto qualità prezzo,bestes preis-leistungs Laufschuhe
q9f2c4a2d5,Beauty & Personal Care,face moisturiser,generic,face moisturiser amazon,crema idratante viso amazon,Gesichtscreme amazon
q4430f258c,Sporting Goods,badminton racket,generic,badminton racket amazon,racchetta da badminton amazon,Badmintonschläger amazon
qaacaac052,Electronics,power bank,generic,power bank 2024,power bank 2024,Powerbank 2024
qc662e0bf7,Electronics,portable speaker,generic,portable speaker price,prezzo altoparlante portatile,Portabler Lautsprecher preis
qf5d744b26,Electronics,drone with camera,generic,drone with camera deals,drone con fotocamera occasioni,Drohne mit Kamera schnäppchen
q3bd67304b,Baby & Kids,toys,generic,buy toys online,comprare giocattoli online,Spielzeug online kaufen
qd76c4d273,Electronics,gaming headset,generic,top gaming headset,top headset gaming,top Gaming-Headset
q7a3c68228,Electronics,noise cancelling headphones,branded,Bose QuietComfort 45,Bose QuietComfort 45,Bose QuietComfort 45
qc61e69397,Apparel & Accessories,sport leggings,generic,sport leggings amazon,leggings sportivi amazon,Sport-Leggings amazon
qa7a99051e,Home & Garden,food processor,generic,top food processor,top robot da cucina,top Küchenmaschine
q49448fb56,Electronics,gaming mouse,generic,gaming mouse online,mouse gaming online,Gaming-Maus online
q238c445dc,Electronics,digital camera,branded,Leica Q3 price,Leica Q3 prezzo,Leica Q3 preis
qc69c93952,Electronics,digital camera,branded,buy Canon EOS R6 Mark II,acquista Canon EOS R6 Mark II,Canon EOS R6 Mark II kaufen
qedfab8a1c,Sporting Goods,trekking poles,generic,trekking poles sale,bastoni da trekking saldi,Wanderstöcke sale
q46d3f2363,Apparel & Accessories,compression socks,generic,compression socks under 500,calze a compressione sotto 500 euro,Kompressionssocken unter 500 euro
qce5e8e543,Sporting Goods,sports nutrition,generic,sports nutrition offers,offerte nutrizione sportiva,Sportnahrung angebote
q5ccd71746,Apparel & Accessories,boots,generic,buy boots online,comprare stivali online,Stiefel online kaufen
q01e5e1c4a,Electronics,digital camera,branded,buy Leica Q3,acquista Leica Q3,Leica Q3 kaufen
q7092d49b1,Electronics,projector,generic,cheap projector,proiettore economici,günstiger Beamer
q08432ebb4,Electronics,digital camera,generic,buy digital camera,acquista fotocamera digitale,Digitalkamera kaufen
q9765e30ff,Home & Garden,electric toothbrush,branded,buy Philips Sonicare DiamondClean,acquista Philips Sonicare DiamondClean,Philips Sonicare DiamondClean kaufen
qb6795ac39,Sporting Goods,protein powder,generic,protein powder online,proteine in polvere online,Proteinpulver online
q0d3938af1,Baby & Kids,toys,generic,toys,giocattoli,Spielzeug
qb0940db9b,Home & Garden,electric toothbrush,generic,electric toothbrush sale,spazzolino elettrico saldi,Elektrische Zahnbürste sale
qb6c3ecd98,Electronics,instant camera,generic,best instant camera,migliori fotocamera istantanea,bestes Sofortbildkamera
qb662b3e57,Electronics,gaming laptop,branded,Acer Predator Helios 300 offers,Acer Predator Helios 300 offerte,Acer Predator Helios 300 angebote
q07ac58b8a,Electronics,business laptop,generic,best value business laptop,laptop business miglior rapporto qualità prezzo,bestes preis-leistungs Business-Laptop
q14cc8ecca,Electronics,smart TV,generic,smart TV 2024,smart TV 2024,Smart-TV 2024
q7ca00b0f5,Beauty & Personal Care,foundation makeup,generic,foundation makeup online,fondotinta online,Foundation online
q812197671,Electronics,gaming headset,generic,gaming headset under 100,headset gaming sotto 100 euro,Gaming-Headset unter 100 euro
q42f04f5fe,Apparel & Accessories,winter jacket,branded,buy The North Face Nuptse,acquista The North Face Nuptse,The North Face Nuptse kaufen
q723b19def,Electronics,smart TV,generic,smart TV price,prezzo smart TV,Smart-TV preis
q5434d13d7,Electronics,webcam,branded,Logitech Brio 4K price,Logitech Brio 4K prezzo,Logitech Brio 4K preis
q3da042c45,Apparel & Accessories,winter jacket,generic,buy winter jacket online,comprare giacca invernale online,Winterjacke online kaufen
q6e083833d,Baby & Kids,baby carrier,generic,best baby carrier,migliori marsupio neonato,bestes Babytrage
qc37d8c861,Apparel & Accessories,running shoes,branded,Hoka Speedgoat 5 review,Hoka Speedgoat 5 recensione,Hoka Speedgoat 5 test
qf9dc1de3e,Home & Garden,air purifier,branded,buy Blueair Blue Pure 311i+,acquista Blueair Blue Pure 311i+,Blueair Blue Pure 311i+ kaufen
q0895489e6,Sporting Goods,protein powder,generic,best protein powder,migliori proteine in polvere,bestes Proteinpulver
q6ce74958b,Electronics,wireless charger,branded,Belkin BoostCharge Pro review,Belkin BoostCharge Pro recensione,Belkin BoostCharge Pro test
q19a708921,Apparel & Accessories,boots,generic,boots review,recensione stivali,Stiefel test
q756e6bd9c,Apparel & Accessories,running shoes,branded,Nike Air Max 90 offers,Nike Air Max 90 offerte,Nike Air Max 90 angebote
q2bcbc63cc,Sporting Goods,climbing harness,generic,compare climbing harness,confronta imbrago da arrampicata,Klettergurt vergleich
qac099cc6c,Electronics,digital camera,generic,digital camera professional,fotocamera digitale professionale,professioneller Digitalkamera
qaa13e264e,Home & Garden,air purifier,branded,Levoit Core 600S,Levoit Core 600S,Levoit Core 600S
q287113ade,Home & Garden,capsule coffee machine,branded,Keurig K-Elite review,Keurig K-Elite recensione,Keurig K-Elite test
q6515e8027,Electronics,smartphone,generic,smartphone price,prezzo smartphone,Smartphone preis
q7afe56f08,Apparel & Accessories,sport leggings,generic,best sport leggings,migliori leggings sportivi,bestes Sport-Leggings
qc8af6f981,Sporting Goods,cycling helmet,generic,compare cycling helmet,confronta casco da bici,Fahrradhelm vergleich
q37fa09223,Home & Garden,hair straightener,generic,hair straightener under 500,piastra per capelli sotto 500 euro,Haarglätter unter 500 euro
qd069621b8,Electronics,tripod,generic,best value tripod,treppiede miglior rapporto qualità prezzo,bestes preis-leistungs Stativ
q5d5d194b8,Sporting Goods,heart rate monitor,generic,heart rate monitor for beginners,cardiofrequenzimetro per principianti,Herzfrequenzmesser für anfänger
qe14744ee0,Apparel & Accessories,rain jacket,generic,rain jacket price,prezzo giacca impermeabile,Regenjacke preis
qbcf08a793,Baby & Kids,children bicycle,generic,cheap children bicycle,bicicletta bambini economici,günstiger Kinderfahrrad
q8f929fbab,Apparel & Accessories,running shoes,branded,Hoka Speedgoat 5 offers,Hoka Speedgoat 5 offerte,Hoka Speedgoat 5 angebote
q11deca97c,Electronics,OLED television,branded,LG C3 OLED 65 price,LG C3 OLED 65 pollici prezzo,LG C3 OLED 65 Zoll preis
q880f4584e,Apparel & Accessories,running shoes,branded,Adidas Boston 12,Adidas Boston 12,Adidas Boston 12
q368243f11,Sporting Goods,heart rate monitor,generic,heart rate monitor specs,specifiche cardiofrequenzimetro,Herzfrequenzmesser technische daten
qaa1731a59,Beauty & Personal Care,lip balm,generic,lip balm offers,offerte balsamo labbra,Lippenbalsam angebote
q6724e0048,Baby & Kids,toys,generic,cheap toys,giocattoli economici,günstiger Spielzeug
q934091c4c,Electronics,camera lens,generic,camera lens for beginners,obiettivo fotografico per principianti,Kameraobjektiv für anfänger
q76c63ffbf,Apparel & Accessories,sports bag,generic,buy sports bag online,comprare borsa sportiva online,Sporttasche online kaufen
qb1cb9598b,Electronics,wireless headphones,generic,best value wireless headphones,cuffie wireless miglior rapporto qualità prezzo,bestes preis-leistungs Kabellose Kopfhörer
qb1fbd4122,Home & Garden,office chair,branded,Steelcase Leap V2 price,Steelcase Leap V2 prezzo,Steelcase Leap V2 preis
qe1f4f676f,Sporting Goods,tennis racket,branded,buy Wilson Pro Staff RF97,acquista Wilson Pro Staff RF97,Wilson Pro Staff RF97 kaufen
q9e36279ab,Sporting Goods,e-bike,branded,Trek Powerfly 5 price,Trek Powerfly 5 prezzo,Trek Powerfly 5 preis
q8fb15e887,Home & Garden,standing desk,generic,standing desk under 100,scrivania regolabile sotto 100 euro,Höhenverstellbarer Schreibtisch unter 100 euro
q2ac08b4d1,Apparel & Accessories,smartwatch,generic,best value smartwatch,smartwatch miglior rapporto qualità prezzo,bestes preis-leistungs Smartwatch
q1b2fdf071,Home & Garden,food processor,generic,food processor amazon,robot da cucina amazon,Küchenmaschine amazon
qdbd160d95,Home & Garden,electric toothbrush,generic,cheap electric toothbrush,spazzolino elettrico economici,günstiger Elektrische Zahnbürste
qefd7505eb,Home & Garden,coffee machine,branded,De'Longhi Magnifica Evo offers,De'Longhi Magnifica Evo offerte,De'Longhi Magnifica Evo angebote
q944bccd2e,Electronics,laptop,branded,HP Envy 15 offers,HP Envy 15 offerte,HP Envy 15 angebote
qdfcf052c2,Apparel & Accessories,sneakers,branded,Vans Old Skool review,Vans Old Skool recensione,Vans Old Skool test
q2a8964b13,Home & Garden,monitor arm,generic,monitor arm 2024,braccio per monitor 2024,Monitorhalterung 2024
q7bc9003b4,Beauty & Personal Care,perfume,generic,perfume,profumo,Parfüm
q3143035d5,Electronics,gaming monitor,generic,gaming monitor 2024,monitor gaming 2024,Gaming-Monitor 2024
qb4373f16b,Apparel & Accessories,running shoes,branded,buy ASICS Gel-Nimbus 26,acquista ASICS Gel-Nimbus 26,ASICS Gel-Nimbus 26 kaufen
q70c64cce3,Apparel & Accessories,football boots,branded,Nike Mercurial Superfly 10 review,Nike Mercurial Superfly 10 recensione,Nike Mercurial Superfly 10 test
qa31a80ca7,Apparel & Accessories,loafers,generic,loafers amazon,mocassini amazon,Loafer amazon
q107d39210,Apparel & Accessories,sneakers,generic,sneakers online,sneakers online,Sneaker online
qa29812b54,Apparel & Accessories,hiking boots,generic,hiking boots rating,valutazione scarpe da trekking,Wanderstiefel bewertung
q6ea049b48,Home & Garden,blender,generic,where to buy blender,dove comprare frullatore,wo Mixer kaufen
qb0c01082c,Electronics,VR headset,branded,Meta Quest 3 offers,Meta Quest 3 offerte,Meta Quest 3 angebote
q158a909fa,Home & Garden,security camera,branded,Ring Video Doorbell 4,Ring Video Doorbell 4,Ring Video Doorbell 4
qd927cc2da,Electronics,drone with camera,generic,drone with camera offers,offerte drone con fotocamera,Drohne mit Kamera angebote
q0ea9aa12f,Electronics,power bank,branded,Anker 747 Power Bank offers,Anker 747 Power Bank offerte,Anker 747 Power Bank angebote
q38366e847,Sporting Goods,e-bike,branded,Giant Stance E+ 2 price,Giant Stance E+ 2 prezzo,Giant Stance E+ 2 preis
q3df6b8666,Electronics,tablet,generic,tablet offers,offerte tablet,Tablet angebote
q58eb6810c,Apparel & Accessories,fitness tracker,generic,fitness tracker online,fitness tracker online,Fitness-Tracker online
q0059ca877,Apparel & Accessories,rain jacket,generic,rain jacket amazon,giacca impermeabile amazon,Regenjacke amazon
q0e520900c,Home & Garden,standing desk,generic,where to buy standing desk,dove comprare scrivania regolabile,wo Höhenverstellbarer Schreibtisch kaufen
q8d27ffcf8,Sporting Goods,swimming goggles,generic,swimming goggles sale,occhialini da nuoto saldi,Schwimmbrille sale
q3450a6b9d,Home & Garden,smart doorbell,branded,Ring Video Doorbell Pro 2,Ring Video Doorbell Pro 2,Ring Video Doorbell Pro 2
q2bb0f2bf6,Home & Garden,air fryer,generic,air fryer deals,friggitrice ad aria occasioni,Heißluftfritteuse schnäppchen
q2e0577220,Sporting Goods,yoga mat,branded,buy Lululemon The Mat 5mm,acquista Lululemon The Mat 5mm,Lululemon The Mat 5mm kaufen
qffe9e30b6,Electronics,smartphone,generic,smartphone sale,smartphone saldi,Smartphone sale
q478902b37,Sporting Goods,cycling helmet,branded,buy POC Ventral Air Mips,acquista POC Ventral Air Mips,POC Ventral Air Mips kaufen
q4f1c8c8fe,Home & Garden,espresso machine,branded,Gaggia Classic Pro review,Gaggia Classic Pro recensione,Gaggia Classic Pro test
q7cccb8860,Electronics,drone with camera,branded,DJI Air 3 offers,DJI Air 3 offerte,DJI Air 3 angebote
qaca5b6438,Home & Garden,stand mixer,generic,cheap stand mixer,impastatrice economici,günstiger Küchenmaschine
q392ec5e17,Apparel & Accessories,athletic shoes,generic,buy athletic shoes,acquista scarpe sportive,Sportschuhe kaufen
q5f9fcfad9,Home & Garden,monitor arm,generic,monitor arm sale,braccio per monitor saldi,Monitorhalterung sale
q9d0cb9b82,Apparel & Accessories,tennis shoes,generic,tennis shoes specs,specifiche scarpe da tennis,Tennisschuhe technische daten
qe1a4d8d3d,Sporting Goods,sports nutrition,generic,sports nutrition,nutrizione sportiva,Sportnahrung
q036cac23c,Home & Garden,security camera,branded,Ring Video Doorbell 4 review,Ring Video Doorbell 4 recensione,Ring Video Doorbell 4 test
q49f112628,Sporting Goods,energy gel,generic,energy gel,gel energetico,Energiegel
q765682680,Electronics,budget smartphone,generic,where to buy budget smartphone,dove comprare smartphone economico,wo Günstiges Smartphone kaufen
qae623ad48,Baby & Kids,baby monitor,branded,Motorola Halo+ review,Motorola Halo+ recensione,Motorola Halo+ test
qeaff8dc3b,Sporting Goods,yoga mat,branded,Lululemon The Mat 5mm,Lululemon The Mat 5mm,Lululemon The Mat 5mm
q02f17326b,Electronics,ultrabook,generic,buy ultrabook online,comprare ultrabook online,Ultrabook online kaufen
qfea736391,Electronics,digital camera,branded,buy Fujifilm X100VI,acquista Fujifilm X100VI,Fujifilm X100VI kaufen
qba900c5fc,Beauty & Personal Care,vitamin C serum,branded,The Ordinary Vitamin C Suspension 23%,The Ordinary Vitamin C Suspension 23%,The Ordinary Vitamin C Suspension 23%
q009ddcfd9,Apparel & Accessories,hiking boots,generic,hiking boots offers,offerte scarpe da trekking,Wanderstiefel angebote
q3611ff76c,Apparel & Accessories,loafers,generic,where to buy loafers,dove comprare mocassini,wo Loafer kaufen
q9d37c52bf,Electronics,mechanical keyboard,branded,buy Keychron K2 Pro,acquista Keychron K2 Pro,Keychron K2 Pro kaufen
q4b709466a,Electronics,business laptop,generic,business laptop deals,laptop business occasioni,Business-Laptop schnäppchen
qc4c6b36b7,Sporting Goods,resistance bands,generic,resistance bands review,recensione elastici fitness,Fitnessbänder test
q47234c073,Home & Garden,smart doorbell,generic,smart doorbell deals,videocitofono smart occasioni,Video-Türklingel schnäppchen
q92d691bea,Home & Garden,smart thermostat,generic,smart thermostat review,recensione termostato intelligente,Smartes Thermostat test
q11fe5e84e,Apparel & Accessories,hiking boots,branded,Salomon X Ultra 4 review,Salomon X Ultra 4 recensione,Salomon X Ultra 4 test
q8bbc1d527,Sporting Goods,treadmill,generic,treadmill offers,offerte tapis roulant,Laufband angebote
q70540e517,Home & Garden,smart doorbell,generic,smart doorbell under 500,videocitofono smart sotto 500 euro,Video-Türklingel unter 500 euro
qce4516a28,Home & Garden,monitor arm,generic,monitor arm under 100,braccio per monitor sotto 100 euro,Monitorhalterung unter 100 euro
q568bb3037,Sporting Goods,protein powder,generic,protein powder offers,offerte proteine in polvere,Proteinpulver angebote
q0a8e4b787,Home & Garden,blender,branded,KitchenAid K400 review,KitchenAid K400 recensione,KitchenAid K400 test
q702b17ac0,Electronics,laptop,generic,compare laptop,confronta laptop,Laptop vergleich
q869a2fad0,Home & Garden,vacuum cleaner,generic,vacuum cleaner specs,specifiche aspirapolvere,Staubsauger technische daten
qa459d1d08,Apparel & Accessories,basketball shoes,generic,buy basketball shoes,acquista scarpe da basket,Basketballschuhe kaufen
q773386064,Home & Garden,air fryer,generic,air fryer offers,offerte friggitrice ad aria,Heißluftfritteuse angebote
q99dc779cd,Sporting Goods,ski boots,generic,compare ski boots,confronta scarponi da sci,Skischuhe vergleich
q50630fb48,Apparel & Accessories,sandals,generic,sandals amazon,sandali amazon,Sandalen amazon
q4ab8bed1c,Electronics,noise cancelling headphones,branded,Sennheiser Momentum 4 price,Sennheiser Momentum 4 prezzo,Sennheiser Momentum 4 preis
q333884db2,Apparel & Accessories,polo shirt,generic,polo shirt 2024,polo 2024,Poloshirt 2024
qfb436e9a9,Sporting Goods,camping tent,generic,camping tent under 100,tenda da campeggio sotto 100 euro,Campingzelt unter 100 euro
q956759f32,Home & Garden,coffee machine,branded,Jura E8 review,Jura E8 recensione,Jura E8 test
q433a94cb8,Sporting Goods,football,generic,where to buy football,dove comprare pallone da calcio,wo Fußball kaufen
q89976583b,Beauty & Personal Care,foundation makeup,generic,buy foundation makeup,acquista fondotinta,Foundation kaufen
qf09350e41,Apparel & Accessories,sneakers,branded,Adidas Yeezy 350 V2,Adidas Yeezy 350 V2,Adidas Yeezy 350 V2
q0d626d7c1,Electronics,streaming device,branded,Amazon Fire TV Stick 4K offers,Amazon Fire TV Stick 4K offerte,Amazon Fire TV Stick 4K angebote
qc03b5b3ad,Electronics,QLED television,generic,QLED television 2024,televisore QLED 2024,QLED-Fernseher 2024
q3e3e1668d,Electronics,gaming laptop,generic,gaming laptop under 100,laptop da gaming sotto 100 euro,Gaming-Laptop unter 100 euro
qfec7fce1c,Apparel & Accessories,running shoes,branded,Nike Zoom Pegasus 41 offers,Nike Zoom Pegasus 41 offerte,Nike Zoom Pegasus 41 angebote
qc99170247,Sporting Goods,badminton racket,generic,badminton racket rating,valutazione racchetta da badminton,Badmintonschläger bewertung
qbdbe4139c,Beauty & Personal Care,lip balm,generic,lip balm professional,balsamo labbra professionale,professioneller Lippenbalsam
qf2d857ba6,Apparel & Accessories,running jacket,generic,running jacket specs,specifiche giacca da corsa,Laufjacke technische daten
qf5ea3d6f5,Beauty & Personal Care,sunscreen SPF 50,generic,cheap sunscreen SPF 50,crema solare SPF 50 economici,günstiger Sonnencreme SPF 50
q71d14fe05,Apparel & Accessories,football boots,generic,football boots for beginners,scarpe da calcio per principianti,Fußballschuhe für anfänger
q3ebdd9860,Electronics,phone case,generic,buy phone case online,comprare custodia per telefono online,Handyhülle online kaufen
q4cfad2091,Electronics,gaming console,generic,gaming console amazon,console di gioco amazon,Spielkonsole amazon
qad6505a8d,Sporting Goods,ski helmet,generic,buy ski helmet online,comprare casco da sci online,Skihelm online kaufen
qceb644797,Home & Garden,blender,branded,Nutribullet Pro 900 offers,Nutribullet Pro 900 offerte,Nutribullet Pro 900 angebote
q95ff9fff1,Beauty & Personal Care,mascara,generic,mascara under 100,mascara sotto 100 euro,Mascara unter 100 euro
q5ef411c9c,Electronics,memory card,generic,memory card amazon,scheda di memoria amazon,Speicherkarte amazon
qfd6ce5fef,Home & Garden,security camera,generic,security camera for beginners,telecamera di sicurezza per principianti,Sicherheitskamera für anfänger
qabc3bc89e,Beauty & Personal Care,vitamin C serum,branded,buy The Ordinary Vitamin C Suspension 23%,acquista The Ordinary Vitamin C Suspension 23%,The Ordinary Vitamin C Suspension 23% kaufen
q687ada58a,Home & Garden,security camera,generic,security camera,telecamera di sicurezza,Sicherheitskamera
qc9e578673,Electronics,QLED television,generic,QLED television rating,valutazione televisore QLED,QLED-Fernseher bewertung
qc00cb1a26,Home & Garden,smart thermostat,generic,where to buy smart thermostat,dove comprare termostato intelligente,wo Smartes Thermostat kaufen
q2787da5a0,Apparel & Accessories,running shoes,branded,buy Adidas Gazelle,acquista Adidas Gazelle,Adidas Gazelle kaufen
qbde88ba16,Sporting Goods,camping tent,generic,camping tent 2024,tenda da campeggio 2024,Campingzelt 2024
q383afe34a,Sporting Goods,protein powder,generic,protein powder price,prezzo proteine in polvere,Proteinpulver preis
q184a93383,Electronics,memory card,generic,memory card offers,offerte scheda di memoria,Speicherkarte angebote
q3db89c214,Electronics,gaming laptop,branded,buy Acer Predator Helios 300,acquista Acer Predator Helios 300,Acer Predator Helios 300 kaufen
q71d032fe8,Home & Garden,capsule coffee machine,generic,buy capsule coffee machine,acquista macchina caffè capsule,Kapselkaffeemaschine kaufen
q2c6a84400,Electronics,portable speaker,generic,compare portable speaker,confronta altoparlante portatile,Portabler Lautsprecher vergleich
qfbb45e0d2,Home & Garden,office chair,branded,buy Secretlab Titan Evo,acquista Secretlab Titan Evo,Secretlab Titan Evo kaufen
q6281e3545,Home & Garden,air fryer,generic,air fryer,friggitrice ad aria,Heißluftfritteuse
qa4fc95fac,Electronics,mechanical keyboard,generic,mechanical keyboard deals,tastiera meccanica occasioni,Mechanische Tastatur schnäppchen
qe30ac2693,Baby & Kids,baby stroller,generic,baby stroller sale,passeggino saldi,Kinderwagen sale
q7746d2606,Apparel & Accessories,sport leggings,generic,top sport leggings,top leggings sportivi,top Sport-Leggings
q7e867ffd7,Electronics,iPad,generic,iPad sale,iPad saldi,iPad sale
q723255577,Home & Garden,smart lighting,generic,smart lighting specs,specifiche illuminazione smart,Smarte Beleuchtung technische daten
q291796b89,Apparel & Accessories,running shoes,branded,buy Hoka Speedgoat 5,acquista Hoka Speedgoat 5,Hoka Speedgoat 5 kaufen
qf765537d7,Electronics,USB-C cable,generic,best USB-C cable,migliori cavo USB-C,bestes USB-C-Kabel
q87fef0025,Sporting Goods,surf board,generic,surf board rating,valutazione tavola da surf,Surfbrett bewertung
qc4c8ba91d,Home & Garden,robot vacuum cleaner,branded,Dreame L20 Ultra,Dreame L20 Ultra,Dreame L20 Ultra
q2b026d200,Home & Garden,stand mixer,generic,best value stand mixer,impastatrice miglior rapporto qualità prezzo,bestes preis-leistungs Küchenmaschine
qa3850c595,Electronics,business laptop,generic,business laptop online,laptop business online,Business-Laptop online
q562157b8b,Baby & Kids,car seat,generic,top car seat,top seggiolino auto,top Kindersitz
q72c08e8e5,Apparel & Accessories,down jacket,generic,down jacket for beginners,piumino per principianti,Daunenjacke für anfänger
q56e92b46b,Apparel & Accessories,running shoes,branded,Nike React Infinity Run review,Nike React Infinity Run recensione,Nike React Infinity Run test
qc5fafef58,Electronics,smartphone,branded,buy Google Pixel 9 Pro,acquista Google Pixel 9 Pro,Google Pixel 9 Pro kaufen
qa72dad463,Electronics,4K television,generic,best value 4K television,televisore 4K miglior rapporto qualità prezzo,bestes preis-leistungs 4K-Fernseher
q259d5f661,Apparel & Accessories,sports bra,generic,sports bra under 500,reggiseno sportivo sotto 500 euro,Sport-BH unter 500 euro
qc50555a65,Apparel & Accessories,loafers,generic,loafers under 500,mocassini sotto 500 euro,Loafer unter 500 euro
q5328b0d94,Beauty & Personal Care,face moisturiser,branded,La Roche-Posay Toleriane Double Repair offers,La Roche-Posay Toleriane Double Repair offerte,La Roche-Posay Toleriane Double Repair angebote
q01fb83061,Electronics,wireless charger,generic,wireless charger under 100,caricatore wireless sotto 100 euro,Kabelloses Ladegerät unter 100 euro
q8e30aa0f5,Apparel & Accessories,sports bag,generic,sports bag for beginners,borsa sportiva per principianti,Sporttasche für anfänger
q7b3c2736f,Electronics,smartphone,branded,iPhone 15 Pro review,iPhone 15 Pro recensione,iPhone 15 Pro test
q88659f1a2,Electronics,gaming headset,generic,gaming headset price,prezzo headset gaming,Gaming-Headset preis
q5e01d5f12,Beauty & Personal Care,sunscreen SPF 50,generic,sunscreen SPF 50 under 500,crema solare SPF 50 sotto 500 euro,Sonnencreme SPF 50 unter 500 euro
q0785a78e7,Sporting Goods,cycling helmet,generic,best value cycling helmet,casco da bici miglior rapporto qualità prezzo,bestes preis-leistungs Fahrradhelm
q614c3d939,Sporting Goods,sports nutrition,generic,sports nutrition specs,specifiche nutrizione sportiva,Sportnahrung technische daten
qd9b8aac5c,Sporting Goods,protein powder,generic,protein powder professional,proteine in polvere professionale,professioneller Proteinpulver
q0834ffcd2,Electronics,laptop,generic,where to buy laptop,dove comprare laptop,wo Laptop kaufen
q21ec9432e,Apparel & Accessories,smartwatch,branded,Garmin Fenix 7,Garmin Fenix 7,Garmin Fenix 7
q1ffc0cd94,Electronics,laptop,generic,laptop under 500,laptop sotto 500 euro,Laptop unter 500 euro
q4c233a2b4,Electronics,smart TV,generic,smart TV deals,smart TV occasioni,Smart-TV schnäppchen
q34c790ef6,Apparel & Accessories,sports bra,generic,sports bra professional,reggiseno sportivo professionale,professioneller Sport-BH
q6c16e36d5,Home & Garden,air fryer,generic,air fryer review,recensione friggitrice ad aria,Heißluftfritteuse test
qfd2ef5c80,Sporting Goods,ski helmet,generic,ski helmet review,recensione casco da sci,Skihelm test
q3e1cd4c6c,Electronics,gaming monitor,branded,ASUS ROG Swift PG279QM review,ASUS ROG Swift PG279QM recensione,ASUS ROG Swift PG279QM test
qb8238636d,Sporting Goods,energy gel,generic,best energy gel,migliori gel energetico,bestes Energiegel
q1affd5721,Electronics,flagship smartphone,generic,flagship smartphone rating,valutazione smartphone top di gamma,Flagship-Smartphone bewertung
q4a6c3a76f,Baby & Kids,baby monitor,branded,Nanit Pro Camera price,Nanit Pro Camera prezzo,Nanit Pro Camera preis
qaa2b81c80,Apparel & Accessories,sneakers,branded,buy Converse Chuck Taylor All Star,acquista Converse Chuck Taylor All Star,Converse Chuck Taylor All Star kaufen
qcd9a2e818,Baby & Kids,baby carrier,generic,best value baby carrier,marsupio neonato miglior rapporto qualità prezzo,bestes preis-leistungs Babytrage
q51e1cb331,Home & Garden,humidifier,generic,humidifier under 100,umidificatore sotto 100 euro,Luftbefeuchter unter 100 euro
q0b3eee832,Electronics,laptop,branded,Microsoft Surface Pro 9 price,Microsoft Surface Pro 9 prezzo,Microsoft Surface Pro 9 preis
q11bb8838a,Electronics,OLED television,branded,LG G3 OLED review,LG G3 OLED recensione,LG G3 OLED test
q534b75cc9,Electronics,projector,generic,projector deals,proiettore occasioni,Beamer schnäppchen
q4a3dbd92e,Electronics,webcam,branded,Elgato Facecam Pro,Elgato Facecam Pro,Elgato Facecam Pro
qa131c2f2a,Sporting Goods,protein powder,branded,Huel Black Edition review,Huel Black Edition recensione,Huel Black Edition test
q89eb67b3f,Beauty & Personal Care,retinol cream,generic,best value retinol cream,crema al retinolo miglior rapporto qualità prezzo,bestes preis-leistungs Retinol-Creme
q2f8bd8ce4,Electronics,smartphone,branded,iPhone 16 Pro Max offers,iPhone 16 Pro Max offerte,iPhone 16 Pro Max angebote
qb768afa5d,Apparel & Accessories,running shoes,generic,running shoes sale,scarpe da corsa saldi,Laufschuhe sale
qc1c60c5eb,Electronics,soundbar,generic,soundbar price,prezzo soundbar,Soundbar preis
qcd2e69342,Sporting Goods,mountain bike,branded,Giant Trance X Advanced review,Giant Trance X Advanced recensione,Giant Trance X Advanced test
q1475a12ed,Apparel & Accessories,sunglasses,branded,buy Ray-Ban Wayfarer,acquista Ray-Ban Wayfarer,Ray-Ban Wayfarer kaufen
q0b089e699,Electronics,laptop,generic,laptop,laptop,Laptop
q9a0460273,Electronics,SSD,generic,SSD for beginners,SSD per principianti,SSD für anfänger
qc0b355a30,Apparel & Accessories,rain jacket,generic,rain jacket specs,specifiche giacca impermeabile,Regenjacke technische daten
qa5be61629,Electronics,VR headset,generic,VR headset review,recensione visore VR,VR-Headset test
q269ec8f8a,Electronics,noise cancelling headphones,generic,cheap noise cancelling headphones,cuffie noise cancelling economici,günstiger Noise-Cancelling-Kopfhörer
q0402aa525,Sporting Goods,energy gel,generic,energy gel amazon,gel energetico amazon,Energiegel amazon
q56c25601e,Electronics,DSLR camera,generic,buy DSLR camera online,comprare reflex digitale online,Spiegelreflexkamera online kaufen
q92ada11db,Electronics,2-in-1 laptop,generic,2-in-1 laptop deals,laptop 2-in-1 occasioni,2-in-1-Laptop schnäppchen
q146d02a8a,Sporting Goods,resistance bands,generic,resistance bands price,prezzo elastici fitness,Fitnessbänder preis
qbb8569721,Apparel & Accessories,sport leggings,generic,sport leggings under 500,leggings sportivi sotto 500 euro,Sport-Leggings unter 500 euro
qb4d8eba09,Electronics,noise cancelling headphones,generic,noise cancelling headphones rating,valutazione cuffie noise cancelling,Noise-Cancelling-Kopfhörer bewertung
qb2d482774,Electronics,camera lens,branded,Canon RF 50mm f/1.8 STM price,Canon RF 50mm f/1.8 STM prezzo,Canon RF 50mm f/1.8 STM preis
q3e28f4231,Electronics,drone with camera,generic,drone with camera sale,drone con fotocamera saldi,Drohne mit Kamera sale
qced937b2a,Sporting Goods,e-bike,generic,e-bike offers,offerte bici elettrica,E-Bike angebote
qcb1438c05,Home & Garden,smart doorbell,generic,smart doorbell professional,videocitofono smart professionale,professioneller Video-Türklingel
q33f760437,Electronics,gaming laptop,generic,gaming laptop professional,laptop da gaming professionale,professioneller Gaming-Laptop
q196e211d4,Sporting Goods,road bike,generic,road bike sale,bici da strada saldi,Rennrad sale
qdd1b92996,Electronics,laptop,branded,MacBook Air M2 review,MacBook Air M2 recensione,MacBook Air M2 test
qd64f7c72d,Electronics,laptop,generic,laptop rating,valutazione laptop,Laptop bewertung
q71a439a92,Baby & Kids,scooter kids,generic,scooter kids rating,valutazione monopattino bambini,Kinderroller bewertung
q7f0f7cd87,Home & Garden,humidifier,generic,humidifier offers,offerte umidificatore,Luftbefeuchter angebote
q7a4a48663,Sporting Goods,tennis racket,generic,tennis racket,racchetta da tennis,Tennisschläger
q9707175e0,Beauty & Personal Care,nail polish,generic,nail polish under 100,smalto per unghie sotto 100 euro,Nagellack unter 100 euro
q21d90fa2e,Sporting Goods,pull-up bar,generic,best pull-up bar,migliori sbarra per trazioni,bestes Klimmzugstange
q17841edfa,Apparel & Accessories,sport shorts,generic,compare sport shorts,confronta pantaloncini sportivi,Sporthose vergleich
qe9b3f37a4,Sporting Goods,cycling helmet,branded,buy Giro Synthe MIPS,acquista Giro Synthe MIPS,Giro Synthe MIPS kaufen
q412c3a675,Apparel & Accessories,running shoes,branded,New Balance FuelCell SuperComp Elite v4 review,New Balance FuelCell SuperComp Elite v4 recensione,New Balance FuelCell SuperComp Elite v4 test
q77efdf760,Apparel & Accessories,sports bra,generic,sports bra offers,offerte reggiseno sportivo,Sport-BH angebote
qf22e01bd1,Home & Garden,hair dryer,generic,buy hair dryer,acquista asciugacapelli,Haartrockner kaufen
q2823e1911,Apparel & Accessories,running shoes,branded,Hoka Speedgoat 5,Hoka Speedgoat 5,Hoka Speedgoat 5
qbc70c3784,Sporting Goods,e-bike,branded,Bosch eBike price,E-Bike Bosch prezzo,Bosch E-Bike preis
q2dcbb7d8d,Electronics,gaming controller,branded,buy DualSense Edge,acquista DualSense Edge,DualSense Edge kaufen
q5cde6d2ea,Sporting Goods,football,generic,football under 100,pallone da calcio sotto 100 euro,Fußball unter 100 euro
q02f190b61,Electronics,power bank,branded,Anker 747 Power Bank price,Anker 747 Power Bank prezzo,Anker 747 Power Bank preis
q785b7be43,Sporting Goods,badminton racket,generic,badminton racket for beginners,racchetta da badminton per principianti,Badmintonschläger für anfänger
q52e5d93da,Apparel & Accessories,sneakers,branded,buy Nike Jordan 1 Retro High,acquista Nike Jordan 1 Retro High,Nike Jordan 1 Retro High kaufen
q64a19ca21,Sporting Goods,swimming goggles,generic,swimming goggles offers,offerte occhialini da nuoto,Schwimmbrille angebote
q29ecb960d,Electronics,laptop stand,generic,laptop stand amazon,supporto laptop amazon,Laptop-Ständer amazon
q80491a1a5,Beauty & Personal Care,vitamin C serum,branded,The Ordinary Vitamin C Suspension 23% review,The Ordinary Vitamin C Suspension 23% recensione,The Ordinary Vitamin C Suspension 23% test
q991c94d8b,Electronics,gaming laptop,branded,Acer Predator Helios 300 review,Acer Predator Helios 300 recensione,Acer Predator Helios 300 test
q9d4852078,Electronics,tablet,branded,Microsoft Surface Pro 10,Microsoft Surface Pro 10,Microsoft Surface Pro 10
q22891f229,Electronics,soundbar,branded,buy Samsung HW-Q990C,acquista Samsung HW-Q990C,Samsung HW-Q990C kaufen
q60db59a74,Baby & Kids,scooter kids,generic,buy scooter kids online,comprare monopattino bambini online,Kinderroller online kaufen
qb273cee5c,Electronics,action camera,generic,action camera amazon,action camera amazon,Action-Kamera amazon
qc4c6c112a,Electronics,digital camera,branded,Canon EOS R5 price,Canon EOS R5 prezzo,Canon EOS R5 preis
qe14f774f3,Sporting Goods,climbing harness,generic,climbing harness deals,imbrago da arrampicata occasioni,Klettergurt schnäppchen
q203b99a33,Electronics,wireless headphones,branded,buy Beats Studio Pro,acquista Beats Studio Pro,Beats Studio Pro kaufen
q9ebe4fe8b,Apparel & Accessories,sandals,generic,sandals 2024,sandali 2024,Sandalen 2024
q96b737306,Electronics,external hard drive,branded,Seagate Backup Plus 4TB price,Seagate Backup Plus 4TB prezzo,Seagate Backup Plus 4TB preis
qe5414a34b,Apparel & Accessories,sneakers,branded,Nike Jordan 1 Retro High offers,Nike Jordan 1 Retro High offerte,Nike Jordan 1 Retro High angebote
qf311a4e13,Sporting Goods,e-bike,generic,e-bike specs,specifiche bici elettrica,E-Bike technische daten
q5802fd3f4,Electronics,laptop,branded,MacBook Air M3 price,MacBook Air M3 prezzo,MacBook Air M3 preis
q2c201b0ce,Electronics,mechanical keyboard,generic,where to buy mechanical keyboard,dove comprare tastiera meccanica,wo Mechanische Tastatur kaufen
q82f606160,Sporting Goods,road bike,generic,cheap road bike,bici da strada economici,günstiger Rennrad
qa46564739,Sporting Goods,exercise bike,generic,best value exercise bike,cyclette miglior rapporto qualità prezzo,bestes preis-leistungs Heimtrainer
q8ceae905d,Beauty & Personal Care,foundation makeup,generic,foundation makeup 2024,fondotinta 2024,Foundation 2024
q61c3407cf,Baby & Kids,scooter kids,generic,cheap scooter kids,monopattino bambini economici,günstiger Kinderroller
q7e82e4e88,Electronics,screen protector,generic,screen protector review,recensione protezione schermo,Displayschutzfolie test
qfbf4d6d58,Apparel & Accessories,basketball shoes,generic,basketball shoes professional,scarpe da basket professionale,professioneller Basketballschuhe
qf5b153d65,Apparel & Accessories,smartwatch,branded,Apple Watch Series 9 offers,Apple Watch Serie 9 offerte,Apple Watch Series 9 angebote
q74fd67602,Apparel & Accessories,running shoes,branded,Nike React Infinity Run,Nike React Infinity Run,Nike React Infinity Run
qf411cf96a,Home & Garden,espresso machine,generic,espresso machine deals,macchina per espresso occasioni,Espressomaschine schnäppchen
q08227f4ba,Home & Garden,hair dryer,generic,hair dryer rating,valutazione asciugacapelli,Haartrockner bewertung
qe4b6187f6,Sporting Goods,tennis racket,branded,Head Prestige MP review,Head Prestige MP recensione,Head Prestige MP test
q421cbc630,Sporting Goods,mountain bike,generic,top mountain bike,top mountain bike,top Mountainbike
qaf986be22,Electronics,VR headset,generic,top VR headset,top visore VR,top VR-Headset
q154edee7a,Baby & Kids,LEGO,generic,LEGO under 500,LEGO sotto 500 euro,LEGO unter 500 euro
q02f549697,Home & Garden,smart lighting,generic,smart lighting 2024,illuminazione smart 2024,Smarte Beleuchtung 2024
qe1545d0c9,Sporting Goods,stand up paddle,generic,stand up paddle under 500,stand up paddle sotto 500 euro,Stand-Up-Paddle unter 500 euro
qa2e9a6f52,Electronics,QLED television,generic,compare QLED television,confronta televisore QLED,QLED-Fernseher vergleich
q438c4a72f,Sporting Goods,energy gel,generic,energy gel price,prezzo gel energetico,Energiegel preis
q7a2ee680a,Electronics,USB-C cable,generic,USB-C cable,cavo USB-C,USB-C-Kabel
qc5f6a0d96,Apparel & Accessories,loafers,generic,loafers specs,specifiche mocassini,Loafer technische daten
q4e0319791,Electronics,Bluetooth speaker,branded,Sony SRS-XB43 price,Sony SRS-XB43 prezzo,Sony SRS-XB43 preis
q345347091,Apparel & Accessories,winter jacket,branded,Columbia Omni-Heat review,Columbia Omni-Heat recensione,Columbia Omni-Heat test
q8ec90b678,Electronics,laptop,generic,laptop amazon,laptop amazon,Laptop amazon
qa2b09193c,Electronics,laptop,branded,MacBook Air M2 offers,MacBook Air M2 offerte,MacBook Air M2 angebote
q4bc3bc4fa,Baby & Kids,toys,generic,toys professional,giocattoli professionale,professioneller Spielzeug
qfd12aa589,Electronics,smartphone,branded,iPhone 15 Pro,iPhone 15 Pro,iPhone 15 Pro
q0c66be980,Home & Garden,coffee machine,branded,Siemens EQ.9 Plus review,Siemens EQ.9 Plus recensione,Siemens EQ.9 Plus test
q9d92c8ec5,Electronics,gaming controller,branded,buy Xbox Elite Series 2,acquista Xbox Elite Series 2,Xbox Elite Series 2 kaufen
qaf97a66a4,Electronics,smart TV,generic,top smart TV,top smart TV,top Smart-TV
qc529b4372,Home & Garden,robot vacuum cleaner,generic,robot vacuum cleaner price,prezzo aspirapolvere robot,Saugroboter preis
qd7b249c8a,Electronics,laptop,branded,MacBook Pro M3 price,MacBook Pro M3 prezzo,MacBook Pro M3 preis
qa557edeef,Electronics,wireless charger,generic,buy wireless charger online,comprare caricatore wireless online,Kabelloses Ladegerät online kaufen
qc63d26fa4,Electronics,Android tablet,generic,Android tablet amazon,tablet Android amazon,Android-Tablet amazon
qcc8d21483,Baby & Kids,car seat,generic,car seat for beginners,seggiolino auto per principianti,Kindersitz für anfänger
q1bb4119c8,Apparel & Accessories,fitness tracker,branded,buy Fitbit Charge 6,acquista Fitbit Charge 6,Fitbit Charge 6 kaufen
q184f35ac4,Apparel & Accessories,running shoes,branded,Hoka Clifton 9 review,Hoka Clifton 9 recensione,Hoka Clifton 9 test
qa78dd48e0,Electronics,tablet,generic,tablet sale,tablet saldi,Tablet sale
qb4994f6f0,Home & Garden,office chair,branded,ErgoChair Pro+ price,ErgoChair Pro+ prezzo,ErgoChair Pro+ preis
q4735a963c,Home & Garden,instant pot,generic,instant pot professional,pentola a pressione professionale,professioneller Schnellkochtopf
qef3f9a55b,Home & Garden,blender,branded,KitchenAid K400 price,KitchenAid K400 prezzo,KitchenAid K400 preis
qd440eb1b1,Home & Garden,capsule coffee machine,generic,capsule coffee machine under 100,macchina caffè capsule sotto 100 euro,Kapselkaffeemaschine unter 100 euro
q7bfccf573,Sporting Goods,road bike,branded,Specialized Allez price,Specialized Allez prezzo,Specialized Allez preis
qc871f32ae,Electronics,portable speaker,generic,portable speaker amazon,altoparlante portatile amazon,Portabler Lautsprecher amazon
qb2ae74c2b,Apparel & Accessories,smartwatch,generic,smartwatch rating,valutazione smartwatch,Smartwatch bewertung
q11d689516,Electronics,mechanical keyboard,generic,best value mechanical keyboard,tastiera meccanica miglior rapporto qualità prezzo,bestes preis-leistungs Mechanische Tastatur
q0a3cb2196,Electronics,memory card,generic,where to buy memory card,dove comprare scheda di memoria,wo Speicherkarte kaufen
qa4b660d44,Baby & Kids,baby monitor,generic,baby monitor amazon,baby monitor amazon,Babyphone amazon
q3048280dd,Electronics,streaming device,branded,Apple TV 4K review,Apple TV 4K recensione,Apple TV 4K test
qd608ba742,Electronics,USB-C cable,generic,USB-C cable under 100,cavo USB-C sotto 100 euro,USB-C-Kabel unter 100 euro
qa3abeb314,Sporting Goods,ski boots,generic,ski boots,scarponi da sci,Skischuhe
q8f4de67ff,Home & Garden,food processor,generic,food processor professional,robot da cucina professionale,professioneller Küchenmaschine
q3a61bfe30,Sporting Goods,mountain bike,branded,Trek Marlin 7 price,Trek Marlin 7 prezzo,Trek Marlin 7 preis
q2a3b63c67,Electronics,screen protector,generic,buy screen protector,acquista protezione schermo,Displayschutzfolie kaufen
q01ed69997,Home & Garden,espresso machine,generic,where to buy espresso machine,dove comprare macchina per espresso,wo Espressomaschine kaufen
q2cfd1659d,Sporting Goods,energy gel,generic,energy gel sale,gel energetico saldi,Energiegel sale
qa4a846dbb,Electronics,smart TV,branded,Philips OLED+908 review,Philips OLED+908 recensione,Philips OLED+908 test
q846b49799,Apparel & Accessories,hiking boots,branded,Salomon X Ultra 4 price,Salomon X Ultra 4 prezzo,Salomon X Ultra 4 preis
q95013270c,Sporting Goods,ski boots,generic,ski boots professional,scarponi da sci professionale,professioneller Skischuhe
qa37d63c1f,Electronics,soundbar,generic,where to buy soundbar,dove comprare soundbar,wo Soundbar kaufen
q13e8be643,Sporting Goods,kettlebell,generic,where to buy kettlebell,dove comprare kettlebell,wo Kettlebell kaufen
qfd44a9dc4,Sporting Goods,pull-up bar,generic,compare pull-up bar,confronta sbarra per trazioni,Klimmzugstange vergleich
q51c8c1909,Apparel & Accessories,down jacket,generic,buy down jacket,acquista piumino,Daunenjacke kaufen
q91e71fc34,Electronics,streaming device,branded,Roku Streaming Stick 4K,Roku Streaming Stick 4K,Roku Streaming Stick 4K
q8c5f1051c,Electronics,gaming controller,generic,buy gaming controller online,comprare controller gaming online,Gaming-Controller online kaufen
qa2ba584ea,Baby & Kids,baby monitor,generic,where to buy baby monitor,dove comprare baby monitor,wo Babyphone kaufen
qa4c43884d,Apparel & Accessories,winter jacket,branded,The North Face Nuptse,The North Face Nuptse,The North Face Nuptse
qc7f8d2276,Apparel & Accessories,running shoes,branded,New Balance 574 offers,New Balance 574 offerte,New Balance 574 angebote
q2e36978cd,Sporting Goods,pull-up bar,generic,pull-up bar offers,offerte sbarra per trazioni,Klimmzugstange angebote
q6fe5fa377,Sporting Goods,ski boots,branded,Atomic Hawx Prime 130,Atomic Hawx Prime 130,Atomic Hawx Prime 130
qae0726b54,Electronics,business laptop,generic,cheap business laptop,laptop business economici,günstiger Business-Laptop
q42227b6f1,Electronics,laptop,branded,Microsoft Surface Pro 9 review,Microsoft Surface Pro 9 recensione,Microsoft Surface Pro 9 test
q6aea29c70,Sporting Goods,swimming goggles,generic,swimming goggles under 500,occhialini da nuoto sotto 500 euro,Schwimmbrille unter 500 euro
qd7c33b346,Sporting Goods,ski helmet,generic,where to buy ski helmet,dove comprare casco da sci,wo Skihelm kaufen
qb5354970f,Sporting Goods,yoga mat,generic,yoga mat professional,tappetino yoga professionale,professioneller Yogamatte
qf437d6d9d,Home & Garden,coffee machine,branded,Siemens EQ.9 Plus offers,Siemens EQ.9 Plus offerte,Siemens EQ.9 Plus angebote
q55bcec26f,Electronics,noise cancelling headphones,branded,Sennheiser Momentum 4 review,Sennheiser Momentum 4 recensione,Sennheiser Momentum 4 test
q4d316155c,Electronics,digital camera,branded,Fujifilm X-T5,Fujifilm X-T5,Fujifilm X-T5
q3926805a4,Sporting Goods,e-bike,branded,Giant Stance E+ 2 review,Giant Stance E+ 2 recensione,Giant Stance E+ 2 test
q1ded702c8,Electronics,digital camera,generic,digital camera under 500,fotocamera digitale sotto 500 euro,Digitalkamera unter 500 euro
q3eef08093,Electronics,digital camera,generic,digital camera,fotocamera digitale,Digitalkamera
q6ad05cd5a,Sporting Goods,e-bike,generic,best e-bike,migliori bici elettrica,bestes E-Bike
qf217b8af7,Apparel & Accessories,tennis shoes,generic,tennis shoes under 100,scarpe da tennis sotto 100 euro,Tennisschuhe unter 100 euro
qcdf219f8e,Apparel & Accessories,basketball shoes,generic,basketball shoes rating,valutazione scarpe da basket,Basketballschuhe bewertung
q736d6677d,Sporting Goods,surf board,generic,compare surf board,confronta tavola da surf,Surfbrett vergleich
qcc7f173b4,Electronics,gaming console,branded,Nintendo Switch OLED price,Nintendo Switch OLED prezzo,Nintendo Switch OLED preis
q7a320d615,Beauty & Personal Care,foundation makeup,generic,where to buy foundation makeup,dove comprare fondotinta,wo Foundation kaufen
q18aa71e40,Sporting Goods,foam roller,generic,foam roller,foam roller,Schaumstoffrolle
q9d3b3addd,Home & Garden,coffee machine,branded,Siemens EQ.9 Plus price,Siemens EQ.9 Plus prezzo,Siemens EQ.9 Plus preis
qfca0b5ac9,Sporting Goods,ski boots,branded,buy Atomic Hawx Prime 130,acquista Atomic Hawx Prime 130,Atomic Hawx Prime 130 kaufen
q0d3a3622a,Sporting Goods,kettlebell,generic,best kettlebell,migliori kettlebell,bestes Kettlebell
qfa3872587,Sporting Goods,exercise bike,branded,Wahoo KICKR Bike price,Wahoo KICKR Bike prezzo,Wahoo KICKR Bike preis
qefabdb0ba,Apparel & Accessories,athletic shoes,generic,cheap athletic shoes,scarpe sportive economici,günstiger Sportschuhe
qdb09add87,Baby & Kids,baby stroller,branded,Bugaboo Fox 5 price,Bugaboo Fox 5 prezzo,Bugaboo Fox 5 preis
q3975094c8,Electronics,home cinema system,generic,home cinema system online,sistema home cinema online,Heimkinosystem online
qcd873511b,Apparel & Accessories,cycling shoes,generic,cheap cycling shoes,scarpe da ciclismo economici,günstiger Radschuhe
q2ade5d9b1,Home & Garden,robot vacuum cleaner,generic,robot vacuum cleaner sale,aspirapolvere robot saldi,Saugroboter sale
qcf8fd174c,Sporting Goods,yoga mat,generic,yoga mat under 500,tappetino yoga sotto 500 euro,Yogamatte unter 500 euro
qa541984d1,Home & Garden,hair straightener,branded,ghd Platinum+ Styler offers,ghd Platinum+ Styler offerte,ghd Platinum+ Styler angebote
q5331fbeb1,Electronics,external hard drive,generic,external hard drive specs,specifiche hard disk esterno,Externe Festplatte technische daten
qfb2d675af,Home & Garden,air fryer,branded,Cosori Pro LE Air Fryer,Cosori Pro LE Air Fryer,Cosori Pro LE Air Fryer
q3f8580a57,Sporting Goods,camping tent,generic,best value camping tent,tenda da campeggio miglior rapporto qualità prezzo,bestes preis-leistungs Campingzelt
qa0dd3031a,Baby & Kids,toys,generic,toys sale,giocattoli saldi,Spielzeug sale
q5281b9f5f,Electronics,gaming chair,generic,gaming chair amazon,sedia gaming amazon,Gaming-Stuhl amazon
q102cbb443,Home & Garden,blender,branded,Vitamix 5200,Vitamix 5200,Vitamix 5200
q53b4b10fb,Electronics,mechanical keyboard,branded,buy Logitech MX Mechanical,acquista Logitech MX Mechanical,Logitech MX Mechanical kaufen
q1608c1603,Baby & Kids,baby monitor,branded,Nanit Pro Camera offers,Nanit Pro Camera offerte,Nanit Pro Camera angebote
q87863b150,Electronics,Android tablet,generic,where to buy Android tablet,dove comprare tablet Android,wo Android-Tablet kaufen
qaf180a427,Apparel & Accessories,running shoes,branded,ASICS Gel-Nimbus 26 offers,ASICS Gel-Nimbus 26 offerte,ASICS Gel-Nimbus 26 angebote
q4333901ac,Electronics,home cinema system,generic,home cinema system specs,specifiche sistema home cinema,Heimkinosystem technische daten
q956680040,Home & Garden,vacuum cleaner,branded,Miele Complete C3 Brilliant review,Miele Complete C3 Brilliant recensione,Miele Complete C3 Brilliant test
q2463c5780,Electronics,drone with camera,branded,DJI Air 3 price,DJI Air 3 prezzo,DJI Air 3 preis
q6176c2022,Apparel & Accessories,backpack,generic,best value backpack,zaino miglior rapporto qualità prezzo,bestes preis-leistungs Rucksack
qec36721ad,Apparel & Accessories,running jacket,generic,buy running jacket,acquista giacca da corsa,Laufjacke kaufen
qe7b537990,Baby & Kids,toys,branded,LEGO Harry Potter Hogwarts Castle price,LEGO Harry Potter Hogwarts Castle prezzo,LEGO Harry Potter Hogwarts Castle preis
q75545906d,Electronics,vinyl record player,generic,vinyl record player professional,giradischi professionale,professioneller Plattenspieler
q171c43619,Electronics,4K television,generic,4K television professional,televisore 4K professionale,professioneller 4K-Fernseher
q4e7895691,Sporting Goods,swimming goggles,generic,top swimming goggles,top occhialini da nuoto,top Schwimmbrille
q858707a5c,Electronics,streaming device,branded,Roku Streaming Stick 4K review,Roku Streaming Stick 4K recensione,Roku Streaming Stick 4K test
qcfd310110,Electronics,smartphone,generic,cheap smartphone,smartphone economici,günstiger Smartphone
qa5821b7d7,Electronics,streaming device,generic,best value streaming device,dispositivo streaming miglior rapporto qualità prezzo,bestes preis-leistungs Streaming-Gerät
q5f639a4a2,Electronics,SSD,branded,buy WD Black SN850X,acquista WD Black SN850X,WD Black SN850X kaufen
q4c3091b64,Beauty & Personal Care,mascara,generic,mascara sale,mascara saldi,Mascara sale
qcf460b394,Electronics,gaming mouse,branded,buy Razer DeathAdder V3,acquista Razer DeathAdder V3,Razer DeathAdder V3 kaufen
q01a65d3e5,Electronics,DSLR camera,generic,DSLR camera amazon,reflex digitale amazon,Spiegelreflexkamera amazon
qd37265f66,Sporting Goods,e-bike,branded,buy Giant Stance E+ 2,acquista Giant Stance E+ 2,Giant Stance E+ 2 kaufen
q514741ccd,Baby & Kids,baby monitor,generic,baby monitor rating,valutazione baby monitor,Babyphone bewertung
qd1a77cea3,Electronics,phone case,generic,phone case professional,custodia per telefono professionale,professioneller Handyhülle
qe97d443db,Baby & Kids,toys,branded,LEGO Harry Potter Hogwarts Castle offers,LEGO Harry Potter Hogwarts Castle offerte,LEGO Harry Potter Hogwarts Castle angebote
qd452b1302,Sporting Goods,trekking poles,generic,trekking poles rating,valutazione bastoni da trekking,Wanderstöcke bewertung
q6f7af05e3,Sporting Goods,GPS running watch,generic,GPS running watch under 100,orologio GPS corsa sotto 100 euro,GPS-Laufuhr unter 100 euro
q9b9adf5c6,Electronics,smartphone,generic,smartphone online,smartphone online,Smartphone online
qbed8146ea,Home & Garden,food processor,generic,food processor under 500,robot da cucina sotto 500 euro,Küchenmaschine unter 500 euro
q39b79d2d0,Apparel & Accessories,running shoes,branded,Salomon Speedcross 6,Salomon Speedcross 6,Salomon Speedcross 6
q746db72d1,Electronics,OLED television,branded,buy Samsung S90C OLED,acquista Samsung S90C OLED,Samsung S90C OLED kaufen
q13a5ef654,Electronics,business laptop,generic,business laptop under 100,laptop business sotto 100 euro,Business-Laptop unter 100 euro
q6eef0379b,Electronics,laptop,branded,buy MacBook Pro M3,acquista MacBook Pro M3,MacBook Pro M3 kaufen
qd9a2fd436,Home & Garden,hair straightener,generic,hair straightener for beginners,piastra per capelli per principianti,Haarglätter für anfänger
q40a862fe3,Home & Garden,instant pot,generic,instant pot offers,offerte pentola a pressione,Schnellkochtopf angebote
q0d022349b,Sporting Goods,stand up paddle,generic,stand up paddle 2024,stand up paddle 2024,Stand-Up-Paddle 2024
qb9e64032f,Electronics,streaming device,branded,Google Chromecast 4K price,Google Chromecast 4K prezzo,Google Chromecast 4K preis
qed7862ddd,Home & Garden,electric toothbrush,generic,best electric toothbrush,migliori spazzolino elettrico,bestes Elektrische Zahnbürste
qc51d77378,Electronics,laptop stand,generic,laptop stand professional,supporto laptop professionale,professioneller Laptop-Ständer
q73a8a20a0,Apparel & Accessories,sunglasses,generic,sunglasses review,recensione occhiali da sole,Sonnenbrille test
q37849bcf5,Apparel & Accessories,running shoes,branded,Puma Nitro Elite 2 offers,Puma Nitro Elite 2 offerte,Puma Nitro Elite 2 angebote
q795b690ac,Sporting Goods,badminton racket,generic,best value badminton racket,racchetta da badminton miglior rapporto qualità prezzo,bestes preis-leistungs Badmintonschläger
qf79003f4f,Electronics,Bluetooth speaker,branded,Sony SRS-XB43 review,Sony SRS-XB43 recensione,Sony SRS-XB43 test
qbdce29510,Home & Garden,electric razor,generic,compare electric razor,confronta rasoio elettrico,Elektrorasierer vergleich
qafd21fd17,Electronics,tablet,generic,tablet professional,tablet professionale,professioneller Tablet
q66bcdaf23,Electronics,gaming desk,generic,cheap gaming desk,scrivania gaming economici,günstiger Gaming-Schreibtisch
qd96f6f465,Sporting Goods,resistance bands,generic,where to buy resistance bands,dove comprare elastici fitness,wo Fitnessbänder kaufen
q21231a826,Baby & Kids,baby carrier,generic,baby carrier rating,valutazione marsupio neonato,Babytrage bewertung
qec1ba9391,Home & Garden,coffee machine,generic,coffee machine offers,offerte macchina del caffè,Kaffeemaschine angebote
q1ce9ada4a,Sporting Goods,yoga mat,generic,yoga mat for beginners,tappetino yoga per principianti,Yogamatte für anfänger
qabd89ae8d,Electronics,QLED television,generic,QLED television price,prezzo televisore QLED,QLED-Fernseher preis
qc4fff4cb3,Apparel & Accessories,running watch,generic,buy running watch online,comprare orologio da corsa online,Laufuhr online kaufen
q27ca4c11c,Electronics,flagship smartphone,generic,flagship smartphone price,prezzo smartphone top di gamma,Flagship-Smartphone preis
q673bfa3cc,Electronics,SSD,branded,WD Black SN850X,WD Black SN850X,WD Black SN850X
q67594e804,Apparel & Accessories,tennis shoes,generic,tennis shoes online,scarpe da tennis online,Tennisschuhe online
q56c988f04,Sporting Goods,pull-up bar,generic,pull-up bar under 500,sbarra per trazioni sotto 500 euro,Klimmzugstange unter 500 euro
q456180b9b,Electronics,gaming monitor,branded,Samsung Odyssey G7 offers,Samsung Odyssey G7 offerte,Samsung Odyssey G7 angebote
qb72403468,Electronics,action camera,branded,buy GoPro Hero 12,acquista GoPro Hero 12,GoPro Hero 12 kaufen
q407dd406e,Apparel & Accessories,running shoes,branded,Salomon Ultra Glide 2 review,Salomon Ultra Glide 2 recensione,Salomon Ultra Glide 2 test
qee9ef8524,Electronics,laptop stand,generic,laptop stand,supporto laptop,Laptop-Ständer
q171ab9ba2,Electronics,gaming desk,generic,gaming desk under 500,scrivania gaming sotto 500 euro,Gaming-Schreibtisch unter 500 euro
q39f9a7bf1,Apparel & Accessories,winter jacket,generic,buy winter jacket,acquista giacca invernale,Winterjacke kaufen
q2a966762e,Electronics,earbuds,branded,Sony WF-1000XM5,Sony WF-1000XM5,Sony WF-1000XM5
qfff941802,Beauty & Personal Care,foundation makeup,generic,foundation makeup specs,specifiche fondotinta,Foundation technische daten
qf0af28284,Home & Garden,standing desk,branded,Flexispot E7,Flexispot E7,Flexispot E7
q58b3f4216,Electronics,wireless headphones,generic,wireless headphones review,recensione cuffie wireless,Kabellose Kopfhörer test
qc5d33eb4a,Apparel & Accessories,sneakers,generic,best sneakers,migliori sneakers,bestes Sneaker
qdc8b444ac,Electronics,business laptop,generic,business laptop professional,laptop business professionale,professioneller Business-Laptop
qeb621a830,Apparel & Accessories,winter jacket,branded,Patagonia Down Sweater,Patagonia Down Sweater,Patagonia Down Sweater
q72b7ad669,Sporting Goods,sports nutrition,generic,sports nutrition for beginners,nutrizione sportiva per principianti,Sportnahrung für anfänger
qed2915af9,Electronics,earbuds,branded,Nothing Ear 2,Nothing Ear 2,Nothing Ear 2
q802447be0,Apparel & Accessories,backpack,generic,buy backpack,acquista zaino,Rucksack kaufen
q61d2feb64,Baby & Kids,baby stroller,generic,baby stroller rating,valutazione passeggino,Kinderwagen bewertung
qe644250c1,Electronics,laptop,branded,buy Microsoft Surface Pro 9,acquista Microsoft Surface Pro 9,Microsoft Surface Pro 9 kaufen
q27e150693,Electronics,drone with camera,generic,drone with camera price,prezzo drone con fotocamera,Drohne mit Kamera preis
qfc152aa5b,Apparel & Accessories,running shoes,branded,Mizuno Wave Inspire 20,Mizuno Wave Inspire 20,Mizuno Wave Inspire 20
q83ee202b4,Home & Garden,stand mixer,branded,KitchenAid Artisan 5KSM195 offers,KitchenAid Artisan 5KSM195 offerte,KitchenAid Artisan 5KSM195 angebote
q90e36a040,Electronics,soundbar,generic,soundbar 2024,soundbar 2024,Soundbar 2024
q34ad573f0,Electronics,noise cancelling headphones,generic,noise cancelling headphones sale,cuffie noise cancelling saldi,Noise-Cancelling-Kopfhörer sale
qa4f7db8b6,Home & Garden,espresso machine,generic,buy espresso machine online,comprare macchina per espresso online,Espressomaschine online kaufen
qe79bdc833,Home & Garden,smart doorbell,generic,smart doorbell review,recensione videocitofono smart,Video-Türklingel test
q644dd7d40,Apparel & Accessories,winter jacket,generic,winter jacket deals,giacca invernale occasioni,Winterjacke schnäppchen
qc31455d73,Home & Garden,humidifier,generic,compare humidifier,confronta umidificatore,Luftbefeuchter vergleich
q18ecfb407,Home & Garden,smart doorbell,generic,compare smart doorbell,confronta videocitofono smart,Video-Türklingel vergleich
q750256f50,Electronics,tablet,branded,Lenovo Tab P12 Pro,Lenovo Tab P12 Pro,Lenovo Tab P12 Pro
qfa6885e73,Apparel & Accessories,sport leggings,generic,where to buy sport leggings,dove comprare leggings sportivi,wo Sport-Leggings kaufen
qf87699a6c,Home & Garden,air purifier,generic,buy air purifier online,comprare purificatore d'aria online,Luftreiniger online kaufen
q5a0c090a6,Beauty & Personal Care,retinol cream,generic,retinol cream under 500,crema al retinolo sotto 500 euro,Retinol-Creme unter 500 euro
q7b77e9e10,Apparel & Accessories,hiking boots,generic,compare hiking boots,confronta scarpe da trekking,Wanderstiefel vergleich
q08f5d2318,Apparel & Accessories,running watch,generic,running watch amazon,orologio da corsa amazon,Laufuhr amazon
qd7885307e,Electronics,USB-C cable,generic,top USB-C cable,top cavo USB-C,top USB-C-Kabel
q93f49810e,Electronics,mirrorless camera,generic,mirrorless camera deals,fotocamera mirrorless occasioni,Systemkamera schnäppchen
q8e1b6791a,Electronics,USB hub,generic,USB hub sale,hub USB saldi,USB-Hub sale
q93e8ee89f,Apparel & Accessories,sandals,generic,sandals online,sandali online,Sandalen online
q51c5820ce,Electronics,SSD,branded,Samsung 990 Pro 2TB review,Samsung 990 Pro 2TB recensione,Samsung 990 Pro 2TB test
q0e4b14643,Baby & Kids,LEGO,generic,LEGO amazon,LEGO amazon,LEGO amazon
q7effa3819,Sporting Goods,camping tent,generic,camping tent review,recensione tenda da campeggio,Campingzelt test
qa2131ca4f,Electronics,gaming monitor,generic,best gaming monitor,migliori monitor gaming,bestes Gaming-Monitor
q2ade95a61,Electronics,business laptop,generic,best business laptop,migliori laptop business,bestes Business-Laptop
q6689e314f,Electronics,webcam,generic,webcam price,prezzo webcam,Webcam preis
q143a36aa0,Sporting Goods,cycling helmet,generic,cycling helmet for beginners,casco da bici per principianti,Fahrradhelm für anfänger
qcd53a904e,Home & Garden,capsule coffee machine,branded,Nespresso Vertuo Next price,Nespresso Vertuo Next prezzo,Nespresso Vertuo Next preis
qc68c422ee,Electronics,phone case,branded,Spigen Tough Armor iPhone 15 price,Spigen Tough Armor iPhone 15 prezzo,Spigen Tough Armor iPhone 15 preis
q3d43c0b1e,Home & Garden,blender,generic,blender review,recensione frullatore,Mixer test
qbed430f02,Sporting Goods,mountain bike,generic,mountain bike amazon,mountain bike amazon,Mountainbike amazon
qdb8bdf73f,Home & Garden,hair straightener,branded,Dyson Corrale review,Dyson Corrale recensione,Dyson Corrale test
q5575ac471,Apparel & Accessories,basketball shoes,generic,top basketball shoes,top scarpe da basket,top Basketballschuhe
q89305044d,Home & Garden,office chair,branded,buy Herman Miller Aeron,acquista Herman Miller Aeron,Herman Miller Aeron kaufen
q33009d752,Baby & Kids,children bicycle,generic,compare children bicycle,confronta bicicletta bambini,Kinderfahrrad vergleich
q84159dc87,Home & Garden,hair dryer,branded,Parlux Alyon Air Ionizer review,Parlux Alyon Air Ionizer recensione,Parlux Alyon Air Ionizer test
q4144925a2,Baby & Kids,LEGO,generic,LEGO review,recensione LEGO,LEGO test
q69c79a619,Home & Garden,food processor,generic,food processor for beginners,robot da cucina per principianti,Küchenmaschine für anfänger
qfdaf05a75,Apparel & Accessories,sports bag,generic,sports bag rating,valutazione borsa sportiva,Sporttasche bewertung
q89b4f6bac,Electronics,gaming laptop,generic,where to buy gaming laptop,dove comprare laptop da gaming,wo Gaming-Laptop kaufen
q2786e58f3,Apparel & Accessories,sandals,generic,best value sandals,sandali miglior rapporto qualità prezzo,bestes preis-leistungs Sandalen
qf407bf2e3,Apparel & Accessories,down jacket,generic,down jacket deals,piumino occasioni,Daunenjacke schnäppchen
q73969b30c,Electronics,mechanical keyboard,generic,compare mechanical keyboard,confronta tastiera meccanica,Mechanische Tastatur vergleich
q233bf5d1d,Electronics,projector,generic,projector for beginners,proiettore per principianti,Beamer für anfänger
q9a97173e0,Home & Garden,vacuum cleaner,branded,Dyson V15 Detect,Dyson V15 Detect,Dyson V15 Detect
q631600706,Electronics,wireless headphones,branded,Marshall Major V review,Marshall Major V recensione,Marshall Major V test
qb48b3ce81,Apparel & Accessories,sneakers,branded,Converse Chuck Taylor All Star price,Converse Chuck Taylor All Star prezzo,Converse Chuck Taylor All Star preis
qc14375adb,Electronics,external hard drive,generic,buy external hard drive,acquista hard disk esterno,Externe Festplatte kaufen
q4eafa71cf,Electronics,USB hub,generic,best USB hub,migliori hub USB,bestes USB-Hub
q27f0827f7,Home & Garden,vacuum cleaner,branded,Shark Vertex AZ2002 price,Shark Vertex AZ2002 prezzo,Shark Vertex AZ2002 preis
qf290e3d7b,Electronics,tripod,generic,buy tripod online,comprare treppiede online,Stativ online kaufen
qfc6dafee7,Sporting Goods,GPS running watch,branded,Suunto Race offers,Suunto Race offerte,Suunto Race angebote
qa183ef08a,Electronics,laptop stand,generic,best laptop stand,migliori supporto laptop,bestes Laptop-Ständer
q48160458c,Electronics,mechanical keyboard,generic,best mechanical keyboard,migliori tastiera meccanica,bestes Mechanische Tastatur
q9e2d5cc67,Electronics,gaming headset,generic,gaming headset amazon,headset gaming amazon,Gaming-Headset amazon
q5fd100f59,Electronics,USB-C cable,generic,USB-C cable professional,cavo USB-C professionale,professioneller USB-C-Kabel
q8669d0332,Apparel & Accessories,running watch,generic,buy running watch,acquista orologio da corsa,Laufuhr kaufen
qd77aec6b2,Electronics,streaming device,generic,best streaming device,migliori dispositivo streaming,bestes Streaming-Gerät
qf61826acf,Sporting Goods,yoga mat,generic,yoga mat deals,tappetino yoga occasioni,Yogamatte schnäppchen
qb4f3b93ec,Sporting Goods,swimming goggles,generic,swimming goggles price,prezzo occhialini da nuoto,Schwimmbrille preis
q728399b1a,Electronics,camera bag,generic,camera bag deals,borsa per fotocamera occasioni,Kameratasche schnäppchen
q9408cfac1,Apparel & Accessories,sport leggings,generic,sport leggings deals,leggings sportivi occasioni,Sport-Leggings schnäppchen
q70a73fcc1,Electronics,gaming laptop,branded,buy Lenovo Legion 5 Pro,acquista Lenovo Legion 5 Pro,Lenovo Legion 5 Pro kaufen
q52ea586ec,Sporting Goods,kettlebell,generic,kettlebell review,recensione kettlebell,Kettlebell test
q3925205b0,Baby & Kids,car seat,branded,Maxi-Cosi Pebble 360 review,Maxi-Cosi Pebble 360 recensione,Maxi-Cosi Pebble 360 test
q88d601c71,Beauty & Personal Care,perfume,generic,perfume online,profumo online,Parfüm online
q17d9bf6ba,Home & Garden,vacuum cleaner,branded,Dyson V12 Detect Slim,Dyson V12 Detect Slim,Dyson V12 Detect Slim
q26755b0af,Home & Garden,smart lighting,branded,LIFX Color 1000lm price,LIFX Color 1000lm prezzo,LIFX Color 1000lm preis
q99254c6a9,Sporting Goods,camping tent,branded,Big Agnes Copper Spur HV UL2,Big Agnes Copper Spur HV UL2,Big Agnes Copper Spur HV UL2
q5e2471fbe,Sporting Goods,protein powder,branded,ON Gold Standard Whey 2kg price,ON Gold Standard Whey 2kg prezzo,ON Gold Standard Whey 2kg preis
q979cf621f,Apparel & Accessories,cycling shoes,generic,buy cycling shoes online,comprare scarpe da ciclismo online,Radschuhe online kaufen
q4557427bd,Beauty & Personal Care,sunscreen SPF 50,branded,buy ISDIN Eryfotona Actinica,acquista ISDIN Eryfotona Actinica,ISDIN Eryfotona Actinica kaufen
q5a072d055,Electronics,monitor,generic,monitor for beginners,monitor per principianti,Monitor für anfänger
qcaac7ad2f,Sporting Goods,sports nutrition,generic,cheap sports nutrition,nutrizione sportiva economici,günstiger Sportnahrung
q49c7a50a0,Apparel & Accessories,cycling shoes,generic,best value cycling shoes,scarpe da ciclismo miglior rapporto qualità prezzo,bestes preis-leistungs Radschuhe
q251e4bbad,Home & Garden,electric razor,generic,electric razor review,recensione rasoio elettrico,Elektrorasierer test
qf9b91cf71,Home & Garden,air purifier,generic,air purifier under 100,purificatore d'aria sotto 100 euro,Luftreiniger unter 100 euro
q4e5751c50,Electronics,drone with camera,generic,drone with camera under 500,drone con fotocamera sotto 500 euro,Drohne mit Kamera unter 500 euro
qd7de5e910,Electronics,memory card,generic,memory card price,prezzo scheda di memoria,Speicherkarte preis
qed79eb89a,Home & Garden,food processor,generic,food processor specs,specifiche robot da cucina,Küchenmaschine technische daten
q0ff5206e5,Electronics,2-in-1 laptop,generic,2-in-1 laptop,laptop 2-in-1,2-in-1-Laptop
qfd48724c6,Sporting Goods,mountain bike,generic,mountain bike online,mountain bike online,Mountainbike online
qea9f4add2,Apparel & Accessories,compression socks,generic,buy compression socks,acquista calze a compressione,Kompressionssocken kaufen
q10961c644,Electronics,iPad,generic,iPad for beginners,iPad per principianti,iPad für anfänger
qdfd6b9b71,Home & Garden,espresso machine,branded,Gaggia Classic Pro,Gaggia Classic Pro,Gaggia Classic Pro
q7663f35cc,Apparel & Accessories,running shoes,branded,Adidas Samba OG offers,Adidas Samba OG offerte,Adidas Samba OG angebote
qbd4df5592,Home & Garden,coffee machine,generic,coffee machine price,prezzo macchina del caffè,Kaffeemaschine preis
q7c62b71d0,Electronics,tablet,generic,tablet review,recensione tablet,Tablet test
q59f30e2eb,Electronics,digital camera,branded,Sony A7R V offers,Sony A7R V offerte,Sony A7R V angebote
q4ff38412e,Electronics,mechanical keyboard,generic,buy mechanical keyboard online,comprare tastiera meccanica online,Mechanische Tastatur online kaufen
qc24e30a58,Electronics,DSLR camera,generic,compare DSLR camera,confronta reflex digitale,Spiegelreflexkamera vergleich
q0f6a16efe,Apparel & Accessories,down jacket,generic,down jacket under 500,piumino sotto 500 euro,Daunenjacke unter 500 euro
q8a6e3ae7a,Sporting Goods,swimming goggles,generic,swimming goggles rating,valutazione occhialini da nuoto,Schwimmbrille bewertung
q4fd497d3d,Apparel & Accessories,winter jacket,branded,buy Columbia Omni-Heat,acquista Columbia Omni-Heat,Columbia Omni-Heat kaufen
q46e9801b2,Electronics,portable speaker,generic,best value portable speaker,altoparlante portatile miglior rapporto qualità prezzo,bestes preis-leistungs Portabler Lautsprecher
qd18c85178,Electronics,phone case,branded,OtterBox Defender iPhone 15 price,OtterBox Defender iPhone 15 prezzo,OtterBox Defender iPhone 15 preis
q8151cd105,Home & Garden,smart doorbell,generic,smart doorbell offers,offerte videocitofono smart,Video-Türklingel angebote
q23f8bb714,Apparel & Accessories,backpack,generic,backpack deals,zaino occasioni,Rucksack schnäppchen
q00c620273,Home & Garden,smart doorbell,generic,smart doorbell specs,specifiche videocitofono smart,Video-Türklingel technische daten
qfee82b465,Sporting Goods,ski boots,generic,ski boots amazon,scarponi da sci amazon,Skischuhe amazon
q4b42910e1,Home & Garden,humidifier,generic,top humidifier,top umidificatore,top Luftbefeuchter
q45f7b342e,Apparel & Accessories,running shoes,branded,Nike Invincible 3 review,Nike Invincible 3 recensione,Nike Invincible 3 test
q78bdadfd0,Electronics,gaming laptop,generic,best gaming laptop,migliori laptop da gaming,bestes Gaming-Laptop
qc8a65dcdb,Sporting Goods,surf board,generic,surf board,tavola da surf,Surfbrett
qd8f4e7f5b,Electronics,soundbar,generic,soundbar offers,offerte soundbar,Soundbar angebote
qb8e9f3a14,Electronics,gaming laptop,generic,buy gaming laptop,acquista laptop da gaming,Gaming-Laptop kaufen
q09a616bdd,Sporting Goods,sleeping bag,generic,sleeping bag online,sacco a pelo online,Schlafsack online
qaf82a10a0,Apparel & Accessories,running jacket,generic,top running jacket,top giacca da corsa,top Laufjacke
q6105a8d32,Electronics,webcam,generic,cheap webcam,webcam economici,günstiger Webcam
q3fa118882,Sporting Goods,sleeping bag,generic,top sleeping bag,top sacco a pelo,top Schlafsack
qfbd59fc77,Home & Garden,electric toothbrush,branded,Philips Sonicare DiamondClean offers,Philips Sonicare DiamondClean offerte,Philips Sonicare DiamondClean angebote
q87b315fb6,Electronics,mechanical keyboard,generic,mechanical keyboard rating,valutazione tastiera meccanica,Mechanische Tastatur bewertung
q9250f122f,Apparel & Accessories,hiking boots,branded,La Sportiva TX5 GTX price,La Sportiva TX5 GTX prezzo,La Sportiva TX5 GTX preis
q2aa7b37ac,Electronics,gaming mouse,branded,Steelseries Aerox 5 offers,Steelseries Aerox 5 offerte,Steelseries Aerox 5 angebote
qe3e2ac3f3,Beauty & Personal Care,nail polish,generic,cheap nail polish,smalto per unghie economici,günstiger Nagellack
q5efabf42c,Electronics,in-ear headphones,generic,buy in-ear headphones online,comprare auricolari in-ear online,In-Ear-Kopfhörer online kaufen
qe87e0f81b,Apparel & Accessories,running shoes,branded,Brooks Ghost 16,Brooks Ghost 16,Brooks Ghost 16
qb8c32dc69,Beauty & Personal Care,retinol cream,generic,where to buy retinol cream,dove comprare crema al retinolo,wo Retinol-Creme kaufen
q1e619997f,Electronics,home cinema system,generic,best home cinema system,migliori sistema home cinema,bestes Heimkinosystem
qf33297291,Apparel & Accessories,running shoes,branded,buy Nike Air Force 1,acquista Nike Air Force 1,Nike Air Force 1 kaufen
qce422b161,Electronics,smartphone,generic,smartphone 2024,smartphone 2024,Smartphone 2024
qce89031e2,Electronics,laptop,branded,buy Dell XPS 15,acquista Dell XPS 15,Dell XPS 15 kaufen
qe6f0db570,Apparel & Accessories,backpack,generic,backpack professional,zaino professionale,professioneller Rucksack
qe1f06defb,Electronics,earbuds,branded,Google Pixel Buds Pro price,Google Pixel Buds Pro prezzo,Google Pixel Buds Pro preis
q45d39faf3,Sporting Goods,badminton racket,generic,badminton racket sale,racchetta da badminton saldi,Badmintonschläger sale
q9b33d1577,Sporting Goods,surf board,generic,surf board under 500,tavola da surf sotto 500 euro,Surfbrett unter 500 euro
qbb7504500,Apparel & Accessories,backpack,branded,Deuter Futura Pro 40 review,Deuter Futura Pro 40 recensione,Deuter Futura Pro 40 test
q5d47a21d5,Baby & Kids,baby carrier,generic,baby carrier specs,specifiche marsupio neonato,Babytrage technische daten
qf1d46a864,Electronics,earbuds,branded,Apple AirPods Pro 2,Apple AirPods Pro 2,Apple AirPods Pro 2
q9c2c981ba,Sporting Goods,treadmill,generic,treadmill price,prezzo tapis roulant,Laufband preis
q780c4d616,Apparel & Accessories,sneakers,generic,cheap sneakers,sneakers economici,günstiger Sneaker
q2de2f2541,Sporting Goods,heart rate monitor,generic,heart rate monitor review,recensione cardiofrequenzimetro,Herzfrequenzmesser test
q86ea9ed3f,Baby & Kids,baby monitor,generic,baby monitor specs,specifiche baby monitor,Babyphone technische daten
q3b1270b34,Electronics,Bluetooth speaker,branded,JBL Charge 5,JBL Charge 5,JBL Charge 5
qa4a65ddc0,Electronics,4K television,generic,4K television amazon,televisore 4K amazon,4K-Fernseher amazon
q251b8e9f0,Electronics,noise cancelling headphones,generic,noise cancelling headphones for beginners,cuffie noise cancelling per principianti,Noise-Cancelling-Kopfhörer für anfänger
qe8b489515,Apparel & Accessories,sports bra,generic,sports bra deals,reggiseno sportivo occasioni,Sport-BH schnäppchen
q71e7c58eb,Beauty & Personal Care,lip balm,generic,lip balm 2024,balsamo labbra 2024,Lippenbalsam 2024
qfdef703a1,Apparel & Accessories,sandals,generic,top sandals,top sandali,top Sandalen
qa4b19507e,Sporting Goods,GPS running watch,generic,GPS running watch for beginners,orologio GPS corsa per principianti,GPS-Laufuhr für anfänger
qdeaebcf18,Sporting Goods,road bike,branded,Canyon Endurace CF SL review,Canyon Endurace CF SL recensione,Canyon Endurace CF SL test
q07d27ea54,Sporting Goods,mountain bike,generic,where to buy mountain bike,dove comprare mountain bike,wo Mountainbike kaufen
qb33d81a56,Sporting Goods,resistance bands,generic,resistance bands specs,specifiche elastici fitness,Fitnessbänder technische daten
q9eb51dd28,Home & Garden,security camera,generic,compare security camera,confronta telecamera di sicurezza,Sicherheitskamera vergleich
qf0d1e99b9,Home & Garden,vacuum cleaner,branded,Shark Vertex AZ2002,Shark Vertex AZ2002,Shark Vertex AZ2002
q9056421aa,Apparel & Accessories,sports bag,generic,best sports bag,migliori borsa sportiva,bestes Sporttasche
qb1ed50be5,Apparel & Accessories,sunglasses,branded,Oakley Radar EV Path price,Oakley Radar EV Path prezzo,Oakley Radar EV Path preis
qa5a1ce23a,Apparel & Accessories,running shoes,branded,Hoka Clifton 9 price,Hoka Clifton 9 prezzo,Hoka Clifton 9 preis
q262ae5e95,Home & Garden,air fryer,branded,Instant Vortex Plus 6-in-1 review,Instant Vortex Plus 6-in-1 recensione,Instant Vortex Plus 6-in-1 test
q5a07cdc9c,Sporting Goods,ski helmet,generic,ski helmet 2024,casco da sci 2024,Skihelm 2024
qd8566ea9d,Sporting Goods,treadmill,branded,Technogym MyRun offers,Technogym MyRun offerte,Technogym MyRun angebote
q0253c4b84,Electronics,VR headset,generic,best value VR headset,visore VR miglior rapporto qualità prezzo,bestes preis-leistungs VR-Headset
q600e0afd8,Electronics,OLED television,generic,OLED television rating,valutazione televisore OLED,OLED-Fernseher bewertung
q2dc984a0c,Electronics,webcam,generic,top webcam,top webcam,top Webcam
q9fcbd4f2e,Sporting Goods,mountain bike,branded,buy Giant Trance X Advanced,acquista Giant Trance X Advanced,Giant Trance X Advanced kaufen
qa29ab89d8,Sporting Goods,road bike,generic,compare road bike,confronta bici da strada,Rennrad vergleich
q0c40c86c0,Baby & Kids,car seat,generic,car seat deals,seggiolino auto occasioni,Kindersitz schnäppchen
q9a1259d50,Electronics,iPad,generic,iPad specs,specifiche iPad,iPad technische daten
q0cf413851,Home & Garden,electric razor,generic,electric razor amazon,rasoio elettrico amazon,Elektrorasierer amazon
qc295583c4,Apparel & Accessories,winter jacket,generic,winter jacket price,prezzo giacca invernale,Winterjacke preis
q02358d09b,Sporting Goods,climbing harness,generic,where to buy climbing harness,dove comprare imbrago da arrampicata,wo Klettergurt kaufen
q917a3f99a,Home & Garden,smart thermostat,generic,smart thermostat,termostato intelligente,Smartes Thermostat
qf39cfdf1c,Electronics,power bank,generic,cheap power bank,power bank economici,günstiger Powerbank
qc39a81850,Beauty & Personal Care,lip balm,generic,lip balm price,prezzo balsamo labbra,Lippenbalsam preis
qaf30e8f61,Apparel & Accessories,athletic shoes,generic,athletic shoes for beginners,scarpe sportive per principianti,Sportschuhe für anfänger
q0cbc41c0d,Electronics,gaming mouse,generic,cheap gaming mouse,mouse gaming economici,günstiger Gaming-Maus
q713f5bb7d,Electronics,Android tablet,generic,Android tablet 2024,tablet Android 2024,Android-Tablet 2024
q70c1dbe35,Electronics,Android tablet,generic,Android tablet professional,tablet Android professionale,professioneller Android-Tablet
q33028a922,Home & Garden,office chair,generic,office chair specs,specifiche sedia da ufficio,Bürostuhl technische daten
q883f5b3b0,Electronics,QLED television,branded,Samsung QN90C,Samsung QN90C,Samsung QN90C
q9c3c0628f,Sporting Goods,protein powder,branded,MyProtein Impact Whey price,MyProtein Impact Whey prezzo,MyProtein Impact Whey preis
q20386e34f,Home & Garden,electric toothbrush,generic,electric toothbrush rating,valutazione spazzolino elettrico,Elektrische Zahnbürste bewertung
q6ca82a7fa,Sporting Goods,exercise bike,generic,exercise bike deals,cyclette occasioni,Heimtrainer schnäppchen
qb04f8d90b,Home & Garden,air purifier,branded,Blueair Blue Pure 311i+ review,Blueair Blue Pure 311i+ recensione,Blueair Blue Pure 311i+ test
q1f79bf913,Electronics,digital camera,branded,Panasonic Lumix S5 II price,Panasonic Lumix S5 II prezzo,Panasonic Lumix S5 II preis
qe071b9317,Electronics,gaming monitor,generic,top gaming monitor,top monitor gaming,top Gaming-Monitor
q4b90e253d,Sporting Goods,dumbbell set,branded,Bowflex SelectTech 552,Bowflex SelectTech 552,Bowflex SelectTech 552
qa20b2be17,Sporting Goods,climbing harness,generic,climbing harness amazon,imbrago da arrampicata amazon,Klettergurt amazon
qdea0a8e7b,Electronics,monitor,branded,LG 27UK850,LG 27UK850,LG 27UK850
qb614c4bf1,Electronics,action camera,generic,action camera online,action camera online,Action-Kamera online
qa23f159da,Apparel & Accessories,sports bra,generic,buy sports bra online,comprare reggiseno sportivo online,Sport-BH online kaufen
q32df26dd8,Electronics,camera lens,branded,Sigma 35mm f/1.4 DG DN review,Sigma 35mm f/1.4 DG DN recensione,Sigma 35mm f/1.4 DG DN test
q488996dba,Apparel & Accessories,running jacket,generic,running jacket online,giacca da corsa online,Laufjacke online
q703957247,Sporting Goods,basketball,generic,where to buy basketball,dove comprare pallone da basket,wo Basketball kaufen
q1357e7f55,Apparel & Accessories,sports bag,generic,compare sports bag,confronta borsa sportiva,Sporttasche vergleich
qaf054d315,Apparel & Accessories,sport shorts,generic,sport shorts amazon,pantaloncini sportivi amazon,Sporthose amazon
q147b13e58,Sporting Goods,protein powder,branded,MyProtein Impact Whey review,MyProtein Impact Whey recensione,MyProtein Impact Whey test
q800fa9e34,Electronics,laptop,generic,laptop online,laptop online,Laptop online
q47a55be52,Home & Garden,stand mixer,generic,stand mixer professional,impastatrice professionale,professioneller Küchenmaschine
qc0482bae8,Electronics,SSD,generic,cheap SSD,SSD economici,günstiger SSD
qf5fab083d,Baby & Kids,LEGO,generic,best LEGO,migliori LEGO,bestes LEGO
qb63831cb6,Apparel & Accessories,football boots,generic,football boots deals,scarpe da calcio occasioni,Fußballschuhe schnäppchen
qae8d4290d,Electronics,OLED television,generic,OLED television under 500,televisore OLED sotto 500 euro,OLED-Fernseher unter 500 euro
q5b79b40c4,Apparel & Accessories,sneakers,branded,Adidas Yeezy 350 V2 offers,Adidas Yeezy 350 V2 offerte,Adidas Yeezy 350 V2 angebote
q10484bd8d,Electronics,business laptop,generic,compare business laptop,confronta laptop business,Business-Laptop vergleich
q80b606c3e,Home & Garden,hair dryer,branded,buy Dyson Supersonic,acquista Dyson Supersonic,Dyson Supersonic kaufen
q742326f4c,Sporting Goods,sleeping bag,branded,Western Mountaineering Alpinlite,Western Mountaineering Alpinlite,Western Mountaineering Alpinlite
q21f4fd11b,Electronics,drone with camera,generic,drone with camera online,drone con fotocamera online,Drohne mit Kamera online
q5ba7c7c36,Electronics,soundbar,generic,cheap soundbar,soundbar economici,günstiger Soundbar
q07cdf49ee,Beauty & Personal Care,face moisturiser,branded,buy CeraVe Moisturising Cream,acquista CeraVe Moisturising Cream,CeraVe Moisturising Cream kaufen
q069c31912,Electronics,digital camera,branded,buy Canon EOS 70D,acquista Canon EOS 70D,Canon EOS 70D kaufen
q16ca4289a,Apparel & Accessories,hiking boots,branded,Merrell Moab 3 offers,Merrell Moab 3 offerte,Merrell Moab 3 angebote
q4d77f628c,Sporting Goods,road bike,generic,best road bike,migliori bici da strada,bestes Rennrad
qfe155e86f,Electronics,external hard drive,generic,best value external hard drive,hard disk esterno miglior rapporto qualità prezzo,bestes preis-leistungs Externe Festplatte
q888d5b1e1,Electronics,smartphone,branded,iPhone 16 Pro Max,iPhone 16 Pro Max,iPhone 16 Pro Max
q4c271c56e,Electronics,Bluetooth speaker,generic,Bluetooth speaker review,recensione speaker Bluetooth,Bluetooth-Lautsprecher test
qc5f278813,Beauty & Personal Care,nail polish,generic,nail polish professional,smalto per unghie professionale,professioneller Nagellack
q18b2d9c5e,Home & Garden,robot vacuum cleaner,generic,top robot vacuum cleaner,top aspirapolvere robot,top Saugroboter
q70a801d22,Electronics,wireless charger,branded,Belkin BoostCharge Pro,Belkin BoostCharge Pro,Belkin BoostCharge Pro
qda8625f0d,Electronics,gaming desk,generic,gaming desk for beginners,scrivania gaming per principianti,Gaming-Schreibtisch für anfänger
q8d59961c9,Home & Garden,instant pot,generic,where to buy instant pot,dove comprare pentola a pressione,wo Schnellkochtopf kaufen
q80401db68,Electronics,camera lens,generic,camera lens specs,specifiche obiettivo fotografico,Kameraobjektiv technische daten
q6f3371eb5,Sporting Goods,heart rate monitor,generic,heart rate monitor rating,valutazione cardiofrequenzimetro,Herzfrequenzmesser bewertung
q924219ee8,Electronics,gaming controller,generic,buy gaming controller,acquista controller gaming,Gaming-Controller kaufen
qd76a1c961,Sporting Goods,cycling helmet,generic,cheap cycling helmet,casco da bici economici,günstiger Fahrradhelm
q60a1908d9,Electronics,external hard drive,branded,WD My Passport 2TB price,WD My Passport 2TB prezzo,WD My Passport 2TB preis
q0f5f13013,Electronics,webcam,generic,webcam,webcam,Webcam
qc5fd35d9e,Apparel & Accessories,athletic shoes,generic,athletic shoes under 100,scarpe sportive sotto 100 euro,Sportschuhe unter 100 euro
qf2f43c058,Apparel & Accessories,smartwatch,generic,smartwatch review,recensione smartwatch,Smartwatch test
q20d4a73b4,Apparel & Accessories,hiking boots,generic,hiking boots review,recensione scarpe da trekking,Wanderstiefel test
q6778263f9,Electronics,webcam,generic,webcam sale,webcam saldi,Webcam sale
qab9eec013,Home & Garden,robot vacuum cleaner,branded,Roborock S8 Pro Ultra price,Roborock S8 Pro Ultra prezzo,Roborock S8 Pro Ultra preis
q8b5697396,Apparel & Accessories,smartwatch,generic,smartwatch,smartwatch,Smartwatch
q7d5daec7d,Home & Garden,electric toothbrush,generic,electric toothbrush offers,offerte spazzolino elettrico,Elektrische Zahnbürste angebote
q32281d813,Electronics,ultrabook,generic,best value ultrabook,ultrabook miglior rapporto qualità prezzo,bestes preis-leistungs Ultrabook
qb76431a59,Sporting Goods,swimming goggles,generic,swimming goggles deals,occhialini da nuoto occasioni,Schwimmbrille schnäppchen
qc3c95daea,Electronics,gaming mouse,branded,Razer DeathAdder V3,Razer DeathAdder V3,Razer DeathAdder V3
q2f32167d8,Electronics,wireless headphones,branded,Anker Soundcore Q45,Anker Soundcore Q45,Anker Soundcore Q45
qc459bb045,Home & Garden,electric toothbrush,generic,top electric toothbrush,top spazzolino elettrico,top Elektrische Zahnbürste
q38d892f91,Electronics,external hard drive,branded,WD My Passport 2TB,WD My Passport 2TB,WD My Passport 2TB
qc04bfc73b,Apparel & Accessories,basketball shoes,generic,buy basketball shoes online,comprare scarpe da basket online,Basketballschuhe online kaufen
qfdff8a012,Beauty & Personal Care,face moisturiser,generic,face moisturiser sale,crema idratante viso saldi,Gesichtscreme sale
qf86b31f4f,Home & Garden,air fryer,branded,Ninja Foodi Dual Zone offers,Ninja Foodi Dual Zone offerte,Ninja Foodi Dual Zone angebote
qb0529aa01,Electronics,smartphone,generic,smartphone specs,specifiche smartphone,Smartphone technische daten
q6bc5fa825,Electronics,4K television,generic,cheap 4K television,televisore 4K economici,günstiger 4K-Fernseher
qe89ba9926,Sporting Goods,ski helmet,generic,ski helmet professional,casco da sci professionale,professioneller Skihelm
q6e3b0893b,Home & Garden,smart lighting,generic,smart lighting online,illuminazione smart online,Smarte Beleuchtung online
qb477b7ba1,Electronics,smartphone,branded,iPhone 16 Pro Max price,iPhone 16 Pro Max prezzo,iPhone 16 Pro Max preis
q81c859168,Electronics,instant camera,generic,instant camera offers,offerte fotocamera istantanea,Sofortbildkamera angebote
q5fabb8b27,Apparel & Accessories,winter jacket,generic,cheap winter jacket,giacca invernale economici,günstiger Winterjacke
qbf4694565,Beauty & Personal Care,lip balm,generic,lip balm for beginners,balsamo labbra per principianti,Lippenbalsam für anfänger
qe970edd61,Apparel & Accessories,smartwatch,branded,Garmin Forerunner 965 offers,Garmin Forerunner 965 offerte,Garmin Forerunner 965 angebote
q31c44ffeb,Electronics,in-ear headphones,generic,in-ear headphones amazon,auricolari in-ear amazon,In-Ear-Kopfhörer amazon
q5c13d02d6,Sporting Goods,GPS running watch,generic,buy GPS running watch,acquista orologio GPS corsa,GPS-Laufuhr kaufen
qf6f1e4a59,Home & Garden,office chair,branded,Secretlab Titan Evo offers,Secretlab Titan Evo offerte,Secretlab Titan Evo angebote
q057e9352b,Electronics,drone with camera,generic,best drone with camera,migliori drone con fotocamera,bestes Drohne mit Kamera
q94f746a92,Sporting Goods,mountain bike,generic,mountain bike rating,valutazione mountain bike,Mountainbike bewertung
q0f40d1760,Sporting Goods,surf board,generic,surf board sale,tavola da surf saldi,Surfbrett sale
qe2779c4c5,Sporting Goods,cycling helmet,branded,Giro Synthe MIPS offers,Giro Synthe MIPS offerte,Giro Synthe MIPS angebote
qc5ec549bc,Home & Garden,instant pot,generic,best instant pot,migliori pentola a pressione,bestes Schnellkochtopf
qb78b210cd,Apparel & Accessories,smartwatch,generic,smartwatch offers,offerte smartwatch,Smartwatch angebote
q52963ef4a,Apparel & Accessories,sport shorts,generic,cheap sport shorts,pantaloncini sportivi economici,günstiger Sporthose
qcbb74ec75,Apparel & Accessories,sneakers,branded,Nike Dunk Low,Nike Dunk Low,Nike Dunk Low
q9134488ca,Apparel & Accessories,sneakers,branded,Converse Chuck Taylor All Star,Converse Chuck Taylor All Star,Converse Chuck Taylor All Star
q5b6a7ac4f,Sporting Goods,sleeping bag,generic,sleeping bag under 500,sacco a pelo sotto 500 euro,Schlafsack unter 500 euro
qc3b8f9c90,Beauty & Personal Care,lip balm,generic,lip balm under 100,balsamo labbra sotto 100 euro,Lippenbalsam unter 100 euro
q8b2c23d3c,Electronics,projector,generic,projector professional,proiettore professionale,professioneller Beamer
qad49dcefa,Sporting Goods,yoga mat,generic,yoga mat review,recensione tappetino yoga,Yogamatte test
q539f46499,Beauty & Personal Care,lip balm,generic,compare lip balm,confronta balsamo labbra,Lippenbalsam vergleich
qae182273b,Home & Garden,electric toothbrush,generic,electric toothbrush,spazzolino elettrico,Elektrische Zahnbürste
qb9a8e407f,Electronics,gaming headset,generic,gaming headset online,headset gaming online,Gaming-Headset online
q101e30395,Electronics,home cinema system,generic,home cinema system,sistema home cinema,Heimkinosystem
q0afb37de7,Apparel & Accessories,running shoes,branded,New Balance FuelCell SuperComp Elite v4,New Balance FuelCell SuperComp Elite v4,New Balance FuelCell SuperComp Elite v4
qe184ad205,Home & Garden,electric razor,generic,best electric razor,migliori rasoio elettrico,bestes Elektrorasierer
qaeef4c1f4,Beauty & Personal Care,vitamin C serum,generic,top vitamin C serum,top siero vitamina C,top Vitamin-C-Serum
q1d3baa0fd,Sporting Goods,mountain bike,branded,Trek Marlin 7 review,Trek Marlin 7 recensione,Trek Marlin 7 test
q172ba79f4,Baby & Kids,toys,branded,LEGO Technic Bugatti Bolide price,LEGO Technic Bugatti Bolide prezzo,LEGO Technic Bugatti Bolide preis
q7216f2158,Electronics,wireless headphones,branded,buy Anker Soundcore Q45,acquista Anker Soundcore Q45,Anker Soundcore Q45 kaufen
q55ab4d6aa,Sporting Goods,sports nutrition,generic,sports nutrition amazon,nutrizione sportiva amazon,Sportnahrung amazon
q75e0a1571,Apparel & Accessories,basketball shoes,generic,basketball shoes price,prezzo scarpe da basket,Basketballschuhe preis
q5266c834a,Apparel & Accessories,football boots,generic,football boots price,prezzo scarpe da calcio,Fußballschuhe preis
q806754ef4,Home & Garden,security camera,generic,best security camera,migliori telecamera di sicurezza,bestes Sicherheitskamera
q8ca66b399,Apparel & Accessories,rain jacket,generic,best value rain jacket,giacca impermeabile miglior rapporto qualità prezzo,bestes preis-leistungs Regenjacke
q0f920b516,Electronics,streaming device,generic,top streaming device,top dispositivo streaming,top Streaming-Gerät
q4d3dd8897,Electronics,Android tablet,generic,buy Android tablet,acquista tablet Android,Android-Tablet kaufen
q2edbc4bc0,Sporting Goods,tennis racket,generic,buy tennis racket,acquista racchetta da tennis,Tennisschläger kaufen
q57af5cd91,Home & Garden,humidifier,generic,humidifier specs,specifiche umidificatore,Luftbefeuchter technische daten
q0353031be,Home & Garden,hair dryer,branded,Parlux Alyon Air Ionizer,Parlux Alyon Air Ionizer,Parlux Alyon Air Ionizer
q38e3b0f62,Home & Garden,hair straightener,generic,hair straightener amazon,piastra per capelli amazon,Haarglätter amazon
q1c2505a7a,Home & Garden,monitor arm,generic,monitor arm deals,braccio per monitor occasioni,Monitorhalterung schnäppchen
q179193fa2,Home & Garden,electric toothbrush,branded,Philips Sonicare DiamondClean review,Philips Sonicare DiamondClean recensione,Philips Sonicare DiamondClean test
qd006201b9,Electronics,smart TV,generic,smart TV under 500,smart TV sotto 500 euro,Smart-TV unter 500 euro
qd81624b6a,Baby & Kids,baby stroller,branded,buy Bugaboo Fox 5,acquista Bugaboo Fox 5,Bugaboo Fox 5 kaufen
q3e13699ae,Apparel & Accessories,tennis shoes,generic,tennis shoes deals,scarpe da tennis occasioni,Tennisschuhe schnäppchen
q3cf5a8699,Apparel & Accessories,smartwatch,generic,top smartwatch,top smartwatch,top Smartwatch
q66b1a9407,Electronics,SSD,generic,SSD sale,SSD saldi,SSD sale
q9f354a3e0,Home & Garden,electric razor,branded,Philips Series 9000 Prestige offers,Philips Series 9000 Prestige offerte,Philips Series 9000 Prestige angebote
qfbeae7eb3,Electronics,wireless headphones,generic,wireless headphones amazon,cuffie wireless amazon,Kabellose Kopfhörer amazon
q23f1118b0,Sporting Goods,exercise bike,branded,buy Wahoo KICKR Bike,acquista Wahoo KICKR Bike,Wahoo KICKR Bike kaufen
q817b01bf6,Home & Garden,coffee machine,branded,Jura E8 offers,Jura E8 offerte,Jura E8 angebote
q3895aa636,Electronics,USB hub,generic,USB hub for beginners,hub USB per principianti,USB-Hub für anfänger
q1117bfde6,Beauty & Personal Care,foundation makeup,generic,foundation makeup professional,fondotinta professionale,professioneller Foundation
q2f38e693f,Home & Garden,security camera,branded,Ring Video Doorbell 4 offers,Ring Video Doorbell 4 offerte,Ring Video Doorbell 4 angebote
qbc76ec695,Electronics,Bluetooth speaker,generic,Bluetooth speaker,speaker Bluetooth,Bluetooth-Lautsprecher
q28c554802,Electronics,QLED television,generic,QLED television online,televisore QLED online,QLED-Fernseher online
qb44eea46a,Electronics,external hard drive,generic,external hard drive deals,hard disk esterno occasioni,Externe Festplatte schnäppchen
q4e9de332e,Electronics,tripod,generic,tripod online,treppiede online,Stativ online
q8ce41f845,Apparel & Accessories,tennis shoes,generic,where to buy tennis shoes,dove comprare scarpe da tennis,wo Tennisschuhe kaufen
q83402a915,Baby & Kids,baby carrier,generic,where to buy baby carrier,dove comprare marsupio neonato,wo Babytrage kaufen
qafc1f8b26,Electronics,noise cancelling headphones,branded,Bose QuietComfort Ultra review,Bose QuietComfort Ultra recensione,Bose QuietComfort Ultra test
qc0c65fe4d,Electronics,monitor,generic,monitor price,prezzo monitor,Monitor preis
q11b5ab983,Beauty & Personal Care,nail polish,generic,nail polish for beginners,smalto per unghie per principianti,Nagellack für anfänger
q0b643cb4e,Beauty & Personal Care,vitamin C serum,branded,Paula's Choice C15 Super Booster price,Paula's Choice C15 Super Booster prezzo,Paula's Choice C15 Super Booster preis
q4846ce240,Home & Garden,smart thermostat,generic,smart thermostat under 100,termostato intelligente sotto 100 euro,Smartes Thermostat unter 100 euro
q6b7977e56,Apparel & Accessories,running shoes,branded,Mizuno Wave Inspire 20 offers,Mizuno Wave Inspire 20 offerte,Mizuno Wave Inspire 20 angebote
q8da9121cc,Electronics,gaming console,branded,Nintendo Switch OLED offers,Nintendo Switch OLED offerte,Nintendo Switch OLED angebote
qe22c9c773,Sporting Goods,GPS running watch,generic,top GPS running watch,top orologio GPS corsa,top GPS-Laufuhr
q2ace7872e,Home & Garden,coffee machine,generic,best coffee machine,migliori macchina del caffè,bestes Kaffeemaschine
qd2ba504ba,Electronics,OLED television,branded,Samsung S90C OLED,Samsung S90C OLED,Samsung S90C OLED
qbe611f7f7,Electronics,home cinema system,generic,home cinema system rating,valutazione sistema home cinema,Heimkinosystem bewertung
q96e692332,Electronics,camera bag,generic,camera bag 2024,borsa per fotocamera 2024,Kameratasche 2024
q38ea7be6b,Apparel & Accessories,down jacket,generic,down jacket sale,piumino saldi,Daunenjacke sale
q25e357cbf,Apparel & Accessories,tennis shoes,generic,tennis shoes review,recensione scarpe da tennis,Tennisschuhe test
qb27580561,Sporting Goods,GPS running watch,generic,GPS running watch amazon,orologio GPS corsa amazon,GPS-Laufuhr amazon
q8442aa74e,Electronics,monitor,generic,buy monitor,acquista monitor,Monitor kaufen
q884904df0,Electronics,VR headset,generic,compare VR headset,confronta visore VR,VR-Headset vergleich
q625a668aa,Electronics,soundbar,generic,soundbar sale,soundbar saldi,Soundbar sale
q1497bf6a7,Sporting Goods,climbing harness,generic,top climbing harness,top imbrago da arrampicata,top Klettergurt
q613e68f84,Home & Garden,humidifier,generic,humidifier amazon,umidificatore amazon,Luftbefeuchter amazon
q4eb4e5f14,Electronics,camera bag,generic,camera bag price,prezzo borsa per fotocamera,Kameratasche preis
q29d265629,Electronics,budget smartphone,generic,budget smartphone price,prezzo smartphone economico,Günstiges Smartphone preis
qdad9228e4,Sporting Goods,badminton racket,generic,cheap badminton racket,racchetta da badminton economici,günstiger Badmintonschläger
qc9b1bec76,Apparel & Accessories,rain jacket,generic,where to buy rain jacket,dove comprare giacca impermeabile,wo Regenjacke kaufen
qed4b3888c,Electronics,vinyl record player,generic,cheap vinyl record player,giradischi economici,günstiger Plattenspieler
qe5990749f,Sporting Goods,ski helmet,branded,buy Smith Vantage MIPS,acquista Smith Vantage MIPS,Smith Vantage MIPS kaufen
qc6cdc1cea,Sporting Goods,football,generic,football under 500,pallone da calcio sotto 500 euro,Fußball unter 500 euro
q10708c8c7,Apparel & Accessories,hiking boots,generic,buy hiking boots,acquista scarpe da trekking,Wanderstiefel kaufen
q854d9805c,Baby & Kids,toys,generic,toys 2024,giocattoli 2024,Spielzeug 2024
q401f205f4,Electronics,digital camera,branded,buy Nikon Z6 II,acquista Nikon Z6 II,Nikon Z6 II kaufen
qd95520fb5,Apparel & Accessories,fitness tracker,generic,best value fitness tracker,fitness tracker miglior rapporto qualità prezzo,bestes preis-leistungs Fitness-Tracker
q2a1c992e0,Baby & Kids,LEGO,generic,buy LEGO online,comprare LEGO online,LEGO online kaufen
q9ea26b05d,Electronics,laptop,branded,Dell XPS 13 price,Dell XPS 13 prezzo,Dell XPS 13 preis
qa7e3ac7f8,Home & Garden,smart doorbell,generic,smart doorbell rating,valutazione videocitofono smart,Video-Türklingel bewertung
q2126d8c27,Electronics,smartphone,branded,buy Nothing Phone 2a,acquista Nothing Phone 2a,Nothing Phone 2a kaufen
q67d9002bd,Electronics,4K television,generic,4K television sale,televisore 4K saldi,4K-Fernseher sale
q4ab465039,Electronics,digital camera,branded,Leica Q3 offers,Leica Q3 offerte,Leica Q3 angebote
qde4d60a6e,Electronics,soundbar,generic,buy soundbar online,comprare soundbar online,Soundbar online kaufen
qe26650f37,Electronics,VR headset,generic,VR headset sale,visore VR saldi,VR-Headset sale
q6516d2c21,Electronics,wireless charger,generic,compare wireless charger,confronta caricatore wireless,Kabelloses Ladegerät vergleich
q322c6d41e,Electronics,tripod,generic,tripod amazon,treppiede amazon,Stativ amazon
q7f9d029df,Electronics,smartphone,branded,buy iPhone 16,acquista iPhone 16,iPhone 16 kaufen
qe4912fdbe,Sporting Goods,ski boots,generic,ski boots price,prezzo scarponi da sci,Skischuhe preis
q2f1ad9485,Sporting Goods,stand up paddle,generic,stand up paddle specs,specifiche stand up paddle,Stand-Up-Paddle technische daten
qf856d8c75,Electronics,mechanical keyboard,branded,Keychron K2 Pro,Keychron K2 Pro,Keychron K2 Pro
q422249bcf,Electronics,OLED television,generic,OLED television amazon,televisore OLED amazon,OLED-Fernseher amazon
q21943de17,Beauty & Personal Care,vitamin C serum,generic,vitamin C serum rating,valutazione siero vitamina C,Vitamin-C-Serum bewertung
q576aa1af7,Electronics,tablet,generic,best tablet,migliori tablet,bestes Tablet
q4dddd15dd,Home & Garden,robot vacuum cleaner,branded,Ecovacs Deebot X2 Omni,Ecovacs Deebot X2 Omni,Ecovacs Deebot X2 Omni
q9237f5ff5,Electronics,vinyl record player,generic,vinyl record player,giradischi,Plattenspieler
q5984e4da0,Sporting Goods,heart rate monitor,generic,heart rate monitor amazon,cardiofrequenzimetro amazon,Herzfrequenzmesser amazon
q05fd7b047,Apparel & Accessories,running shoes,branded,Hoka Clifton 9,Hoka Clifton 9,Hoka Clifton 9
q97908a783,Sporting Goods,tennis racket,branded,Head Prestige MP,Head Prestige MP,Head Prestige MP
q4fb3ffe11,Electronics,digital camera,branded,buy Sony ZV-E10,acquista Sony ZV-E10,Sony ZV-E10 kaufen
q497b9557b,Home & Garden,security camera,generic,cheap security camera,telecamera di sicurezza economici,günstiger Sicherheitskamera
q2a8e22a44,Apparel & Accessories,athletic shoes,generic,athletic shoes deals,scarpe sportive occasioni,Sportschuhe schnäppchen
q3f9500bbd,Electronics,phone case,branded,Spigen Tough Armor iPhone 15 offers,Spigen Tough Armor iPhone 15 offerte,Spigen Tough Armor iPhone 15 angebote
q03cada4b2,Electronics,OLED television,branded,buy LG C3 OLED 65,acquista LG C3 OLED 65 pollici,LG C3 OLED 65 Zoll kaufen
q4e504c18b,Electronics,earbuds,branded,Apple AirPods Pro 2 review,Apple AirPods Pro 2 recensione,Apple AirPods Pro 2 test
q4bf93d504,Electronics,in-ear headphones,generic,where to buy in-ear headphones,dove comprare auricolari in-ear,wo In-Ear-Kopfhörer kaufen
q468af97b9,Beauty & Personal Care,nail polish,generic,nail polish under 500,smalto per unghie sotto 500 euro,Nagellack unter 500 euro
q75d5668c4,Electronics,camera lens,generic,camera lens offers,offerte obiettivo fotografico,Kameraobjektiv angebote
qc7fc6add1,Sporting Goods,sports nutrition,generic,sports nutrition online,nutrizione sportiva online,Sportnahrung online
qacce7c9ed,Electronics,VR headset,branded,Apple Vision Pro review,Apple Vision Pro recensione,Apple Vision Pro test
q56f4bb3f7,Electronics,4K television,generic,4K television review,recensione televisore 4K,4K-Fernseher test
q359df7919,Electronics,gaming desk,generic,gaming desk under 100,scrivania gaming sotto 100 euro,Gaming-Schreibtisch unter 100 euro
qba2b4b55d,Sporting Goods,climbing harness,generic,climbing harness under 500,imbrago da arrampicata sotto 500 euro,Klettergurt unter 500 euro
q47e3e6ddb,Electronics,mirrorless camera,generic,mirrorless camera professional,fotocamera mirrorless professionale,professioneller Systemkamera
q3baa01bbb,Sporting Goods,surf board,branded,Firewire Seaside price,Firewire Seaside prezzo,Firewire Seaside preis
q8612e8da9,Electronics,laptop,branded,Dell XPS 15,Dell XPS 15,Dell XPS 15
qbb5a0340e,Apparel & Accessories,cycling shoes,generic,cycling shoes under 500,scarpe da ciclismo sotto 500 euro,Radschuhe unter 500 euro
q26b3c26d3,Electronics,Android tablet,generic,top Android tablet,top tablet Android,top Android-Tablet
qac095cde2,Electronics,noise cancelling headphones,branded,Sony WH-1000XM5 price,Sony WH-1000XM5 prezzo,Sony WH-1000XM5 preis
q7fdf1a925,Electronics,ultrabook,generic,ultrabook professional,ultrabook professionale,professioneller Ultrabook
q8629b597a,Electronics,external hard drive,branded,WD My Passport 2TB offers,WD My Passport 2TB offerte,WD My Passport 2TB angebote
qbffc9449a,Electronics,smartphone,branded,OnePlus 12 price,OnePlus 12 prezzo,OnePlus 12 preis
q1f2353208,Electronics,digital camera,branded,Canon EOS 70D,Canon EOS 70D,Canon EOS 70D
qf3d4f8fc1,Sporting Goods,foam roller,generic,foam roller 2024,foam roller 2024,Schaumstoffrolle 2024
q40721fb3e,Electronics,Bluetooth speaker,generic,top Bluetooth speaker,top speaker Bluetooth,top Bluetooth-Lautsprecher
qaebdcfa75,Electronics,gaming chair,generic,gaming chair rating,valutazione sedia gaming,Gaming-Stuhl bewertung
qc07eac720,Electronics,wireless headphones,branded,Marshall Major V offers,Marshall Major V offerte,Marshall Major V angebote
qf18e3801e,Sporting Goods,treadmill,generic,best value treadmill,tapis roulant miglior rapporto qualità prezzo,bestes preis-leistungs Laufband
q53a929111,Electronics,gaming mouse,generic,buy gaming mouse,acquista mouse gaming,Gaming-Maus kaufen
q43f2540cf,Apparel & Accessories,running shoes,branded,ASICS Gel-Nimbus 26 price,ASICS Gel-Nimbus 26 prezzo,ASICS Gel-Nimbus 26 preis
q4a4db1351,Apparel & Accessories,rain jacket,generic,best rain jacket,migliori giacca impermeabile,bestes Regenjacke
q2e451d6a4,Sporting Goods,protein powder,branded,ON Gold Standard Whey 2kg,ON Gold Standard Whey 2kg,ON Gold Standard Whey 2kg
q4288b2bcb,Beauty & Personal Care,mascara,generic,where to buy mascara,dove comprare mascara,wo Mascara kaufen
q910ef0f83,Home & Garden,air fryer,generic,air fryer sale,friggitrice ad aria saldi,Heißluftfritteuse sale
q6a9319395,Apparel & Accessories,fitness tracker,generic,fitness tracker,fitness tracker,Fitness-Tracker
qa049970a5,Apparel & Accessories,football boots,branded,buy Nike Mercurial Superfly 10,acquista Nike Mercurial Superfly 10,Nike Mercurial Superfly 10 kaufen
q8c68f133b,Apparel & Accessories,compression socks,generic,compression socks under 100,calze a compressione sotto 100 euro,Kompressionssocken unter 100 euro
qb376c5935,Baby & Kids,baby monitor,branded,Motorola Halo+ offers,Motorola Halo+ offerte,Motorola Halo+ angebote
q3a802c101,Sporting Goods,treadmill,generic,treadmill rating,valutazione tapis roulant,Laufband bewertung
qcf0871f3a,Sporting Goods,stand up paddle,generic,stand up paddle deals,stand up paddle occasioni,Stand-Up-Paddle schnäppchen
q68dd641a2,Electronics,Android tablet,generic,best value Android tablet,tablet Android miglior rapporto qualità prezzo,bestes preis-leistungs Android-Tablet
qda0abd177,Sporting Goods,treadmill,branded,buy NordicTrack Commercial 1750,acquista NordicTrack Commercial 1750,NordicTrack Commercial 1750 kaufen
qaae2c397d,Home & Garden,hair dryer,generic,compare hair dryer,confronta asciugacapelli,Haartrockner vergleich
qc488c56c7,Sporting Goods,mountain bike,generic,mountain bike price,prezzo mountain bike,Mountainbike preis
q548b3d3ad,Baby & Kids,LEGO,generic,LEGO deals,LEGO occasioni,LEGO schnäppchen
q990045ef4,Apparel & Accessories,cycling shoes,generic,cycling shoes amazon,scarpe da ciclismo amazon,Radschuhe amazon
q7b7cfb0f7,Baby & Kids,baby monitor,branded,buy Nanit Pro Camera,acquista Nanit Pro Camera,Nanit Pro Camera kaufen
qe111d69e6,Apparel & Accessories,running shoes,branded,Adidas Samba OG review,Adidas Samba OG recensione,Adidas Samba OG test
qabc9086a6,Electronics,phone case,generic,phone case review,recensione custodia per telefono,Handyhülle test
qf110fed29,Sporting Goods,stand up paddle,generic,compare stand up paddle,confronta stand up paddle,Stand-Up-Paddle vergleich
q948b1e2d8,Electronics,digital camera,branded,Nikon Z6 II review,Nikon Z6 II recensione,Nikon Z6 II test
q2b56b1bed,Electronics,phone case,branded,OtterBox Defender iPhone 15 review,OtterBox Defender iPhone 15 recensione,OtterBox Defender iPhone 15 test
q79ef8970d,Electronics,gaming monitor,branded,Samsung Odyssey G7 review,Samsung Odyssey G7 recensione,Samsung Odyssey G7 test
q9bf40ae3c,Sporting Goods,ski boots,generic,ski boots offers,offerte scarponi da sci,Skischuhe angebote
qff17a87d9,Apparel & Accessories,loafers,generic,loafers 2024,mocassini 2024,Loafer 2024
q231c63845,Electronics,wireless headphones,generic,wireless headphones price,prezzo cuffie wireless,Kabellose Kopfhörer preis
q90098b39d,Home & Garden,espresso machine,generic,compare espresso machine,confronta macchina per espresso,Espressomaschine vergleich
q34fd5a712,Home & Garden,coffee machine,branded,De'Longhi Dinamica Plus,De'Longhi Dinamica Plus,De'Longhi Dinamica Plus
qbeeac1558,Beauty & Personal Care,sunscreen SPF 50,generic,best sunscreen SPF 50,migliori crema solare SPF 50,bestes Sonnencreme SPF 50
q2d60bcce3,Sporting Goods,treadmill,branded,Technogym MyRun review,Technogym MyRun recensione,Technogym MyRun test
q3f4d4b6c4,Apparel & Accessories,smartwatch,generic,smartwatch price,prezzo smartwatch,Smartwatch preis
q9bf942b8a,Electronics,streaming device,generic,streaming device online,dispositivo streaming online,Streaming-Gerät online
qeb71f97ae,Sporting Goods,e-bike,branded,Trek Powerfly 5,Trek Powerfly 5,Trek Powerfly 5
q2ab7b7dca,Electronics,gaming laptop,branded,Lenovo Legion 5 Pro,Lenovo Legion 5 Pro,Lenovo Legion 5 Pro
q20d77c197,Home & Garden,robot vacuum cleaner,generic,robot vacuum cleaner offers,offerte aspirapolvere robot,Saugroboter angebote
q5c0d68f9e,Sporting Goods,GPS running watch,generic,GPS running watch price,prezzo orologio GPS corsa,GPS-Laufuhr preis
q31739ce14,Apparel & Accessories,down jacket,generic,down jacket price,prezzo piumino,Daunenjacke preis
q068f2493e,Electronics,drone with camera,branded,DJI Mini 4 Pro,DJI Mini 4 Pro,DJI Mini 4 Pro
q71e22ae77,Apparel & Accessories,hiking boots,branded,Scarpa Zodiac Plus GTX price,Scarpa Zodiac Plus GTX prezzo,Scarpa Zodiac Plus GTX preis
q4acc7fe52,Beauty & Personal Care,lip balm,generic,buy lip balm online,comprare balsamo labbra online,Lippenbalsam online kaufen
q27998e414,Electronics,SSD,generic,buy SSD,acquista SSD,SSD kaufen
q8d8ee9db2,Home & Garden,monitor arm,generic,monitor arm price,prezzo braccio per monitor,Monitorhalterung preis
q743c5d9eb,Electronics,gaming laptop,generic,gaming laptop specs,specifiche laptop da gaming,Gaming-Laptop technische daten
qd57506c0c,Electronics,drone with camera,generic,top drone with camera,top drone con fotocamera,top Drohne mit Kamera
qb83c4a9dc,Electronics,tablet,generic,top tablet,top tablet,top Tablet
q985c8d183,Apparel & Accessories,running shoes,branded,Brooks Ghost 16 offers,Brooks Ghost 16 offerte,Brooks Ghost 16 angebote
q272892ed9,Home & Garden,standing desk,generic,standing desk under 500,scrivania regolabile sotto 500 euro,Höhenverstellbarer Schreibtisch unter 500 euro
qbeff5750e,Electronics,wireless headphones,generic,compare wireless headphones,confronta cuffie wireless,Kabellose Kopfhörer vergleich
qbdc2a7f4a,Electronics,mechanical keyboard,generic,mechanical keyboard under 100,tastiera meccanica sotto 100 euro,Mechanische Tastatur unter 100 euro
q55d210261,Electronics,streaming device,generic,streaming device amazon,dispositivo streaming amazon,Streaming-Gerät amazon
qe59243eab,Home & Garden,air fryer,generic,air fryer under 500,friggitrice ad aria sotto 500 euro,Heißluftfritteuse unter 500 euro
qb67e6486e,Beauty & Personal Care,sunscreen SPF 50,generic,sunscreen SPF 50 rating,valutazione crema solare SPF 50,Sonnencreme SPF 50 bewertung
q489a16fa3,Sporting Goods,protein powder,branded,Optimum Nutrition Gold Standard Whey price,Optimum Nutrition Gold Standard Whey prezzo,Optimum Nutrition Gold Standard Whey preis
qf1e267599,Sporting Goods,exercise bike,branded,Wahoo KICKR Bike offers,Wahoo KICKR Bike offerte,Wahoo KICKR Bike angebote
q34c72c4c0,Electronics,USB hub,generic,buy USB hub,acquista hub USB,USB-Hub kaufen
q15eb7eef6,Home & Garden,robot vacuum cleaner,branded,Dyson 360 Vis Nav offers,Dyson 360 Vis Nav offerte,Dyson 360 Vis Nav angebote
qdc4c06c45,Home & Garden,security camera,generic,security camera under 500,telecamera di sicurezza sotto 500 euro,Sicherheitskamera unter 500 euro
q201c6858f,Apparel & Accessories,sport leggings,generic,sport leggings sale,leggings sportivi saldi,Sport-Leggings sale
q89947a2ce,Home & Garden,air fryer,branded,Cosori Pro LE Air Fryer price,Cosori Pro LE Air Fryer prezzo,Cosori Pro LE Air Fryer preis
q7f9c3d7af,Apparel & Accessories,winter jacket,branded,Arc'teryx Beta AR Jacket offers,Arc'teryx Beta AR Jacket offerte,Arc'teryx Beta AR Jacket angebote
qf5d0d8a9f,Electronics,laptop,branded,HP Spectre x360 offers,HP Spectre x360 offerte,HP Spectre x360 angebote
q33f689faa,Apparel & Accessories,running shoes,branded,buy New Balance 990v6,acquista New Balance 990v6,New Balance 990v6 kaufen
qf6ace42cc,Electronics,gaming controller,branded,Xbox Elite Series 2 review,Xbox Elite Series 2 recensione,Xbox Elite Series 2 test
qa00f81ea2,Baby & Kids,baby monitor,generic,best baby monitor,migliori baby monitor,bestes Babyphone
qbc7b1c399,Electronics,camera lens,branded,Canon RF 50mm f/1.8 STM offers,Canon RF 50mm f/1.8 STM offerte,Canon RF 50mm f/1.8 STM angebote
qdb0768ff6,Home & Garden,electric toothbrush,generic,best value electric toothbrush,spazzolino elettrico miglior rapporto qualità prezzo,bestes preis-leistungs Elektrische Zahnbürste
q16050697c,Electronics,wireless headphones,generic,buy wireless headphones,acquista cuffie wireless,Kabellose Kopfhörer kaufen
q50711dd86,Electronics,smartphone,branded,Xiaomi 14 Ultra price,Xiaomi 14 Ultra prezzo,Xiaomi 14 Ultra preis
qa1a41e014,Apparel & Accessories,smartwatch,branded,Garmin Epix Gen 2 offers,Garmin Epix Gen 2 offerte,Garmin Epix Gen 2 angebote
q94eda11a9,Sporting Goods,football,generic,compare football,confronta pallone da calcio,Fußball vergleich
q6be68a9a8,Electronics,smart TV,generic,smart TV,smart TV,Smart-TV
qca1496e71,Electronics,in-ear headphones,generic,in-ear headphones,auricolari in-ear,In-Ear-Kopfhörer
q14152631a,Electronics,digital camera,generic,where to buy digital camera,dove comprare fotocamera digitale,wo Digitalkamera kaufen
qc2c9ab7b1,Baby & Kids,baby stroller,branded,Chicco Trio Sprint,Chicco Trio Sprint,Chicco Trio Sprint
q40e881562,Electronics,action camera,generic,buy action camera online,comprare action camera online,Action-Kamera online kaufen
q8cd8771c5,Apparel & Accessories,football boots,branded,Adidas Predator Elite,Adidas Predator Elite,Adidas Predator Elite
q75fe3b532,Home & Garden,stand mixer,generic,stand mixer under 100,impastatrice sotto 100 euro,Küchenmaschine unter 100 euro
qf63efef5b,Sporting Goods,resistance bands,generic,best resistance bands,migliori elastici fitness,bestes Fitnessbänder
q13ce8ee31,Baby & Kids,baby monitor,generic,top baby monitor,top baby monitor,top Babyphone
qbcd7ab55c,Baby & Kids,baby monitor,generic,baby monitor,baby monitor,Babyphone
qd65d87a1f,Sporting Goods,tennis racket,branded,Wilson Pro Staff RF97 review,Wilson Pro Staff RF97 recensione,Wilson Pro Staff RF97 test
q2857fc8a4,Home & Garden,electric razor,branded,Philips Series 9000 Prestige,Philips Series 9000 Prestige,Philips Series 9000 Prestige
q8e983ae54,Home & Garden,standing desk,generic,standing desk for beginners,scrivania regolabile per principianti,Höhenverstellbarer Schreibtisch für anfänger
q457f4f5c6,Home & Garden,robot vacuum cleaner,branded,iRobot Roomba j7+,iRobot Roomba j7+,iRobot Roomba j7+
qd128e6353,Apparel & Accessories,backpack,generic,backpack under 100,zaino sotto 100 euro,Rucksack unter 100 euro
q3043a32a0,Apparel & Accessories,smartwatch,generic,cheap smartwatch,smartwatch economici,günstiger Smartwatch
qaae8b133f,Home & Garden,food processor,generic,best value food processor,robot da cucina miglior rapporto qualità prezzo,bestes preis-leistungs Küchenmaschine
q18801b2f1,Electronics,flagship smartphone,generic,flagship smartphone deals,smartphone top di gamma occasioni,Flagship-Smartphone schnäppchen
qea05adac2,Sporting Goods,badminton racket,generic,badminton racket under 500,racchetta da badminton sotto 500 euro,Badmintonschläger unter 500 euro
q9d7e33fdd,Electronics,laptop,branded,Lenovo ThinkPad X1 Carbon,Lenovo ThinkPad X1 Carbon,Lenovo ThinkPad X1 Carbon
q2580fd2b9,Electronics,DAC amplifier,generic,DAC amplifier professional,DAC amplificatore professionale,professioneller DAC Verstärker
qdc86d8ef7,Electronics,DAC amplifier,generic,best value DAC amplifier,DAC amplificatore miglior rapporto qualità prezzo,bestes preis-leistungs DAC Verstärker
qc4c3888b0,Apparel & Accessories,running shoes,generic,running shoes online,scarpe da corsa online,Laufschuhe online
qdeb0c888b,Electronics,4K television,generic,4K television under 100,televisore 4K sotto 100 euro,4K-Fernseher unter 100 euro
qe0a56c8f6,Sporting Goods,cycling helmet,generic,cycling helmet rating,valutazione casco da bici,Fahrradhelm bewertung
q614995437,Electronics,earbuds,generic,buy earbuds online,comprare auricolari online,Ohrstöpsel online kaufen
qd1224f129,Home & Garden,robot vacuum cleaner,branded,Dreame L20 Ultra review,Dreame L20 Ultra recensione,Dreame L20 Ultra test
q2a0a38e0f,Electronics,webcam,branded,Logitech Brio 4K review,Logitech Brio 4K recensione,Logitech Brio 4K test
q40012e9a0,Sporting Goods,kettlebell,generic,kettlebell rating,valutazione kettlebell,Kettlebell bewertung
q196f268df,Home & Garden,office chair,branded,Herman Miller Aeron,Herman Miller Aeron,Herman Miller Aeron
q1228a828b,Home & Garden,vacuum cleaner,generic,where to buy vacuum cleaner,dove comprare aspirapolvere,wo Staubsauger kaufen
q9831b2acb,Electronics,tablet,generic,tablet under 100,tablet sotto 100 euro,Tablet unter 100 euro
qbcd385e35,Sporting Goods,cycling helmet,generic,cycling helmet offers,offerte casco da bici,Fahrradhelm angebote
q566bd4b42,Electronics,gaming mouse,branded,Logitech G Pro X Superlight 2 price,Logitech G Pro X Superlight 2 prezzo,Logitech G Pro X Superlight 2 preis
qe0ca54f52,Electronics,screen protector,generic,screen protector 2024,protezione schermo 2024,Displayschutzfolie 2024
qdaa50f03d,Electronics,memory card,generic,buy memory card,acquista scheda di memoria,Speicherkarte kaufen
qeda5244a6,Baby & Kids,scooter kids,generic,scooter kids amazon,monopattino bambini amazon,Kinderroller amazon
qce6f41e9a,Electronics,flagship smartphone,generic,flagship smartphone 2024,smartphone top di gamma 2024,Flagship-Smartphone 2024
q214b890a5,Sporting Goods,foam roller,generic,best foam roller,migliori foam roller,bestes Schaumstoffrolle
q9dd6c1baa,Electronics,digital camera,generic,digital camera rating,valutazione fotocamera digitale,Digitalkamera bewertung
q4712911ce,Home & Garden,air purifier,generic,compare air purifier,confronta purificatore d'aria,Luftreiniger vergleich
qe675613e3,Home & Garden,humidifier,generic,buy humidifier online,comprare umidificatore online,Luftbefeuchter online kaufen
q19a21eb81,Electronics,business laptop,generic,business laptop rating,valutazione laptop business,Business-Laptop bewertung
qd99d24dd1,Electronics,phone case,generic,phone case price,prezzo custodia per telefono,Handyhülle preis
qf17b6610d,Home & Garden,espresso machine,branded,De'Longhi La Specialista price,De'Longhi La Specialista prezzo,De'Longhi La Specialista preis
qe6c34e8b9,Home & Garden,hair dryer,generic,best value hair dryer,asciugacapelli miglior rapporto qualità prezzo,bestes preis-leistungs Haartrockner
q11dc0be50,Baby & Kids,LEGO,generic,LEGO specs,specifiche LEGO,LEGO technische daten
q487199246,Home & Garden,air purifier,branded,Blueair Blue Pure 311i+ offers,Blueair Blue Pure 311i+ offerte,Blueair Blue Pure 311i+ angebote
q4fb9c2b3c,Sporting Goods,exercise bike,generic,exercise bike for beginners,cyclette per principianti,Heimtrainer für anfänger
q7c08303c8,Electronics,power bank,generic,power bank rating,valutazione power bank,Powerbank bewertung
q81bc05550,Beauty & Personal Care,lip balm,generic,lip balm review,recensione balsamo labbra,Lippenbalsam test
q57c071370,Electronics,laptop,generic,buy laptop,acquista laptop,Laptop kaufen
q558d36813,Apparel & Accessories,football boots,generic,football boots 2024,scarpe da calcio 2024,Fußballschuhe 2024
q1040639da,Electronics,gaming laptop,generic,gaming laptop for beginners,laptop da gaming per principianti,Gaming-Laptop für anfänger
q61f9195cd,Electronics,portable speaker,generic,portable speaker professional,altoparlante portatile professionale,professioneller Portabler Lautsprecher
q99df4ed80,Electronics,gaming console,branded,PlayStation 5 review,PlayStation 5 recensione,PlayStation 5 test
q16b58b0cb,Home & Garden,air fryer,branded,buy Ninja Foodi Dual Zone,acquista Ninja Foodi Dual Zone,Ninja Foodi Dual Zone kaufen
q389501163,Electronics,gaming console,branded,Nintendo Switch OLED,Nintendo Switch OLED,Nintendo Switch OLED
q20aa7b8d0,Electronics,DAC amplifier,generic,DAC amplifier rating,valutazione DAC amplificatore,DAC Verstärker bewertung
q1c38308a6,Electronics,portable speaker,generic,cheap portable speaker,altoparlante portatile economici,günstiger Portabler Lautsprecher
q8bb8601cc,Electronics,SSD,branded,WD Black SN850X offers,WD Black SN850X offerte,WD Black SN850X angebote
qdd978deaf,Apparel & Accessories,running shoes,branded,Hoka Mach 6 price,Hoka Mach 6 prezzo,Hoka Mach 6 preis
qeca015c37,Electronics,drone with camera,generic,cheap drone with camera,drone con fotocamera economici,günstiger Drohne mit Kamera
q2cf5e05f9,Beauty & Personal Care,perfume,branded,Versace Eros offers,Versace Eros offerte,Versace Eros angebote
q47b008d23,Home & Garden,smart thermostat,generic,smart thermostat deals,termostato intelligente occasioni,Smartes Thermostat schnäppchen
q9b29a35dc,Electronics,earbuds,generic,earbuds sale,auricolari saldi,Ohrstöpsel sale
q4c968c52d,Sporting Goods,energy gel,generic,energy gel under 100,gel energetico sotto 100 euro,Energiegel unter 100 euro
qc3f4dbdd2,Sporting Goods,foam roller,generic,compare foam roller,confronta foam roller,Schaumstoffrolle vergleich
q13639e17c,Electronics,digital camera,generic,digital camera for beginners,fotocamera digitale per principianti,Digitalkamera für anfänger
q49a883025,Sporting Goods,cycling helmet,generic,top cycling helmet,top casco da bici,top Fahrradhelm
qa1e25f8eb,Home & Garden,vacuum cleaner,generic,vacuum cleaner 2024,aspirapolvere 2024,Staubsauger 2024
q3ef53ec32,Home & Garden,air fryer,generic,buy air fryer online,comprare friggitrice ad aria online,Heißluftfritteuse online kaufen
qd88d11eef,Electronics,instant camera,generic,instant camera for beginners,fotocamera istantanea per principianti,Sofortbildkamera für anfänger
qbda790e3b,Home & Garden,office chair,generic,best office chair,migliori sedia da ufficio,bestes Bürostuhl
q8aed280e4,Electronics,gaming mouse,branded,Razer DeathAdder V3 offers,Razer DeathAdder V3 offerte,Razer DeathAdder V3 angebote
q87491f2d2,Beauty & Personal Care,perfume,generic,perfume for beginners,profumo per principianti,Parfüm für anfänger
q8fe4bb3bc,Electronics,VR headset,generic,buy VR headset online,comprare visore VR online,VR-Headset online kaufen
qd193c403c,Electronics,external hard drive,generic,cheap external hard drive,hard disk esterno economici,günstiger Externe Festplatte
q9509ceefc,Sporting Goods,exercise bike,generic,exercise bike amazon,cyclette amazon,Heimtrainer amazon
q373d724e1,Apparel & Accessories,loafers,generic,buy loafers online,comprare mocassini online,Loafer online kaufen
q278b4ace3,Electronics,soundbar,branded,LG SP9YA price,LG SP9YA prezzo,LG SP9YA preis
q186d94bbf,Home & Garden,security camera,branded,Arlo Pro 5S review,Arlo Pro 5S recensione,Arlo Pro 5S test
q25114fc24,Home & Garden,capsule coffee machine,generic,best value capsule coffee machine,macchina caffè capsule miglior rapporto qualità prezzo,bestes preis-leistungs Kapselkaffeemaschine
qfc6d7bd34,Electronics,laptop,branded,MacBook Air M2,MacBook Air M2,MacBook Air M2
q6044f3bb6,Electronics,soundbar,branded,buy LG SP9YA,acquista LG SP9YA,LG SP9YA kaufen
qc6d423a6e,Baby & Kids,car seat,branded,Cybex Sirona S2 i-Size review,Cybex Sirona S2 i-Size recensione,Cybex Sirona S2 i-Size test
qe1d54c35a,Electronics,camera lens,generic,camera lens under 100,obiettivo fotografico sotto 100 euro,Kameraobjektiv unter 100 euro
q7d14abf77,Electronics,soundbar,branded,Samsung HW-Q990C price,Samsung HW-Q990C prezzo,Samsung HW-Q990C preis
qc1d3fe852,Electronics,streaming device,generic,streaming device deals,dispositivo streaming occasioni,Streaming-Gerät schnäppchen
qdea14fa6c,Electronics,action camera,generic,top action camera,top action camera,top Action-Kamera
qde07690e0,Electronics,external hard drive,generic,buy external hard drive online,comprare hard disk esterno online,Externe Festplatte online kaufen
q585bfa3f6,Electronics,ultrabook,generic,ultrabook price,prezzo ultrabook,Ultrabook preis
q9c6a823c2,Sporting Goods,exercise bike,generic,exercise bike online,cyclette online,Heimtrainer online
q5babf5afd,Home & Garden,capsule coffee machine,branded,buy Dolce Gusto Infinissima,acquista Dolce Gusto Infinissima,Dolce Gusto Infinissima kaufen
qc8c00ef8f,Apparel & Accessories,boots,generic,boots under 100,stivali sotto 100 euro,Stiefel unter 100 euro
q5956e4f58,Sporting Goods,exercise bike,generic,exercise bike offers,offerte cyclette,Heimtrainer angebote
q345d9c09a,Home & Garden,vacuum cleaner,generic,best value vacuum cleaner,aspirapolvere miglior rapporto qualità prezzo,bestes preis-leistungs Staubsauger
q83d25e9a9,Electronics,USB hub,generic,USB hub 2024,hub USB 2024,USB-Hub 2024
q59a9e1838,Apparel & Accessories,sport leggings,generic,sport leggings,leggings sportivi,Sport-Leggings
q546e6ab65,Electronics,digital camera,generic,digital camera sale,fotocamera digitale saldi,Digitalkamera sale
q22ea696e4,Electronics,wireless charger,generic,wireless charger under 500,caricatore wireless sotto 500 euro,Kabelloses Ladegerät unter 500 euro
q8612f5a88,Electronics,gaming console,generic,gaming console for beginners,console di gioco per principianti,Spielkonsole für anfänger
q6a3c1db74,Electronics,OLED television,generic,buy OLED television,acquista televisore OLED,OLED-Fernseher kaufen
q8f97f25cc,Electronics,Bluetooth speaker,branded,buy JBL Flip 6,acquista JBL Flip 6,JBL Flip 6 kaufen
q945348a47,Electronics,gaming headset,generic,gaming headset review,recensione headset gaming,Gaming-Headset test
q27b42c84a,Apparel & Accessories,running shoes,branded,New Balance Fresh Foam 1080 review,New Balance Fresh Foam 1080 recensione,New Balance Fresh Foam 1080 test
qfb5c16de6,Electronics,earbuds,branded,buy Soundcore Liberty 4 NC,acquista Soundcore Liberty 4 NC,Soundcore Liberty 4 NC kaufen
qcd88bd25b,Apparel & Accessories,running shoes,branded,On Cloud 5,On Cloud 5,On Cloud 5
q46383cbc9,Baby & Kids,LEGO,generic,LEGO offers,offerte LEGO,LEGO angebote
qf9df3d98b,Electronics,mechanical keyboard,generic,mechanical keyboard price,prezzo tastiera meccanica,Mechanische Tastatur preis
q50cd57945,Baby & Kids,children bicycle,branded,Frog Bikes 52 price,Frog Bikes 52 prezzo,Frog Bikes 52 preis
qdd67f45c2,Apparel & Accessories,cycling shoes,generic,cycling shoes,scarpe da ciclismo,Radschuhe
q6ea42b12a,Sporting Goods,energy gel,generic,compare energy gel,confronta gel energetico,Energiegel vergleich
q60cd10c8c,Home & Garden,smart thermostat,branded,buy Google Nest Learning Thermostat,acquista Google Nest Termostato,Google Nest Thermostat kaufen
qd2a1228a2,Electronics,SSD,generic,SSD review,recensione SSD,SSD test
q9a1e8ff82,Sporting Goods,swimming goggles,generic,cheap swimming goggles,occhialini da nuoto economici,günstiger Schwimmbrille
q1aa231289,Electronics,Bluetooth speaker,branded,JBL Charge 5 review,JBL Charge 5 recensione,JBL Charge 5 test
q848efdc1b,Sporting Goods,mountain bike,generic,mountain bike deals,mountain bike occasioni,Mountainbike schnäppchen
q4389435a8,Electronics,smartphone,branded,iPhone 16 review,iPhone 16 recensione,iPhone 16 test
q88227bf08,Home & Garden,electric toothbrush,generic,electric toothbrush review,recensione spazzolino elettrico,Elektrische Zahnbürste test
qd3d19ff7e,Home & Garden,air fryer,generic,compare air fryer,confronta friggitrice ad aria,Heißluftfritteuse vergleich
qcb44fcecf,Electronics,digital camera,branded,Sony A7 IV review,Sony A7 IV recensione,Sony A7 IV test
qd6d356b97,Home & Garden,electric toothbrush,generic,electric toothbrush for beginners,spazzolino elettrico per principianti,Elektrische Zahnbürste für anfänger
q4247a4404,Baby & Kids,baby stroller,generic,baby stroller specs,specifiche passeggino,Kinderwagen technische daten
qc958d54a4,Beauty & Personal Care,perfume,generic,perfume rating,valutazione profumo,Parfüm bewertung
qc81087f8d,Electronics,power bank,generic,best value power bank,power bank miglior rapporto qualità prezzo,bestes preis-leistungs Powerbank
q4240f210a,Home & Garden,standing desk,generic,compare standing desk,confronta scrivania regolabile,Höhenverstellbarer Schreibtisch vergleich
q12509634f,Electronics,projector,generic,projector price,prezzo proiettore,Beamer preis
qdb1d6aa61,Electronics,Android tablet,generic,Android tablet deals,tablet Android occasioni,Android-Tablet schnäppchen
q8dac695a0,Sporting Goods,camping tent,generic,camping tent professional,tenda da campeggio professionale,professioneller Campingzelt
q003543cb4,Apparel & Accessories,sunglasses,branded,Ray-Ban Wayfarer price,Ray-Ban Wayfarer prezzo,Ray-Ban Wayfarer preis
qa29e5a894,Electronics,SSD,generic,SSD specs,specifiche SSD,SSD technische daten
qabe28dfa0,Electronics,instant camera,generic,instant camera amazon,fotocamera istantanea amazon,Sofortbildkamera amazon
qc5a9ddd23,Electronics,phone case,generic,phone case for beginners,custodia per telefono per principianti,Handyhülle für anfänger
q1998285d1,Apparel & Accessories,loafers,generic,loafers review,recensione mocassini,Loafer test
qb149a66fd,Apparel & Accessories,winter jacket,generic,winter jacket rating,valutazione giacca invernale,Winterjacke bewertung
q229c650ed,Sporting Goods,swimming goggles,generic,swimming goggles 2024,occhialini da nuoto 2024,Schwimmbrille 2024
q955e5d5c7,Apparel & Accessories,sport leggings,generic,sport leggings offers,offerte leggings sportivi,Sport-Leggings angebote
qe851f578c,Apparel & Accessories,running shoes,branded,New Balance 574 review,New Balance 574 recensione,New Balance 574 test
qb9302d45e,Home & Garden,blender,branded,KitchenAid K400 offers,KitchenAid K400 offerte,KitchenAid K400 angebote
q83d7db79f,Home & Garden,capsule coffee machine,generic,capsule coffee machine review,recensione macchina caffè capsule,Kapselkaffeemaschine test
qb371dee4a,Beauty & Personal Care,sunscreen SPF 50,generic,compare sunscreen SPF 50,confronta crema solare SPF 50,Sonnencreme SPF 50 vergleich
qacdbdfadd,Home & Garden,monitor arm,generic,monitor arm review,recensione braccio per monitor,Monitorhalterung test
qe45cddc51,Electronics,projector,generic,projector sale,proiettore saldi,Beamer sale
q64d353610,Electronics,budget smartphone,generic,budget smartphone professional,smartphone economico professionale,professioneller Günstiges Smartphone
q4427ef552,Sporting Goods,yoga mat,branded,Lululemon The Mat 5mm review,Lululemon The Mat 5mm recensione,Lululemon The Mat 5mm test
qc3333e5b3,Electronics,digital camera,generic,digital camera 2024,fotocamera digitale 2024,Digitalkamera 2024
q2d7f4d3a6,Apparel & Accessories,rain jacket,generic,rain jacket for beginners,giacca impermeabile per principianti,Regenjacke für anfänger
qe77e3f69e,Home & Garden,hair straightener,generic,hair straightener specs,specifiche piastra per capelli,Haarglätter technische daten
q66f2a814c,Electronics,earbuds,branded,Google Pixel Buds Pro offers,Google Pixel Buds Pro offerte,Google Pixel Buds Pro angebote
q851921bfc,Apparel & Accessories,running shoes,branded,Mizuno Wave Rider 27 offers,Mizuno Wave Rider 27 offerte,Mizuno Wave Rider 27 angebote
qe730d6454,Apparel & Accessories,running shoes,branded,New Balance FuelCell SuperComp Elite v4 price,New Balance FuelCell SuperComp Elite v4 prezzo,New Balance FuelCell SuperComp Elite v4 preis
q0101de980,Sporting Goods,camping tent,generic,camping tent for beginners,tenda da campeggio per principianti,Campingzelt für anfänger
q8b1885082,Home & Garden,electric toothbrush,branded,Philips Sonicare DiamondClean,Philips Sonicare DiamondClean,Philips Sonicare DiamondClean
qa678f6a0d,Home & Garden,coffee machine,branded,De'Longhi Magnifica Evo price,De'Longhi Magnifica Evo prezzo,De'Longhi Magnifica Evo preis
q75f080633,Electronics,gaming chair,generic,top gaming chair,top sedia gaming,top Gaming-Stuhl
qbd628e8e5,Beauty & Personal Care,face moisturiser,generic,face moisturiser price,prezzo crema idratante viso,Gesichtscreme preis
qb2c56b21a,Electronics,wireless charger,generic,wireless charger,caricatore wireless,Kabelloses Ladegerät
q2a90c6051,Electronics,monitor,generic,where to buy monitor,dove comprare monitor,wo Monitor kaufen
q4cb8fa5a9,Electronics,gaming controller,generic,gaming controller 2024,controller gaming 2024,Gaming-Controller 2024
q1e9ab7bb7,Sporting Goods,e-bike,branded,Bosch eBike review,E-Bike Bosch recensione,Bosch E-Bike test
q0c4f93655,Beauty & Personal Care,foundation makeup,generic,foundation makeup sale,fondotinta saldi,Foundation sale
qcd579abdb,Home & Garden,electric razor,generic,electric razor for beginners,rasoio elettrico per principianti,Elektrorasierer für anfänger
qd914c6610,Apparel & Accessories,sport leggings,generic,sport leggings for beginners,leggings sportivi per principianti,Sport-Leggings für anfänger
q005a8250b,Home & Garden,robot vacuum cleaner,branded,Roborock S8 Pro Ultra review,Roborock S8 Pro Ultra recensione,Roborock S8 Pro Ultra test
qcc260b34e,Sporting Goods,stand up paddle,generic,buy stand up paddle online,comprare stand up paddle online,Stand-Up-Paddle online kaufen
q611ceb7c0,Home & Garden,vacuum cleaner,generic,vacuum cleaner rating,valutazione aspirapolvere,Staubsauger bewertung
qe24b5f3d6,Apparel & Accessories,sport leggings,generic,best value sport leggings,leggings sportivi miglior rapporto qualità prezzo,bestes preis-leistungs Sport-Leggings
q845fc3b3a,Home & Garden,instant pot,generic,buy instant pot,acquista pentola a pressione,Schnellkochtopf kaufen
q704b1c4c5,Electronics,gaming console,generic,gaming console sale,console di gioco saldi,Spielkonsole sale
qe0281292d,Apparel & Accessories,cycling shoes,generic,cycling shoes 2024,scarpe da ciclismo 2024,Radschuhe 2024
q8b4554144,Apparel & Accessories,compression socks,generic,compression socks professional,calze a compressione professionale,professioneller Kompressionssocken
q8ec16c59e,Electronics,action camera,generic,action camera for beginners,action camera per principianti,Action-Kamera für anfänger
q613568b28,Apparel & Accessories,football boots,generic,football boots sale,scarpe da calcio saldi,Fußballschuhe sale
q6a515f015,Baby & Kids,baby monitor,branded,Motorola Halo+ price,Motorola Halo+ prezzo,Motorola Halo+ preis
qc8e7b2e26,Sporting Goods,yoga mat,generic,yoga mat price,prezzo tappetino yoga,Yogamatte preis
qc9ac50fcc,Apparel & Accessories,hiking boots,generic,best hiking boots,migliori scarpe da trekking,bestes Wanderstiefel
q6ac33c462,Apparel & Accessories,sports bag,generic,sports bag,borsa sportiva,Sporttasche
q9c42de3c6,Electronics,Bluetooth speaker,generic,Bluetooth speaker price,prezzo speaker Bluetooth,Bluetooth-Lautsprecher preis
q6e49c5f2c,Electronics,digital camera,branded,Sony A7R V,Sony A7R V,Sony A7R V
qd7e949fe3,Sporting Goods,stand up paddle,generic,buy stand up paddle,acquista stand up paddle,Stand-Up-Paddle kaufen
q8f79e6234,Baby & Kids,baby stroller,generic,baby stroller amazon,passeggino amazon,Kinderwagen amazon
q77a900c95,Apparel & Accessories,smartwatch,branded,Apple Watch Series 9 review,Apple Watch Serie 9 recensione,Apple Watch Series 9 test
q9b6d2d22c,Home & Garden,smart doorbell,branded,Google Nest Doorbell review,Google Nest Doorbell recensione,Google Nest Doorbell test
q7716c305a,Apparel & Accessories,athletic shoes,generic,athletic shoes online,scarpe sportive online,Sportschuhe online
q484698483,Apparel & Accessories,loafers,generic,loafers for beginners,mocassini per principianti,Loafer für anfänger
qc819a7ebc,Baby & Kids,scooter kids,generic,buy scooter kids,acquista monopattino bambini,Kinderroller kaufen
q153ac2ce2,Sporting Goods,ski helmet,generic,buy ski helmet,acquista casco da sci,Skihelm kaufen
q2db81e225,Electronics,soundbar,generic,soundbar review,recensione soundbar,Soundbar test
q3086a9810,Electronics,gaming chair,generic,gaming chair under 500,sedia gaming sotto 500 euro,Gaming-Stuhl unter 500 euro
q17e84b611,Apparel & Accessories,running shoes,branded,Nike Air Force 1 price,Nike Air Force 1 prezzo,Nike Air Force 1 preis
qaec250ca9,Apparel & Accessories,smartwatch,branded,buy Samsung Galaxy Watch 6,acquista Samsung Galaxy Watch 6,Samsung Galaxy Watch 6 kaufen
q489b0b05a,Sporting Goods,resistance bands,generic,buy resistance bands,acquista elastici fitness,Fitnessbänder kaufen
qb7ce41618,Sporting Goods,exercise bike,branded,buy Peloton Bike+,acquista Peloton Bike+,Peloton Bike+ kaufen
qd8d08ab87,Home & Garden,smart lighting,generic,smart lighting amazon,illuminazione smart amazon,Smarte Beleuchtung amazon
qe295a3aff,Sporting Goods,resistance bands,generic,cheap resistance bands,elastici fitness economici,günstiger Fitnessbänder
q4c0890662,Sporting Goods,foam roller,generic,foam roller professional,foam roller professionale,professioneller Schaumstoffrolle
q045221688,Home & Garden,capsule coffee machine,branded,Nespresso Essenza Mini offers,Nespresso Essenza Mini offerte,Nespresso Essenza Mini angebote
qae04a97fb,Home & Garden,electric toothbrush,branded,buy Oral-B iO Series 9,acquista Oral-B iO Series 9,Oral-B iO Series 9 kaufen
q83b80ce63,Electronics,DSLR camera,generic,DSLR camera under 100,reflex digitale sotto 100 euro,Spiegelreflexkamera unter 100 euro
qffd196d0a,Electronics,streaming device,branded,Amazon Fire TV Stick 4K price,Amazon Fire TV Stick 4K prezzo,Amazon Fire TV Stick 4K preis
q6cbeff723,Baby & Kids,LEGO,generic,top LEGO,top LEGO,top LEGO
qffba6c01f,Sporting Goods,sports nutrition,generic,where to buy sports nutrition,dove comprare nutrizione sportiva,wo Sportnahrung kaufen
q2d33022f3,Baby & Kids,scooter kids,generic,scooter kids deals,monopattino bambini occasioni,Kinderroller schnäppchen
q2207a3a30,Apparel & Accessories,down jacket,generic,cheap down jacket,piumino economici,günstiger Daunenjacke
q56553f3d4,Home & Garden,hair straightener,branded,buy Dyson Corrale,acquista Dyson Corrale,Dyson Corrale kaufen
q94cd7926b,Apparel & Accessories,sunglasses,generic,sunglasses deals,occhiali da sole occasioni,Sonnenbrille schnäppchen
q330fc930b,Electronics,Bluetooth speaker,generic,Bluetooth speaker amazon,speaker Bluetooth amazon,Bluetooth-Lautsprecher amazon
qa79f85559,Baby & Kids,toys,generic,compare toys,confronta giocattoli,Spielzeug vergleich
qc997dd759,Apparel & Accessories,football boots,generic,football boots rating,valutazione scarpe da calcio,Fußballschuhe bewertung
q93281c102,Electronics,gaming console,branded,PlayStation 5 offers,PlayStation 5 offerte,PlayStation 5 angebote
q7fc6d61d2,Electronics,smartphone,generic,smartphone amazon,smartphone amazon,Smartphone amazon
qe2ea7493a,Apparel & Accessories,sport shorts,generic,top sport shorts,top pantaloncini sportivi,top Sporthose
q3e5e47260,Electronics,gaming headset,generic,gaming headset specs,specifiche headset gaming,Gaming-Headset technische daten
qec27462df,Electronics,camera bag,generic,compare camera bag,confronta borsa per fotocamera,Kameratasche vergleich
q2d7eabc15,Apparel & Accessories,smartwatch,branded,Samsung Galaxy Watch 6 price,Samsung Galaxy Watch 6 prezzo,Samsung Galaxy Watch 6 preis
q69baf901d,Electronics,streaming device,branded,Google Chromecast 4K review,Google Chromecast 4K recensione,Google Chromecast 4K test
q9cb7ea0a3,Home & Garden,vacuum cleaner,branded,Dyson V12 Detect Slim price,Dyson V12 Detect Slim prezzo,Dyson V12 Detect Slim preis
qac8acdef8,Baby & Kids,children bicycle,generic,children bicycle under 100,bicicletta bambini sotto 100 euro,Kinderfahrrad unter 100 euro
q66fb8c4c4,Apparel & Accessories,running shoes,branded,On Cloud 5 price,On Cloud 5 prezzo,On Cloud 5 preis
qd0a389070,Electronics,webcam,branded,Logitech Brio 4K,Logitech Brio 4K,Logitech Brio 4K
q8db720c96,Electronics,power bank,generic,power bank for beginners,power bank per principianti,Powerbank für anfänger
q883abbd6e,Electronics,ultrabook,generic,compare ultrabook,confronta ultrabook,Ultrabook vergleich
q43689ab7d,Electronics,memory card,generic,memory card deals,scheda di memoria occasioni,Speicherkarte schnäppchen
qba31dff8c,Electronics,webcam,generic,where to buy webcam,dove comprare webcam,wo Webcam kaufen
qd79cd7584,Electronics,Bluetooth speaker,branded,Bose SoundLink Flex offers,Bose SoundLink Flex offerte,Bose SoundLink Flex angebote
q8ea6befdc,Apparel & Accessories,winter jacket,generic,best value winter jacket,giacca invernale miglior rapporto qualità prezzo,bestes preis-leistungs Winterjacke
q748a3608e,Sporting Goods,e-bike,generic,best value e-bike,bici elettrica miglior rapporto qualità prezzo,bestes preis-leistungs E-Bike
qca7a7bf74,Electronics,earbuds,branded,buy Bose QuietComfort Earbuds II,acquista Bose QuietComfort Earbuds II,Bose QuietComfort Earbuds II kaufen
q094e4455e,Beauty & Personal Care,foundation makeup,generic,foundation makeup for beginners,fondotinta per principianti,Foundation für anfänger
qc19e1852f,Electronics,USB hub,generic,USB hub deals,hub USB occasioni,USB-Hub schnäppchen
qc68713e94,Apparel & Accessories,backpack,generic,cheap backpack,zaino economici,günstiger Rucksack
q95c54a846,Apparel & Accessories,cycling shoes,generic,cycling shoes online,scarpe da ciclismo online,Radschuhe online
qfa9ab611d,Baby & Kids,car seat,branded,Maxi-Cosi Pebble 360 price,Maxi-Cosi Pebble 360 prezzo,Maxi-Cosi Pebble 360 preis
qfdb1e9463,Home & Garden,electric razor,generic,best value electric razor,rasoio elettrico miglior rapporto qualità prezzo,bestes preis-leistungs Elektrorasierer
q574f358ce,Apparel & Accessories,running shoes,branded,Nike Air Max 90 price,Nike Air Max 90 prezzo,Nike Air Max 90 preis
qc078e13e1,Electronics,portable speaker,generic,portable speaker rating,valutazione altoparlante portatile,Portabler Lautsprecher bewertung
q93486e273,Apparel & Accessories,running shoes,branded,ASICS Gel-Cumulus 26 offers,ASICS Gel-Cumulus 26 offerte,ASICS Gel-Cumulus 26 angebote
q938d7f818,Electronics,USB hub,generic,best value USB hub,hub USB miglior rapporto qualità prezzo,bestes preis-leistungs USB-Hub
qa85277b1e,Electronics,digital camera,branded,Canon EOS R5 review,Canon EOS R5 recensione,Canon EOS R5 test
q62b477a57,Electronics,power bank,generic,power bank,power bank,Powerbank
q4fb6797ac,Sporting Goods,badminton racket,generic,badminton racket online,racchetta da badminton online,Badmintonschläger online
q0707118f5,Sporting Goods,road bike,branded,buy Specialized Allez,acquista Specialized Allez,Specialized Allez kaufen
q5cd280f59,Beauty & Personal Care,perfume,generic,perfume review,recensione profumo,Parfüm test
qf83e363fc,Electronics,power bank,branded,buy Belkin BPB011,acquista Belkin BPB011,Belkin BPB011 kaufen
q0fe1aa863,Home & Garden,capsule coffee machine,branded,Dolce Gusto Infinissima review,Dolce Gusto Infinissima recensione,Dolce Gusto Infinissima test
qa5c8894f7,Sporting Goods,kettlebell,generic,kettlebell,kettlebell,Kettlebell
qda52f70b2,Apparel & Accessories,backpack,generic,where to buy backpack,dove comprare zaino,wo Rucksack kaufen
q2bdb9df5f,Apparel & Accessories,sunglasses,generic,top sunglasses,top occhiali da sole,top Sonnenbrille
qe32f591b0,Sporting Goods,cycling helmet,generic,cycling helmet deals,casco da bici occasioni,Fahrradhelm schnäppchen
q5ef0814f1,Electronics,soundbar,generic,soundbar,soundbar,Soundbar
q7dae8fc13,Apparel & Accessories,running shoes,branded,buy Hoka Clifton 9,acquista Hoka Clifton 9,Hoka Clifton 9 kaufen
qd8c6f9429,Baby & Kids,LEGO,generic,LEGO professional,LEGO professionale,professioneller LEGO
q9eb5c5644,Apparel & Accessories,running watch,generic,cheap running watch,orologio da corsa economici,günstiger Laufuhr
qd64344e79,Baby & Kids,baby monitor,generic,baby monitor under 500,baby monitor sotto 500 euro,Babyphone unter 500 euro
q6ebe584d8,Electronics,instant camera,generic,instant camera professional,fotocamera istantanea professionale,professioneller Sofortbildkamera
q32ef0989f,Home & Garden,smart thermostat,generic,smart thermostat amazon,termostato intelligente amazon,Smartes Thermostat amazon
q81c0ffcb1,Apparel & Accessories,athletic shoes,generic,athletic shoes professional,scarpe sportive professionale,professioneller Sportschuhe
q79699f396,Electronics,iPad,generic,iPad rating,valutazione iPad,iPad bewertung
q52741129f,Electronics,action camera,generic,where to buy action camera,dove comprare action camera,wo Action-Kamera kaufen
q1fa441cc4,Apparel & Accessories,running shoes,branded,buy Hoka Bondi 8,acquista Hoka Bondi 8,Hoka Bondi 8 kaufen
q478e12e5d,Electronics,ultrabook,generic,ultrabook offers,offerte ultrabook,Ultrabook angebote
qa1ee28270,Apparel & Accessories,backpack,branded,Osprey Atmos AG 65,Osprey Atmos AG 65,Osprey Atmos AG 65
q782d1c6bb,Home & Garden,coffee machine,generic,cheap coffee machine,macchina del caffè economici,günstiger Kaffeemaschine
qd001f9b3f,Electronics,smartphone,branded,buy Samsung Galaxy S25,acquista Samsung Galaxy S25,Samsung Galaxy S25 kaufen
qe08230546,Baby & Kids,baby monitor,generic,baby monitor price,prezzo baby monitor,Babyphone preis
q503454005,Baby & Kids,scooter kids,generic,best scooter kids,migliori monopattino bambini,bestes Kinderroller
qd6089629d,Sporting Goods,treadmill,branded,NordicTrack Commercial 1750 review,NordicTrack Commercial 1750 recensione,NordicTrack Commercial 1750 test
q9183b98e2,Electronics,portable speaker,generic,where to buy portable speaker,dove comprare altoparlante portatile,wo Portabler Lautsprecher kaufen
q8ea6470b6,Sporting Goods,pull-up bar,generic,pull-up bar online,sbarra per trazioni online,Klimmzugstange online
qbaab4cd2b,Apparel & Accessories,sneakers,generic,buy sneakers,acquista sneakers,Sneaker kaufen
qfd24cfd57,Baby & Kids,toys,generic,toys offers,offerte giocattoli,Spielzeug angebote
qe00b1ad01,Home & Garden,blender,generic,blender 2024,frullatore 2024,Mixer 2024
q2db5992d7,Baby & Kids,toys,generic,best value toys,giocattoli miglior rapporto qualità prezzo,bestes preis-leistungs Spielzeug
qa3e2e13d3,Apparel & Accessories,hiking boots,generic,hiking boots price,prezzo scarpe da trekking,Wanderstiefel preis
qcfc4dbe5f,Apparel & Accessories,polo shirt,generic,polo shirt under 100,polo sotto 100 euro,Poloshirt unter 100 euro
qd4bd99780,Electronics,VR headset,branded,Meta Quest 3,Meta Quest 3,Meta Quest 3
qf44ccb020,Apparel & Accessories,rain jacket,generic,rain jacket review,recensione giacca impermeabile,Regenjacke test
q519f9820e,Electronics,portable speaker,generic,portable speaker under 500,altoparlante portatile sotto 500 euro,Portabler Lautsprecher unter 500 euro
qbf66dd44b,Electronics,gaming desk,generic,compare gaming desk,confronta scrivania gaming,Gaming-Schreibtisch vergleich
q65f1946ba,Apparel & Accessories,smartwatch,branded,Apple Watch Ultra 2 offers,Apple Watch Ultra 2 offerte,Apple Watch Ultra 2 angebote
qba8d2a701,Electronics,power bank,generic,power bank professional,power bank professionale,professioneller Powerbank
qaa7b6c1ca,Electronics,gaming chair,generic,cheap gaming chair,sedia gaming economici,günstiger Gaming-Stuhl
q50584fa75,Apparel & Accessories,athletic shoes,generic,athletic shoes amazon,scarpe sportive amazon,Sportschuhe amazon
qcef71c3d1,Home & Garden,smart thermostat,generic,smart thermostat price,prezzo termostato intelligente,Smartes Thermostat preis
q6df9c3a90,Baby & Kids,baby monitor,generic,baby monitor for beginners,baby monitor per principianti,Babyphone für anfänger
qe41a75c12,Baby & Kids,toys,generic,toys review,recensione giocattoli,Spielzeug test
q6ad241738,Home & Garden,smart thermostat,generic,best smart thermostat,migliori termostato intelligente,bestes Smartes Thermostat
q2faefe89e,Home & Garden,standing desk,branded,buy Uplift V2,acquista Uplift V2,Uplift V2 kaufen
q54230cbcc,Electronics,tablet,generic,tablet price,prezzo tablet,Tablet preis
q895dfd25b,Electronics,tablet,branded,Samsung Galaxy Tab S9 price,Samsung Galaxy Tab S9 prezzo,Samsung Galaxy Tab S9 preis
q034a8c09a,Electronics,USB hub,generic,USB hub professional,hub USB professionale,professioneller USB-Hub
q485f472bd,Electronics,power bank,generic,power bank amazon,power bank amazon,Powerbank amazon
q9feeaaef3,Electronics,digital camera,branded,Panasonic Lumix S5 II offers,Panasonic Lumix S5 II offerte,Panasonic Lumix S5 II angebote
qae6ca597e,Electronics,in-ear headphones,generic,in-ear headphones under 500,auricolari in-ear sotto 500 euro,In-Ear-Kopfhörer unter 500 euro
qfa6e0af2e,Home & Garden,capsule coffee machine,generic,capsule coffee machine under 500,macchina caffè capsule sotto 500 euro,Kapselkaffeemaschine unter 500 euro
q20a6baa9c,Home & Garden,smart lighting,generic,buy smart lighting online,comprare illuminazione smart online,Smarte Beleuchtung online kaufen
qa314ea228,Apparel & Accessories,athletic shoes,generic,where to buy athletic shoes,dove comprare scarpe sportive,wo Sportschuhe kaufen
qd75119c58,Electronics,flagship smartphone,generic,flagship smartphone for beginners,smartphone top di gamma per principianti,Flagship-Smartphone für anfänger
q43cbb334a,Electronics,gaming controller,branded,Xbox Elite Series 2 offers,Xbox Elite Series 2 offerte,Xbox Elite Series 2 angebote
q0e1badefe,Electronics,drone with camera,generic,drone with camera 2024,drone con fotocamera 2024,Drohne mit Kamera 2024
q2c4b416fc,Electronics,smart TV,generic,smart TV for beginners,smart TV per principianti,Smart-TV für anfänger
q6b210bc48,Home & Garden,smart thermostat,generic,smart thermostat online,termostato intelligente online,Smartes Thermostat online
q79db091cf,Electronics,gaming controller,branded,Xbox Elite Series 2,Xbox Elite Series 2,Xbox Elite Series 2
q2f9388b33,Electronics,gaming controller,generic,gaming controller review,recensione controller gaming,Gaming-Controller test
q6f4acbbd9,Beauty & Personal Care,mascara,generic,top mascara,top mascara,top Mascara
q75c273b40,Apparel & Accessories,running shoes,branded,buy Nike Air Max 90,acquista Nike Air Max 90,Nike Air Max 90 kaufen
q1f19e2916,Electronics,smartphone,branded,Nothing Phone 2a review,Nothing Phone 2a recensione,Nothing Phone 2a test
qb02cd303c,Electronics,tablet,generic,tablet rating,valutazione tablet,Tablet bewertung
q25a210947,Home & Garden,security camera,branded,Arlo Pro 5S,Arlo Pro 5S,Arlo Pro 5S
q03cd84629,Electronics,monitor,generic,monitor specs,specifiche monitor,Monitor technische daten
q29752a2b4,Apparel & Accessories,sandals,generic,sandals rating,valutazione sandali,Sandalen bewertung
q1e002a2dc,Electronics,budget smartphone,generic,budget smartphone,smartphone economico,Günstiges Smartphone
q3238dbe2b,Home & Garden,stand mixer,generic,stand mixer sale,impastatrice saldi,Küchenmaschine sale
q58578d1df,Beauty & Personal Care,foundation makeup,generic,foundation makeup review,recensione fondotinta,Foundation test
qc90f3ffb4,Home & Garden,standing desk,branded,Uplift V2 offers,Uplift V2 offerte,Uplift V2 angebote
q0471dcc5d,Apparel & Accessories,running shoes,branded,On Cloudmonster review,On Cloudmonster recensione,On Cloudmonster test
qb8e40bec0,Electronics,earbuds,generic,earbuds amazon,auricolari amazon,Ohrstöpsel amazon
q181415ea0,Apparel & Accessories,hiking boots,branded,Scarpa Zodiac Plus GTX offers,Scarpa Zodiac Plus GTX offerte,Scarpa Zodiac Plus GTX angebote
q2b875755a,Sporting Goods,badminton racket,generic,top badminton racket,top racchetta da badminton,top Badmintonschläger
q247431978,Beauty & Personal Care,perfume,generic,perfume under 500,profumo sotto 500 euro,Parfüm unter 500 euro
q3a8f22d66,Electronics,budget smartphone,generic,budget smartphone specs,specifiche smartphone economico,Günstiges Smartphone technische daten
q25f6344f8,Sporting Goods,camping tent,branded,MSR Hubba Hubba NX 2 price,MSR Hubba Hubba NX 2 prezzo,MSR Hubba Hubba NX 2 preis
q8c51261d2,Home & Garden,coffee machine,generic,coffee machine deals,macchina del caffè occasioni,Kaffeemaschine schnäppchen
q1b1a25446,Apparel & Accessories,running shoes,generic,running shoes amazon,scarpe da corsa amazon,Laufschuhe amazon
q4b504e791,Electronics,gaming laptop,branded,ASUS ROG Zephyrus G14 review,ASUS ROG Zephyrus G14 recensione,ASUS ROG Zephyrus G14 test
q07e9ec661,Electronics,wireless charger,generic,wireless charger for beginners,caricatore wireless per principianti,Kabelloses Ladegerät für anfänger
q6a9e4f42a,Electronics,budget smartphone,generic,budget smartphone sale,smartphone economico saldi,Günstiges Smartphone sale
q7eaebb773,Home & Garden,electric toothbrush,generic,electric toothbrush deals,spazzolino elettrico occasioni,Elektrische Zahnbürste schnäppchen
qf1493feea,Home & Garden,hair dryer,branded,ghd Helios price,ghd Helios prezzo,ghd Helios preis
q7db748a5b,Electronics,power bank,branded,Anker 747 Power Bank review,Anker 747 Power Bank recensione,Anker 747 Power Bank test
q9dc8121f4,Electronics,phone case,branded,OtterBox Defender iPhone 15,OtterBox Defender iPhone 15,OtterBox Defender iPhone 15
q486d5b1a3,Home & Garden,humidifier,generic,best humidifier,migliori umidificatore,bestes Luftbefeuchter
q878e6548f,Home & Garden,smart doorbell,generic,smart doorbell,videocitofono smart,Video-Türklingel
qd4776d6fb,Sporting Goods,camping tent,generic,camping tent amazon,tenda da campeggio amazon,Campingzelt amazon
q656c6c192,Apparel & Accessories,polo shirt,generic,polo shirt sale,polo saldi,Poloshirt sale
qb036d63d1,Electronics,digital camera,branded,Nikon Z8 offers,Nikon Z8 offerte,Nikon Z8 angebote
q6f83e5c39,Electronics,gaming laptop,generic,gaming laptop rating,valutazione laptop da gaming,Gaming-Laptop bewertung
q75e1e4591,Home & Garden,blender,generic,cheap blender,frullatore economici,günstiger Mixer
q5acc32c1d,Home & Garden,office chair,generic,office chair 2024,sedia da ufficio 2024,Bürostuhl 2024
qe0ed5f4ff,Home & Garden,coffee machine,branded,buy Jura E8,acquista Jura E8,Jura E8 kaufen
q657f86c85,Electronics,Bluetooth speaker,branded,JBL Flip 6 offers,JBL Flip 6 offerte,JBL Flip 6 angebote
q16e77eba0,Beauty & Personal Care,perfume,branded,Versace Eros review,Versace Eros recensione,Versace Eros test
q6c37a7716,Electronics,drone with camera,branded,buy DJI Air 3,acquista DJI Air 3,DJI Air 3 kaufen
qc0c8a5216,Home & Garden,office chair,generic,best value office chair,sedia da ufficio miglior rapporto qualità prezzo,bestes preis-leistungs Bürostuhl
q6fffbd9e6,Electronics,DSLR camera,generic,DSLR camera online,reflex digitale online,Spiegelreflexkamera online
q0ce809cd4,Electronics,digital camera,branded,Canon PowerShot G7X Mark III offers,Canon PowerShot G7X Mark III offerte,Canon PowerShot G7X Mark III angebote
qdde8a9121,Home & Garden,instant pot,generic,buy instant pot online,comprare pentola a pressione online,Schnellkochtopf online kaufen
q929bd84c3,Home & Garden,security camera,branded,Arlo Pro 5S price,Arlo Pro 5S prezzo,Arlo Pro 5S preis
q5670c6a6f,Electronics,gaming controller,generic,gaming controller sale,controller gaming saldi,Gaming-Controller sale
qdc2ad99ba,Home & Garden,instant pot,generic,instant pot sale,pentola a pressione saldi,Schnellkochtopf sale
q0ecd32e20,Electronics,in-ear headphones,generic,best in-ear headphones,migliori auricolari in-ear,bestes In-Ear-Kopfhörer
qf9dfc0ed9,Sporting Goods,energy gel,generic,energy gel for beginners,gel energetico per principianti,Energiegel für anfänger
qa24262a3f,Sporting Goods,road bike,branded,Bianchi Oltre RC review,Bianchi Oltre RC recensione,Bianchi Oltre RC test
qa521b6931,Apparel & Accessories,hiking boots,branded,Merrell Moab 3 price,Merrell Moab 3 prezzo,Merrell Moab 3 preis
q2aa1de834,Apparel & Accessories,sunglasses,generic,sunglasses specs,specifiche occhiali da sole,Sonnenbrille technische daten
q04451afc8,Electronics,gaming controller,generic,where to buy gaming controller,dove comprare controller gaming,wo Gaming-Controller kaufen
q3e5ddaf07,Home & Garden,instant pot,generic,instant pot 2024,pentola a pressione 2024,Schnellkochtopf 2024
qbab551bda,Home & Garden,robot vacuum cleaner,branded,Ecovacs Deebot X2 Omni offers,Ecovacs Deebot X2 Omni offerte,Ecovacs Deebot X2 Omni angebote
q5b69c0df5,Electronics,gaming console,generic,gaming console specs,specifiche console di gioco,Spielkonsole technische daten
q686532ec1,Apparel & Accessories,rain jacket,generic,rain jacket rating,valutazione giacca impermeabile,Regenjacke bewertung
qbd37c6e6a,Electronics,portable speaker,generic,portable speaker offers,offerte altoparlante portatile,Portabler Lautsprecher angebote
qffd2c8cef,Beauty & Personal Care,perfume,branded,YSL Black Opium,YSL Black Opium,YSL Black Opium
q16ef069dd,Electronics,streaming device,branded,Google Chromecast 4K offers,Google Chromecast 4K offerte,Google Chromecast 4K angebote
qe1146713c,Apparel & Accessories,smartwatch,branded,Garmin Forerunner 965 review,Garmin Forerunner 965 recensione,Garmin Forerunner 965 test
q7f2136f0c,Apparel & Accessories,sports bag,generic,sports bag price,prezzo borsa sportiva,Sporttasche preis
qef9d3cab0,Electronics,tripod,generic,tripod 2024,treppiede 2024,Stativ 2024
q40e3c5ff2,Electronics,USB-C cable,generic,USB-C cable under 500,cavo USB-C sotto 500 euro,USB-C-Kabel unter 500 euro
qa55b1f5d2,Apparel & Accessories,backpack,branded,Osprey Atmos AG 65 offers,Osprey Atmos AG 65 offerte,Osprey Atmos AG 65 angebote
q9d3a8de80,Home & Garden,monitor arm,generic,best monitor arm,migliori braccio per monitor,bestes Monitorhalterung
qd994b6bbf,Sporting Goods,tennis racket,generic,tennis racket for beginners,racchetta da tennis per principianti,Tennisschläger für anfänger
q28dd35ad3,Electronics,vinyl record player,generic,vinyl record player deals,giradischi occasioni,Plattenspieler schnäppchen
qb2ffcc412,Beauty & Personal Care,nail polish,generic,where to buy nail polish,dove comprare smalto per unghie,wo Nagellack kaufen
q8153e5e39,Home & Garden,air fryer,branded,buy Instant Vortex Plus 6-in-1,acquista Instant Vortex Plus 6-in-1,Instant Vortex Plus 6-in-1 kaufen
q336771ada,Electronics,streaming device,generic,streaming device under 500,dispositivo streaming sotto 500 euro,Streaming-Gerät unter 500 euro
qc17470690,Sporting Goods,basketball,generic,basketball rating,valutazione pallone da basket,Basketball bewertung
q04135365e,Electronics,business laptop,generic,business laptop review,recensione laptop business,Business-Laptop test
q570f84342,Home & Garden,air fryer,branded,Ninja Foodi Dual Zone review,Ninja Foodi Dual Zone recensione,Ninja Foodi Dual Zone test
qcdc5f33c4,Sporting Goods,ski helmet,branded,Smith Vantage MIPS offers,Smith Vantage MIPS offerte,Smith Vantage MIPS angebote
q1a88a6765,Home & Garden,air fryer,branded,buy Cosori Pro LE Air Fryer,acquista Cosori Pro LE Air Fryer,Cosori Pro LE Air Fryer kaufen
qb447d23e9,Sporting Goods,ski boots,branded,Atomic Hawx Prime 130 offers,Atomic Hawx Prime 130 offerte,Atomic Hawx Prime 130 angebote
qe4ef8d00f,Home & Garden,espresso machine,branded,Rancilio Silvia Pro X,Rancilio Silvia Pro X,Rancilio Silvia Pro X
q1055fab27,Electronics,laptop,branded,HP Envy 15 price,HP Envy 15 prezzo,HP Envy 15 preis
q95dc04db0,Sporting Goods,exercise bike,branded,Peloton Bike+ price,Peloton Bike+ prezzo,Peloton Bike+ preis
q1aadb48a8,Electronics,tablet,branded,Microsoft Surface Pro 10 offers,Microsoft Surface Pro 10 offerte,Microsoft Surface Pro 10 angebote
q80c335dea,Beauty & Personal Care,foundation makeup,generic,foundation makeup,fondotinta,Foundation
qbc38febc6,Electronics,business laptop,generic,business laptop 2024,laptop business 2024,Business-Laptop 2024
q4b4c86736,Apparel & Accessories,running shoes,branded,Adidas Terrex Speed Ultra,Adidas Terrex Speed Ultra,Adidas Terrex Speed Ultra
q12f4aa7d5,Home & Garden,standing desk,generic,standing desk,scrivania regolabile,Höhenverstellbarer Schreibtisch
qb0a798a9d,Home & Garden,air purifier,branded,Blueair Blue Pure 311i+,Blueair Blue Pure 311i+,Blueair Blue Pure 311i+
q9eb8a594c,Electronics,vinyl record player,generic,vinyl record player amazon,giradischi amazon,Plattenspieler amazon
q1eb59e433,Home & Garden,stand mixer,generic,compare stand mixer,confronta impastatrice,Küchenmaschine vergleich
qc657bfdd3,Apparel & Accessories,winter jacket,generic,winter jacket professional,giacca invernale professionale,professioneller Winterjacke
q6ae6e167f,Electronics,digital camera,branded,Panasonic Lumix S5 II,Panasonic Lumix S5 II,Panasonic Lumix S5 II
qdef916bae,Electronics,wireless charger,generic,wireless charger price,prezzo caricatore wireless,Kabelloses Ladegerät preis
qa02b2892a,Electronics,Android tablet,generic,Android tablet sale,tablet Android saldi,Android-Tablet sale
q0ff8c3e57,Electronics,USB-C cable,generic,USB-C cable deals,cavo USB-C occasioni,USB-C-Kabel schnäppchen
q85b22990d,Apparel & Accessories,running shoes,branded,ASICS Gel-Kayano 30,ASICS Gel-Kayano 30,ASICS Gel-Kayano 30
q63cc80815,Apparel & Accessories,running shoes,branded,buy ASICS Gel-Cumulus 26,acquista ASICS Gel-Cumulus 26,ASICS Gel-Cumulus 26 kaufen
qe97dd7dfe,Electronics,earbuds,branded,Sony WF-1000XM5 offers,Sony WF-1000XM5 offerte,Sony WF-1000XM5 angebote
q86fba2a3c,Sporting Goods,treadmill,branded,Peloton Tread price,Peloton Tread prezzo,Peloton Tread preis
qac7f90909,Home & Garden,office chair,branded,Steelcase Leap V2 offers,Steelcase Leap V2 offerte,Steelcase Leap V2 angebote
q03b99ac87,Electronics,Bluetooth speaker,generic,buy Bluetooth speaker,acquista speaker Bluetooth,Bluetooth-Lautsprecher kaufen
qebc9255db,Electronics,noise cancelling headphones,generic,noise cancelling headphones professional,cuffie noise cancelling professionale,professioneller Noise-Cancelling-Kopfhörer
qbadab97e9,Electronics,noise cancelling headphones,branded,Sony WH-1000XM5 offers,Sony WH-1000XM5 offerte,Sony WH-1000XM5 angebote
qc3eaad9e4,Home & Garden,air fryer,branded,Philips Airfryer XXL,Philips Airfryer XXL,Philips Airfryer XXL
q52f38ea64,Sporting Goods,ski boots,generic,buy ski boots,acquista scarponi da sci,Skischuhe kaufen
qac7d722cc,Electronics,smart TV,branded,buy Philips OLED+908,acquista Philips OLED+908,Philips OLED+908 kaufen
q994a88589,Apparel & Accessories,sports bag,generic,sports bag amazon,borsa sportiva amazon,Sporttasche amazon
q7f2c47ac6,Electronics,laptop,branded,MacBook Pro M3 review,MacBook Pro M3 recensione,MacBook Pro M3 test
qd011d562a,Apparel & Accessories,loafers,generic,loafers sale,mocassini saldi,Loafer sale
q43689a5e0,Apparel & Accessories,running shoes,branded,Hoka Mach 6 review,Hoka Mach 6 recensione,Hoka Mach 6 test
q35cefb6d0,Electronics,camera bag,generic,camera bag professional,borsa per fotocamera professionale,professioneller Kameratasche
qe58c70237,Electronics,gaming laptop,generic,compare gaming laptop,confronta laptop da gaming,Gaming-Laptop vergleich
q9e07e89f5,Home & Garden,hair dryer,generic,hair dryer 2024,asciugacapelli 2024,Haartrockner 2024
q1d7bd0c37,Electronics,memory card,generic,memory card 2024,scheda di memoria 2024,Speicherkarte 2024
q7aaaedc5f,Electronics,digital camera,branded,Canon EOS R6 Mark II,Canon EOS R6 Mark II,Canon EOS R6 Mark II
qb5e2f66e7,Electronics,gaming monitor,generic,compare gaming monitor,confronta monitor gaming,Gaming-Monitor vergleich
qcebb4a008,Electronics,webcam,generic,webcam 2024,webcam 2024,Webcam 2024
q7baff1eee,Electronics,earbuds,branded,Soundcore Liberty 4 NC offers,Soundcore Liberty 4 NC offerte,Soundcore Liberty 4 NC angebote
q7e5851e8b,Electronics,portable speaker,generic,portable speaker 2024,altoparlante portatile 2024,Portabler Lautsprecher 2024
q980b174cc,Baby & Kids,car seat,generic,car seat,seggiolino auto,Kindersitz
q4af2b778a,Baby & Kids,scooter kids,generic,scooter kids for beginners,monopattino bambini per principianti,Kinderroller für anfänger
qcd4adc94b,Apparel & Accessories,running shoes,branded,buy Adidas Terrex Speed Ultra,acquista Adidas Terrex Speed Ultra,Adidas Terrex Speed Ultra kaufen
qa8e565823,Home & Garden,air purifier,generic,best air purifier,migliori purificatore d'aria,bestes Luftreiniger
qb7594cd84,Electronics,gaming console,branded,Nintendo Switch 2 review,Nintendo Switch 2 recensione,Nintendo Switch 2 test
qb49454d67,Electronics,laptop,generic,laptop for beginners,laptop per principianti,Laptop für anfänger
qe60d49ff6,Baby & Kids,baby monitor,generic,buy baby monitor online,comprare baby monitor online,Babyphone online kaufen
q691c7c560,Electronics,memory card,generic,memory card sale,scheda di memoria saldi,Speicherkarte sale
qc62622f2e,Electronics,gaming mouse,generic,gaming mouse rating,valutazione mouse gaming,Gaming-Maus bewertung
q7d057eb8f,Electronics,gaming laptop,branded,MSI Titan GT77 offers,MSI Titan GT77 offerte,MSI Titan GT77 angebote
qfac431e7c,Electronics,laptop,branded,HP Spectre x360 price,HP Spectre x360 prezzo,HP Spectre x360 preis
q489563645,Beauty & Personal Care,lip balm,generic,lip balm,balsamo labbra,Lippenbalsam
q44dc021d6,Home & Garden,smart lighting,generic,smart lighting offers,offerte illuminazione smart,Smarte Beleuchtung angebote
q52302c5cd,Apparel & Accessories,cycling shoes,generic,cycling shoes price,prezzo scarpe da ciclismo,Radschuhe preis
q9a48c0467,Home & Garden,electric razor,branded,Braun Series 9 Pro+ offers,Braun Series 9 Pro+ offerte,Braun Series 9 Pro+ angebote
q04234e14f,Beauty & Personal Care,perfume,generic,compare perfume,confronta profumo,Parfüm vergleich
qc79bf4213,Apparel & Accessories,running shoes,generic,running shoes specs,specifiche scarpe da corsa,Laufschuhe technische daten
qc3f6b1ecd,Apparel & Accessories,running shoes,branded,buy Nike React Infinity Run,acquista Nike React Infinity Run,Nike React Infinity Run kaufen
qd92876762,Electronics,mirrorless camera,generic,mirrorless camera for beginners,fotocamera mirrorless per principianti,Systemkamera für anfänger
qfd4438711,Electronics,laptop,generic,laptop review,recensione laptop,Laptop test
qc66204c7c,Electronics,digital camera,branded,Leica Q3 review,Leica Q3 recensione,Leica Q3 test
q01d338011,Electronics,digital camera,branded,Canon EOS R6 Mark II review,Canon EOS R6 Mark II recensione,Canon EOS R6 Mark II test
q731123ee0,Electronics,OLED television,generic,where to buy OLED television,dove comprare televisore OLED,wo OLED-Fernseher kaufen
q0e2700819,Sporting Goods,protein powder,branded,Huel Black Edition price,Huel Black Edition prezzo,Huel Black Edition preis
q2f00ad290,Beauty & Personal Care,sunscreen SPF 50,generic,sunscreen SPF 50,crema solare SPF 50,Sonnencreme SPF 50
q42e204cfe,Home & Garden,hair dryer,generic,where to buy hair dryer,dove comprare asciugacapelli,wo Haartrockner kaufen
q956f4efd7,Apparel & Accessories,football boots,branded,Adidas Predator Elite review,Adidas Predator Elite recensione,Adidas Predator Elite test
qbaea3b448,Sporting Goods,foam roller,generic,foam roller review,recensione foam roller,Schaumstoffrolle test
qf9b5b11a2,Electronics,smart TV,generic,smart TV review,recensione smart TV,Smart-TV test
q2dc309a79,Apparel & Accessories,sneakers,generic,sneakers amazon,sneakers amazon,Sneaker amazon
qc872d05b1,Baby & Kids,scooter kids,generic,scooter kids under 500,monopattino bambini sotto 500 euro,Kinderroller unter 500 euro
qba936efd1,Sporting Goods,treadmill,generic,treadmill online,tapis roulant online,Laufband online
q38be97dbd,Sporting Goods,stand up paddle,generic,best stand up paddle,migliori stand up paddle,bestes Stand-Up-Paddle
q1b01ef5b8,Electronics,smart TV,generic,smart TV professional,smart TV professionale,professioneller Smart-TV
q7aaf87af1,Home & Garden,vacuum cleaner,generic,best vacuum cleaner,migliori aspirapolvere,bestes Staubsauger
q6110d24dc,Electronics,vinyl record player,generic,where to buy vinyl record player,dove comprare giradischi,wo Plattenspieler kaufen
q2ec581040,Electronics,4K television,generic,4K television 2024,televisore 4K 2024,4K-Fernseher 2024
q2e08ee306,Apparel & Accessories,running shoes,branded,Adidas Supernova Rise price,Adidas Supernova Rise prezzo,Adidas Supernova Rise preis
qf8a2b6a1d,Home & Garden,air purifier,generic,best value air purifier,purificatore d'aria miglior rapporto qualità prezzo,bestes preis-leistungs Luftreiniger
q29803655e,Sporting Goods,swimming goggles,generic,swimming goggles for beginners,occhialini da nuoto per principianti,Schwimmbrille für anfänger
q12e290db4,Home & Garden,smart thermostat,branded,Hive Active Heating price,Hive Active Heating prezzo,Hive Active Heating preis
q36f7a1a32,Apparel & Accessories,running shoes,branded,buy Adidas Boston 12,acquista Adidas Boston 12,Adidas Boston 12 kaufen
q5ddaa144f,Sporting Goods,ski helmet,generic,ski helmet deals,casco da sci occasioni,Skihelm schnäppchen
q13f8b9cf5,Sporting Goods,dumbbell set,generic,dumbbell set professional,set manubri professionale,professioneller Hantelset
q69f35c0fa,Apparel & Accessories,sports bag,generic,sports bag 2024,borsa sportiva 2024,Sporttasche 2024
q0353e8da5,Electronics,DAC amplifier,generic,DAC amplifier review,recensione DAC amplificatore,DAC Verstärker test
q09078826b,Electronics,mirrorless camera,generic,mirrorless camera rating,valutazione fotocamera mirrorless,Systemkamera bewertung
q0f4edf437,Beauty & Personal Care,mascara,generic,cheap mascara,mascara economici,günstiger Mascara
q003fb9d7f,Home & Garden,instant pot,generic,instant pot,pentola a pressione,Schnellkochtopf
qe6ee05dfa,Sporting Goods,tennis racket,branded,Wilson Pro Staff RF97 price,Wilson Pro Staff RF97 prezzo,Wilson Pro Staff RF97 preis
q021923345,Sporting Goods,trekking poles,generic,trekking poles 2024,bastoni da trekking 2024,Wanderstöcke 2024
q3c046c0a3,Apparel & Accessories,sandals,generic,buy sandals,acquista sandali,Sandalen kaufen
q3a3594948,Baby & Kids,baby monitor,generic,baby monitor offers,offerte baby monitor,Babyphone angebote
q1a9e7da5b,Apparel & Accessories,polo shirt,generic,polo shirt deals,polo occasioni,Poloshirt schnäppchen
q391ae184f,Sporting Goods,heart rate monitor,generic,best value heart rate monitor,cardiofrequenzimetro miglior rapporto qualità prezzo,bestes preis-leistungs Herzfrequenzmesser
q506aea06d,Apparel & Accessories,winter jacket,generic,winter jacket online,giacca invernale online,Winterjacke online
q2c15146fc,Electronics,camera lens,generic,camera lens price,prezzo obiettivo fotografico,Kameraobjektiv preis
q3069223a8,Electronics,DSLR camera,generic,best value DSLR camera,reflex digitale miglior rapporto qualità prezzo,bestes preis-leistungs Spiegelreflexkamera
q0c4a4eebd,Home & Garden,coffee machine,branded,De'Longhi Dinamica Plus price,De'Longhi Dinamica Plus prezzo,De'Longhi Dinamica Plus preis
qde64268e1,Home & Garden,electric razor,branded,Braun Series 9 Pro+ review,Braun Series 9 Pro+ recensione,Braun Series 9 Pro+ test
qde36df1e3,Sporting Goods,pull-up bar,generic,pull-up bar rating,valutazione sbarra per trazioni,Klimmzugstange bewertung
q23a1df8c6,Sporting Goods,swimming goggles,generic,buy swimming goggles online,comprare occhialini da nuoto online,Schwimmbrille online kaufen
q36371d46b,Electronics,DAC amplifier,generic,DAC amplifier deals,DAC amplificatore occasioni,DAC Verstärker schnäppchen
qfaa77e6ed,Electronics,gaming headset,generic,gaming headset professional,headset gaming professionale,professioneller Gaming-Headset
q1dd6ebd32,Sporting Goods,cycling helmet,branded,POC Ventral Air Mips offers,POC Ventral Air Mips offerte,POC Ventral Air Mips angebote
qe3a54bb9a,Sporting Goods,mountain bike,generic,buy mountain bike,acquista mountain bike,Mountainbike kaufen
q926f63536,Electronics,home cinema system,generic,home cinema system deals,sistema home cinema occasioni,Heimkinosystem schnäppchen
q861f4f72c,Electronics,gaming mouse,generic,compare gaming mouse,confronta mouse gaming,Gaming-Maus vergleich
q47450fd55,Apparel & Accessories,sunglasses,generic,best sunglasses,migliori occhiali da sole,bestes Sonnenbrille
q24f6da14d,Apparel & Accessories,fitness tracker,generic,fitness tracker review,recensione fitness tracker,Fitness-Tracker test
q801125b5b,Beauty & Personal Care,face moisturiser,branded,CeraVe Moisturising Cream price,CeraVe Moisturising Cream prezzo,CeraVe Moisturising Cream preis
qf582e18c7,Electronics,vinyl record player,generic,buy vinyl record player online,comprare giradischi online,Plattenspieler online kaufen
q14cedcf6a,Electronics,4K television,generic,4K television,televisore 4K,4K-Fernseher
q2a6295878,Sporting Goods,tennis racket,generic,compare tennis racket,confronta racchetta da tennis,Tennisschläger vergleich
qba6678afb,Electronics,gaming monitor,generic,where to buy gaming monitor,dove comprare monitor gaming,wo Gaming-Monitor kaufen
q067a03969,Sporting Goods,surf board,generic,surf board deals,tavola da surf occasioni,Surfbrett schnäppchen
q5d68acfd5,Electronics,laptop stand,generic,laptop stand rating,valutazione supporto laptop,Laptop-Ständer bewertung
q1f19a2fe4,Sporting Goods,pull-up bar,generic,pull-up bar for beginners,sbarra per trazioni per principianti,Klimmzugstange für anfänger
q89051a8aa,Apparel & Accessories,sneakers,generic,sneakers under 100,sneakers sotto 100 euro,Sneaker unter 100 euro
q6d5c8d751,Electronics,tripod,generic,cheap tripod,treppiede economici,günstiger Stativ
q9e3a44368,Sporting Goods,mountain bike,generic,mountain bike professional,mountain bike professionale,professioneller Mountainbike
q9a0b0d9b5,Home & Garden,capsule coffee machine,branded,Nespresso Essenza Mini,Nespresso Essenza Mini,Nespresso Essenza Mini
q25cbed3f0,Sporting Goods,mountain bike,branded,Giant Trance X Advanced price,Giant Trance X Advanced prezzo,Giant Trance X Advanced preis
q9c643e181,Apparel & Accessories,winter jacket,generic,where to buy winter jacket,dove comprare giacca invernale,wo Winterjacke kaufen
q16ffc2a18,Electronics,phone case,generic,phone case specs,specifiche custodia per telefono,Handyhülle technische daten
qb2441fbbd,Sporting Goods,e-bike,generic,e-bike price,prezzo bici elettrica,E-Bike preis
q1a6a05a35,Electronics,2-in-1 laptop,generic,2-in-1 laptop price,prezzo laptop 2-in-1,2-in-1-Laptop preis
q6527bb6bb,Electronics,external hard drive,generic,top external hard drive,top hard disk esterno,top Externe Festplatte
qb9c021084,Apparel & Accessories,fitness tracker,generic,fitness tracker 2024,fitness tracker 2024,Fitness-Tracker 2024
q1a9270ceb,Electronics,camera lens,generic,buy camera lens,acquista obiettivo fotografico,Kameraobjektiv kaufen
q53b7de5f5,Electronics,streaming device,branded,Roku Streaming Stick 4K price,Roku Streaming Stick 4K prezzo,Roku Streaming Stick 4K preis
qa5b351272,Sporting Goods,cycling helmet,branded,Specialized Propero 4 review,Specialized Propero 4 recensione,Specialized Propero 4 test
qa9936eab2,Electronics,earbuds,branded,Samsung Galaxy Buds 2 Pro review,Samsung Galaxy Buds 2 Pro recensione,Samsung Galaxy Buds 2 Pro test
q4f9597b25,Home & Garden,smart lighting,generic,smart lighting under 100,illuminazione smart sotto 100 euro,Smarte Beleuchtung unter 100 euro
q7c7d09479,Electronics,gaming console,generic,best gaming console,migliori console di gioco,bestes Spielkonsole
q76eb7e4c5,Electronics,smartphone,branded,Xiaomi 14 Ultra review,Xiaomi 14 Ultra recensione,Xiaomi 14 Ultra test
qf0693bb62,Electronics,tablet,generic,buy tablet online,comprare tablet online,Tablet online kaufen
q91907bbcd,Electronics,instant camera,generic,top instant camera,top fotocamera istantanea,top Sofortbildkamera
qac9ec7430,Sporting Goods,dumbbell set,branded,Bowflex SelectTech 552 price,Bowflex SelectTech 552 prezzo,Bowflex SelectTech 552 preis
q1c1741d70,Apparel & Accessories,hiking boots,generic,cheap hiking boots,scarpe da trekking economici,günstiger Wanderstiefel
qeae90c724,Sporting Goods,sleeping bag,generic,sleeping bag,sacco a pelo,Schlafsack
q1de14f594,Apparel & Accessories,sunglasses,branded,Ray-Ban Aviator,Ray-Ban Aviator,Ray-Ban Aviator
q8d297e568,Electronics,earbuds,generic,earbuds online,auricolari online,Ohrstöpsel online
q8f7960c38,Baby & Kids,scooter kids,generic,where to buy scooter kids,dove comprare monopattino bambini,wo Kinderroller kaufen
qd6a6632dc,Apparel & Accessories,running shoes,branded,Nike Invincible 3 offers,Nike Invincible 3 offerte,Nike Invincible 3 angebote
q655ca39f4,Apparel & Accessories,fitness tracker,generic,fitness tracker under 100,fitness tracker sotto 100 euro,Fitness-Tracker unter 100 euro
q193cc781f,Electronics,smartphone,branded,Google Pixel 9 review,Google Pixel 9 recensione,Google Pixel 9 test
q1d3db7f84,Home & Garden,air fryer,generic,buy air fryer,acquista friggitrice ad aria,Heißluftfritteuse kaufen
qe4ec36851,Home & Garden,smart doorbell,branded,buy Ring Video Doorbell Pro 2,acquista Ring Video Doorbell Pro 2,Ring Video Doorbell Pro 2 kaufen
qb4bd190c6,Electronics,VR headset,generic,VR headset specs,specifiche visore VR,VR-Headset technische daten
q9cc83a2ab,Electronics,gaming monitor,generic,gaming monitor amazon,monitor gaming amazon,Gaming-Monitor amazon
q29d021187,Electronics,gaming controller,branded,DualSense Edge offers,DualSense Edge offerte,DualSense Edge angebote
qb379727b8,Electronics,gaming laptop,generic,gaming laptop 2024,laptop da gaming 2024,Gaming-Laptop 2024
qfdff46631,Electronics,smartphone,branded,iPhone 15 Pro offers,iPhone 15 Pro offerte,iPhone 15 Pro angebote
q652583f53,Electronics,mechanical keyboard,generic,top mechanical keyboard,top tastiera meccanica,top Mechanische Tastatur
q2086b1b59,Sporting Goods,exercise bike,branded,Wahoo KICKR Bike,Wahoo KICKR Bike,Wahoo KICKR Bike
qa55125a65,Apparel & Accessories,running shoes,generic,running shoes,scarpe da corsa,Laufschuhe
q2a47a7724,Electronics,Bluetooth speaker,generic,Bluetooth speaker rating,valutazione speaker Bluetooth,Bluetooth-Lautsprecher bewertung
q4c8927d6a,Apparel & Accessories,running shoes,branded,buy On Cloud 5,acquista On Cloud 5,On Cloud 5 kaufen
q1eb5c90fd,Baby & Kids,baby monitor,generic,baby monitor under 100,baby monitor sotto 100 euro,Babyphone unter 100 euro
q156877e27,Electronics,VR headset,branded,Apple Vision Pro,Apple Vision Pro,Apple Vision Pro
q29c87a639,Apparel & Accessories,smartwatch,generic,smartwatch online,smartwatch online,Smartwatch online
q99be26e62,Home & Garden,robot vacuum cleaner,generic,best value robot vacuum cleaner,aspirapolvere robot miglior rapporto qualità prezzo,bestes preis-leistungs Saugroboter
q5744150db,Electronics,external hard drive,branded,Seagate Backup Plus 4TB offers,Seagate Backup Plus 4TB offerte,Seagate Backup Plus 4TB angebote
q8bc61f1f4,Baby & Kids,toys,branded,LEGO Technic Bugatti Bolide offers,LEGO Technic Bugatti Bolide offerte,LEGO Technic Bugatti Bolide angebote
qb626322fa,Baby & Kids,children bicycle,generic,buy children bicycle online,comprare bicicletta bambini online,Kinderfahrrad online kaufen
q9a856a64a,Home & Garden,humidifier,generic,humidifier under 500,umidificatore sotto 500 euro,Luftbefeuchter unter 500 euro
q766f6d440,Electronics,tablet,branded,Microsoft Surface Pro 10 review,Microsoft Surface Pro 10 recensione,Microsoft Surface Pro 10 test
q54ba377ae,Electronics,camera bag,generic,camera bag amazon,borsa per fotocamera amazon,Kameratasche amazon
q983ba6348,Electronics,memory card,generic,cheap memory card,scheda di memoria economici,günstiger Speicherkarte
q8d574c131,Electronics,ultrabook,generic,where to buy ultrabook,dove comprare ultrabook,wo Ultrabook kaufen
q82c6a04ec,Sporting Goods,resistance bands,generic,resistance bands professional,elastici fitness professionale,professioneller Fitnessbänder
qf6ffd4a72,Electronics,laptop stand,generic,laptop stand under 100,supporto laptop sotto 100 euro,Laptop-Ständer unter 100 euro
qbd987fe0a,Apparel & Accessories,loafers,generic,cheap loafers,mocassini economici,günstiger Loafer
qcd8777a7d,Electronics,earbuds,branded,Soundcore Liberty 4 NC,Soundcore Liberty 4 NC,Soundcore Liberty 4 NC
q5ada8e3cd,Apparel & Accessories,athletic shoes,generic,athletic shoes specs,specifiche scarpe sportive,Sportschuhe technische daten
qf7780e0f6,Apparel & Accessories,smartwatch,generic,compare smartwatch,confronta smartwatch,Smartwatch vergleich
q42ee09d83,Electronics,memory card,generic,memory card specs,specifiche scheda di memoria,Speicherkarte technische daten
qbe7495024,Electronics,wireless charger,generic,wireless charger amazon,caricatore wireless amazon,Kabelloses Ladegerät amazon
qddc22d697,Electronics,gaming controller,generic,gaming controller under 100,controller gaming sotto 100 euro,Gaming-Controller unter 100 euro
q7639b3216,Beauty & Personal Care,lip balm,generic,lip balm online,balsamo labbra online,Lippenbalsam online
q7a9845d44,Electronics,gaming desk,generic,gaming desk deals,scrivania gaming occasioni,Gaming-Schreibtisch schnäppchen
q752ce51c0,Home & Garden,electric razor,branded,buy Philips Series 9000 Prestige,acquista Philips Series 9000 Prestige,Philips Series 9000 Prestige kaufen
q208398afd,Apparel & Accessories,running shoes,branded,Saucony Endorphin Speed 4 review,Saucony Endorphin Speed 4 recensione,Saucony Endorphin Speed 4 test
q57630c075,Electronics,DSLR camera,generic,DSLR camera sale,reflex digitale saldi,Spiegelreflexkamera sale
qdb56d219d,Sporting Goods,badminton racket,generic,badminton racket,racchetta da badminton,Badmintonschläger
q18df6246b,Home & Garden,hair straightener,generic,cheap hair straightener,piastra per capelli economici,günstiger Haarglätter
qc4b2107a9,Sporting Goods,road bike,branded,BMC Teammachine SLR offers,BMC Teammachine SLR offerte,BMC Teammachine SLR angebote
q0217d5578,Electronics,webcam,branded,buy Elgato Facecam Pro,acquista Elgato Facecam Pro,Elgato Facecam Pro kaufen
q6afe63b6d,Electronics,smartphone,generic,smartphone under 100,smartphone sotto 100 euro,Smartphone unter 100 euro
q13be2ec9f,Apparel & Accessories,smartwatch,generic,buy smartwatch,acquista smartwatch,Smartwatch kaufen
q0357bb153,Beauty & Personal Care,face moisturiser,branded,buy La Roche-Posay Toleriane Double Repair,acquista La Roche-Posay Toleriane Double Repair,La Roche-Posay Toleriane Double Repair kaufen
qbfbc1f5bc,Electronics,laptop,branded,Dell XPS 13 review,Dell XPS 13 recensione,Dell XPS 13 test
q3dea3f6cd,Sporting Goods,protein powder,branded,ON Gold Standard Whey 2kg offers,ON Gold Standard Whey 2kg offerte,ON Gold Standard Whey 2kg angebote
qf33accdb2,Sporting Goods,ski helmet,branded,Smith Vantage MIPS price,Smith Vantage MIPS prezzo,Smith Vantage MIPS preis
qda8e8e2c3,Home & Garden,hair dryer,branded,Dyson Supersonic review,Dyson Supersonic recensione,Dyson Supersonic test
q3eabae529,Electronics,DSLR camera,generic,DSLR camera price,prezzo reflex digitale,Spiegelreflexkamera preis
qa3bf2fedf,Electronics,power bank,generic,power bank specs,specifiche power bank,Powerbank technische daten
q12b3fc21b,Electronics,digital camera,branded,buy Sony A7R V,acquista Sony A7R V,Sony A7R V kaufen
q7d4b12c34,Baby & Kids,car seat,generic,buy car seat online,comprare seggiolino auto online,Kindersitz online kaufen
qdd83f29d3,Electronics,Bluetooth speaker,generic,Bluetooth speaker under 500,speaker Bluetooth sotto 500 euro,Bluetooth-Lautsprecher unter 500 euro
qc9465b364,Sporting Goods,football,generic,buy football online,comprare pallone da calcio online,Fußball online kaufen
q555b0961e,Home & Garden,coffee machine,generic,coffee machine online,macchina del caffè online,Kaffeemaschine online
q270ecaef6,Home & Garden,hair dryer,generic,best hair dryer,migliori asciugacapelli,bestes Haartrockner
qa2c231dc0,Beauty & Personal Care,vitamin C serum,generic,vitamin C serum price,prezzo siero vitamina C,Vitamin-C-Serum preis
q79238af71,Electronics,projector,generic,projector review,recensione proiettore,Beamer test
qa570a196c,Apparel & Accessories,running shoes,branded,Nike React Infinity Run offers,Nike React Infinity Run offerte,Nike React Infinity Run angebote
qfe21e4d89,Electronics,home cinema system,generic,home cinema system price,prezzo sistema home cinema,Heimkinosystem preis
q55cb532b6,Apparel & Accessories,tennis shoes,generic,tennis shoes rating,valutazione scarpe da tennis,Tennisschuhe bewertung
q62c53c8d8,Home & Garden,smart lighting,generic,compare smart lighting,confronta illuminazione smart,Smarte Beleuchtung vergleich
q904015a89,Sporting Goods,ski helmet,branded,Smith Vantage MIPS,Smith Vantage MIPS,Smith Vantage MIPS
q97ca13203,Sporting Goods,ski helmet,generic,compare ski helmet,confronta casco da sci,Skihelm vergleich
q5c5e71ee3,Electronics,noise cancelling headphones,generic,top noise cancelling headphones,top cuffie noise cancelling,top Noise-Cancelling-Kopfhörer
q2fcd7a157,Electronics,gaming monitor,branded,buy ASUS ROG Swift PG279QM,acquista ASUS ROG Swift PG279QM,ASUS ROG Swift PG279QM kaufen
qe5a964077,Electronics,gaming monitor,branded,LG UltraGear 27GP850 review,LG UltraGear 27GP850 recensione,LG UltraGear 27GP850 test
q06c27b819,Electronics,SSD,branded,Samsung 990 Pro 2TB price,Samsung 990 Pro 2TB prezzo,Samsung 990 Pro 2TB preis
q8579392a0,Electronics,smartphone,generic,smartphone for beginners,smartphone per principianti,Smartphone für anfänger
q9ad5d3eb0,Home & Garden,smart lighting,generic,buy smart lighting,acquista illuminazione smart,Smarte Beleuchtung kaufen
q0767a8167,Sporting Goods,surf board,generic,best value surf board,tavola da surf miglior rapporto qualità prezzo,bestes preis-leistungs Surfbrett
q2507c4b44,Home & Garden,robot vacuum cleaner,generic,robot vacuum cleaner deals,aspirapolvere robot occasioni,Saugroboter schnäppchen
q4a99c31f9,Electronics,gaming chair,generic,gaming chair price,prezzo sedia gaming,Gaming-Stuhl preis
qe271235e6,Baby & Kids,children bicycle,generic,children bicycle price,prezzo bicicletta bambini,Kinderfahrrad preis
q375ada5ca,Apparel & Accessories,basketball shoes,generic,best value basketball shoes,scarpe da basket miglior rapporto qualità prezzo,bestes preis-leistungs Basketballschuhe
qb4026af17,Sporting Goods,sleeping bag,branded,buy Sea to Summit Spark Pro,acquista Sea to Summit Spark Pro,Sea to Summit Spark Pro kaufen
q17777b0a1,Home & Garden,air purifier,branded,Coway Airmega 400 review,Coway Airmega 400 recensione,Coway Airmega 400 test
q44d6e668d,Home & Garden,hair dryer,generic,hair dryer amazon,asciugacapelli amazon,Haartrockner amazon
q818ab271c,Electronics,gaming console,generic,gaming console 2024,console di gioco 2024,Spielkonsole 2024
q130a01c79,Electronics,smartphone,generic,top smartphone,top smartphone,top Smartphone
q4b3319d1d,Electronics,tablet,generic,cheap tablet,tablet economici,günstiger Tablet
qe3bac2942,Baby & Kids,car seat,branded,Maxi-Cosi Pebble 360,Maxi-Cosi Pebble 360,Maxi-Cosi Pebble 360
qc0aeb1717,Home & Garden,blender,branded,Nutribullet Pro 900,Nutribullet Pro 900,Nutribullet Pro 900
qabc4ae0a2,Sporting Goods,surf board,generic,surf board professional,tavola da surf professionale,professioneller Surfbrett
q8bed452f9,Electronics,gaming desk,generic,buy gaming desk online,comprare scrivania gaming online,Gaming-Schreibtisch online kaufen
q777dcfaea,Electronics,4K television,generic,4K television for beginners,televisore 4K per principianti,4K-Fernseher für anfänger
q9b3100277,Baby & Kids,LEGO,generic,buy LEGO,acquista LEGO,LEGO kaufen
qa9e5f0cb0,Home & Garden,vacuum cleaner,generic,buy vacuum cleaner,acquista aspirapolvere,Staubsauger kaufen
qcbfa54962,Home & Garden,blender,generic,blender online,frullatore online,Mixer online
q5c3914027,Home & Garden,espresso machine,generic,espresso machine offers,offerte macchina per espresso,Espressomaschine angebote
q01076c347,Apparel & Accessories,tennis shoes,generic,tennis shoes professional,scarpe da tennis professionale,professioneller Tennisschuhe
qfea2292fa,Sporting Goods,GPS running watch,generic,buy GPS running watch online,comprare orologio GPS corsa online,GPS-Laufuhr online kaufen
qc110b7065,Sporting Goods,trekking poles,generic,trekking poles price,prezzo bastoni da trekking,Wanderstöcke preis
qd63944b5a,Electronics,digital camera,generic,digital camera specs,specifiche fotocamera digitale,Digitalkamera technische daten
q601ef6c50,Electronics,noise cancelling headphones,generic,best noise cancelling headphones,migliori cuffie noise cancelling,bestes Noise-Cancelling-Kopfhörer
qbe5fb7f4e,Apparel & Accessories,winter jacket,generic,compare winter jacket,confronta giacca invernale,Winterjacke vergleich
q2f94d83da,Apparel & Accessories,backpack,branded,Osprey Atmos AG 65 review,Osprey Atmos AG 65 recensione,Osprey Atmos AG 65 test
q700aa61a1,Baby & Kids,toys,generic,toys deals,giocattoli occasioni,Spielzeug schnäppchen
qd7a757cdd,Baby & Kids,children bicycle,generic,children bicycle under 500,bicicletta bambini sotto 500 euro,Kinderfahrrad unter 500 euro
q5cf850261,Beauty & Personal Care,foundation makeup,generic,foundation makeup deals,fondotinta occasioni,Foundation schnäppchen
q293276064,Sporting Goods,yoga mat,generic,top yoga mat,top tappetino yoga,top Yogamatte
qf69e0f9c2,Electronics,streaming device,branded,Roku Streaming Stick 4K offers,Roku Streaming Stick 4K offerte,Roku Streaming Stick 4K angebote
q0c41b9358,Sporting Goods,trekking poles,generic,trekking poles offers,offerte bastoni da trekking,Wanderstöcke angebote
q1a2a6d718,Apparel & Accessories,running shoes,branded,Nike Mercurial Superfly,Nike Mercurial Superfly,Nike Mercurial Superfly
q8bb9e7c17,Sporting Goods,heart rate monitor,generic,heart rate monitor 2024,cardiofrequenzimetro 2024,Herzfrequenzmesser 2024
q456a5e641,Home & Garden,standing desk,generic,best standing desk,migliori scrivania regolabile,bestes Höhenverstellbarer Schreibtisch
q3419fd35f,Electronics,external hard drive,generic,external hard drive price,prezzo hard disk esterno,Externe Festplatte preis
q6381203fd,Electronics,gaming controller,generic,best gaming controller,migliori controller gaming,bestes Gaming-Controller
q79a7b9a0d,Apparel & Accessories,smartwatch,generic,smartwatch sale,smartwatch saldi,Smartwatch sale
q95ce6cff2,Apparel & Accessories,tennis shoes,generic,tennis shoes 2024,scarpe da tennis 2024,Tennisschuhe 2024
q406a15985,Apparel & Accessories,running shoes,branded,buy Nike Invincible 3,acquista Nike Invincible 3,Nike Invincible 3 kaufen
q72900a6a6,Electronics,laptop,branded,MacBook Air M3,MacBook Air M3,MacBook Air M3
q72068bb09,Electronics,iPad,generic,iPad 2024,iPad 2024,iPad 2024
qe2f393bb6,Home & Garden,capsule coffee machine,generic,capsule coffee machine specs,specifiche macchina caffè capsule,Kapselkaffeemaschine technische daten
q1a946b9f8,Baby & Kids,baby carrier,generic,baby carrier sale,marsupio neonato saldi,Babytrage sale
q70ea1f5b0,Apparel & Accessories,tennis shoes,generic,compare tennis shoes,confronta scarpe da tennis,Tennisschuhe vergleich
qb3ffb1cfa,Electronics,noise cancelling headphones,branded,buy Bose QuietComfort 45,acquista Bose QuietComfort 45,Bose QuietComfort 45 kaufen
q42e975fe0,Electronics,flagship smartphone,generic,buy flagship smartphone online,comprare smartphone top di gamma online,Flagship-Smartphone online kaufen
q9c94502c7,Electronics,camera lens,generic,camera lens under 500,obiettivo fotografico sotto 500 euro,Kameraobjektiv unter 500 euro
qb483f69bd,Apparel & Accessories,sandals,generic,best sandals,migliori sandali,bestes Sandalen
qaf73bb2a0,Apparel & Accessories,sneakers,generic,best value sneakers,sneakers miglior rapporto qualità prezzo,bestes preis-leistungs Sneaker
q88b8bf629,Electronics,gaming console,generic,gaming console online,console di gioco online,Spielkonsole online
q1d82163c4,Home & Garden,hair dryer,generic,hair dryer sale,asciugacapelli saldi,Haartrockner sale
qaa09b1c4e,Electronics,budget smartphone,generic,best budget smartphone,migliori smartphone economico,bestes Günstiges Smartphone
q3bd701550,Electronics,earbuds,branded,buy Apple AirPods Pro 2,acquista Apple AirPods Pro 2,Apple AirPods Pro 2 kaufen
q434fbc044,Apparel & Accessories,polo shirt,generic,polo shirt specs,specifiche polo,Poloshirt technische daten
qd1135b394,Sporting Goods,yoga mat,generic,yoga mat rating,valutazione tappetino yoga,Yogamatte bewertung
q0d3e50ee3,Sporting Goods,sports nutrition,generic,sports nutrition under 100,nutrizione sportiva sotto 100 euro,Sportnahrung unter 100 euro
qb83f2a82f,Apparel & Accessories,sunglasses,generic,cheap sunglasses,occhiali da sole economici,günstiger Sonnenbrille
q4ddd8efa9,Apparel & Accessories,sport shorts,generic,sport shorts review,recensione pantaloncini sportivi,Sporthose test
qf9b22329a,Electronics,gaming console,generic,gaming console professional,console di gioco professionale,professioneller Spielkonsole
q100bc26bf,Electronics,gaming console,branded,buy PlayStation 5,acquista PlayStation 5,PlayStation 5 kaufen
qda10eeb56,Sporting Goods,energy gel,generic,energy gel online,gel energetico online,Energiegel online
qbee93421b,Electronics,gaming laptop,branded,MSI Titan GT77 price,MSI Titan GT77 prezzo,MSI Titan GT77 preis
q897e72b36,Electronics,tripod,generic,tripod for beginners,treppiede per principianti,Stativ für anfänger
qd032cd47c,Apparel & Accessories,sports bra,generic,sports bra under 100,reggiseno sportivo sotto 100 euro,Sport-BH unter 100 euro
qc285e9c24,Home & Garden,stand mixer,generic,buy stand mixer,acquista impastatrice,Küchenmaschine kaufen
qefe35cd8d,Beauty & Personal Care,face moisturiser,generic,best value face moisturiser,crema idratante viso miglior rapporto qualità prezzo,bestes preis-leistungs Gesichtscreme
qfe9651d72,Baby & Kids,children bicycle,generic,children bicycle specs,specifiche bicicletta bambini,Kinderfahrrad technische daten
qed3381179,Electronics,VR headset,generic,VR headset under 100,visore VR sotto 100 euro,VR-Headset unter 100 euro
qa62ffa35c,Sporting Goods,resistance bands,generic,resistance bands sale,elastici fitness saldi,Fitnessbänder sale
qba7354504,Beauty & Personal Care,sunscreen SPF 50,branded,ISDIN Eryfotona Actinica review,ISDIN Eryfotona Actinica recensione,ISDIN Eryfotona Actinica test
qa4dece55f,Sporting Goods,football,generic,football 2024,pallone da calcio 2024,Fußball 2024
q2ccc330b7,Sporting Goods,dumbbell set,branded,Technogym Adjustable Dumbbell,Technogym Adjustable Dumbbell,Technogym Adjustable Dumbbell
q0a621027d,Home & Garden,air purifier,branded,buy Levoit Core 600S,acquista Levoit Core 600S,Levoit Core 600S kaufen
q94fbaeafe,Apparel & Accessories,winter jacket,generic,winter jacket review,recensione giacca invernale,Winterjacke test
qa70422977,Home & Garden,smart lighting,generic,smart lighting sale,illuminazione smart saldi,Smarte Beleuchtung sale
q696f54e94,Electronics,camera bag,generic,best camera bag,migliori borsa per fotocamera,bestes Kameratasche
q90f79a4f9,Electronics,phone case,branded,buy Spigen Tough Armor iPhone 15,acquista Spigen Tough Armor iPhone 15,Spigen Tough Armor iPhone 15 kaufen
qc4e4d6544,Home & Garden,espresso machine,branded,De'Longhi La Specialista,De'Longhi La Specialista,De'Longhi La Specialista
q2d83a4a5d,Electronics,external hard drive,branded,WD My Passport 2TB review,WD My Passport 2TB recensione,WD My Passport 2TB test
qdef575374,Electronics,screen protector,generic,screen protector sale,protezione schermo saldi,Displayschutzfolie sale
q11600ccaf,Sporting Goods,badminton racket,generic,badminton racket specs,specifiche racchetta da badminton,Badmintonschläger technische daten
q0ededf035,Electronics,action camera,branded,GoPro Hero 12,GoPro Hero 12,GoPro Hero 12
qbf4ff1336,Home & Garden,vacuum cleaner,generic,buy vacuum cleaner online,comprare aspirapolvere online,Staubsauger online kaufen
q7f9858f2b,Sporting Goods,pull-up bar,generic,pull-up bar under 100,sbarra per trazioni sotto 100 euro,Klimmzugstange unter 100 euro
q10bffcf94,Home & Garden,air fryer,branded,Tefal Easy Fry Deluxe,Tefal Easy Fry Deluxe,Tefal Easy Fry Deluxe
q15b8ddc73,Electronics,OLED television,generic,compare OLED television,confronta televisore OLED,OLED-Fernseher vergleich
q6377b8dea,Electronics,earbuds,branded,Apple AirPods Pro 2 price,Apple AirPods Pro 2 prezzo,Apple AirPods Pro 2 preis
q97856042f,Home & Garden,air purifier,branded,Levoit Core 600S offers,Levoit Core 600S offerte,Levoit Core 600S angebote
q7b837143b,Apparel & Accessories,running shoes,branded,Adidas Gazelle offers,Adidas Gazelle offerte,Adidas Gazelle angebote
q582116e4a,Apparel & Accessories,hiking boots,branded,La Sportiva TX5 GTX,La Sportiva TX5 GTX,La Sportiva TX5 GTX
q78dbdf436,Sporting Goods,cycling helmet,generic,cycling helmet 2024,casco da bici 2024,Fahrradhelm 2024
q9807c5f9b,Home & Garden,espresso machine,branded,buy Gaggia Classic Pro,acquista Gaggia Classic Pro,Gaggia Classic Pro kaufen
q34182548b,Sporting Goods,yoga mat,branded,Manduka PRO Yoga Mat review,Manduka PRO Yoga Mat recensione,Manduka PRO Yoga Mat test
q56e86ada6,Electronics,mechanical keyboard,branded,Logitech MX Mechanical offers,Logitech MX Mechanical offerte,Logitech MX Mechanical angebote
q18155e85b,Electronics,mechanical keyboard,generic,mechanical keyboard for beginners,tastiera meccanica per principianti,Mechanische Tastatur für anfänger
q1e91a2242,Electronics,phone case,generic,phone case,custodia per telefono,Handyhülle
q8aae40147,Apparel & Accessories,winter jacket,branded,Patagonia Down Sweater price,Patagonia Down Sweater prezzo,Patagonia Down Sweater preis
q5d2e006c6,Apparel & Accessories,hiking boots,branded,buy Salomon X Ultra 4,acquista Salomon X Ultra 4,Salomon X Ultra 4 kaufen
q706b4d618,Home & Garden,coffee machine,generic,coffee machine amazon,macchina del caffè amazon,Kaffeemaschine amazon
q60c9765bb,Electronics,gaming console,branded,Nintendo Switch 2,Nintendo Switch 2,Nintendo Switch 2
qd9f19404f,Apparel & Accessories,fitness tracker,branded,Fitbit Charge 6 price,Fitbit Charge 6 prezzo,Fitbit Charge 6 preis
qb64a82584,Electronics,ultrabook,generic,buy ultrabook,acquista ultrabook,Ultrabook kaufen
qcb3269c97,Beauty & Personal Care,face moisturiser,branded,La Roche-Posay Toleriane Double Repair review,La Roche-Posay Toleriane Double Repair recensione,La Roche-Posay Toleriane Double Repair test
q2c9f9f95c,Apparel & Accessories,sunglasses,generic,sunglasses for beginners,occhiali da sole per principianti,Sonnenbrille für anfänger
q85fb96e7f,Electronics,phone case,generic,phone case sale,custodia per telefono saldi,Handyhülle sale
qc3698d1ec,Electronics,wireless headphones,generic,wireless headphones under 100,cuffie wireless sotto 100 euro,Kabellose Kopfhörer unter 100 euro
qeb0b8c888,Home & Garden,air purifier,generic,air purifier online,purificatore d'aria online,Luftreiniger online
q42d72026f,Apparel & Accessories,running shoes,branded,Adidas Samba OG,Adidas Samba OG,Adidas Samba OG
qe88ff1b13,Sporting Goods,pull-up bar,generic,cheap pull-up bar,sbarra per trazioni economici,günstiger Klimmzugstange
q018ac0cac,Electronics,power bank,branded,Belkin BPB011,Belkin BPB011,Belkin BPB011
q6c2bada95,Baby & Kids,scooter kids,generic,top scooter kids,top monopattino bambini,top Kinderroller
q8171b85c9,Baby & Kids,baby stroller,branded,Bugaboo Fox 5 review,Bugaboo Fox 5 recensione,Bugaboo Fox 5 test
qf2e013422,Electronics,flagship smartphone,generic,best value flagship smartphone,smartphone top di gamma miglior rapporto qualità prezzo,bestes preis-leistungs Flagship-Smartphone
q733ca550b,Electronics,mirrorless camera,generic,mirrorless camera 2024,fotocamera mirrorless 2024,Systemkamera 2024
qc083e94c0,Sporting Goods,GPS running watch,generic,GPS running watch deals,orologio GPS corsa occasioni,GPS-Laufuhr schnäppchen
qa4783d922,Beauty & Personal Care,vitamin C serum,generic,vitamin C serum professional,siero vitamina C professionale,professioneller Vitamin-C-Serum
qb848ad114,Apparel & Accessories,running jacket,generic,buy running jacket online,comprare giacca da corsa online,Laufjacke online kaufen
qc509c95c2,Electronics,gaming controller,generic,gaming controller under 500,controller gaming sotto 500 euro,Gaming-Controller unter 500 euro
qb71cb553f,Sporting Goods,climbing harness,generic,climbing harness online,imbrago da arrampicata online,Klettergurt online
qbba443ade,Electronics,home cinema system,generic,buy home cinema system online,comprare sistema home cinema online,Heimkinosystem online kaufen
qed8ecc507,Electronics,smartphone,branded,iPhone 15 price,iPhone 15 prezzo,iPhone 15 preis
qc6609bb57,Electronics,mechanical keyboard,generic,mechanical keyboard amazon,tastiera meccanica amazon,Mechanische Tastatur amazon
qfc6674a55,Home & Garden,coffee machine,generic,buy coffee machine online,comprare macchina del caffè online,Kaffeemaschine online kaufen
q50d8b78fa,Home & Garden,office chair,branded,Herman Miller Aeron price,Herman Miller Aeron prezzo,Herman Miller Aeron preis
qf6d3293da,Sporting Goods,pull-up bar,generic,pull-up bar,sbarra per trazioni,Klimmzugstange
q865f51233,Baby & Kids,baby monitor,generic,baby monitor online,baby monitor online,Babyphone online
q987239bcb,Home & Garden,robot vacuum cleaner,generic,where to buy robot vacuum cleaner,dove comprare aspirapolvere robot,wo Saugroboter kaufen
qad85e1fa9,Sporting Goods,surf board,branded,Firewire Seaside offers,Firewire Seaside offerte,Firewire Seaside angebote
q3c0227755,Electronics,business laptop,generic,top business laptop,top laptop business,top Business-Laptop
q99ab0775d,Baby & Kids,baby stroller,branded,Bugaboo Fox 5 offers,Bugaboo Fox 5 offerte,Bugaboo Fox 5 angebote
q74381a859,Sporting Goods,kettlebell,generic,kettlebell under 500,kettlebell sotto 500 euro,Kettlebell unter 500 euro
q5f6cdd523,Electronics,gaming monitor,branded,ASUS ROG Swift PG279QM offers,ASUS ROG Swift PG279QM offerte,ASUS ROG Swift PG279QM angebote
q376372583,Apparel & Accessories,sunglasses,generic,sunglasses under 100,occhiali da sole sotto 100 euro,Sonnenbrille unter 100 euro
qd266cc663,Electronics,laptop stand,generic,laptop stand for beginners,supporto laptop per principianti,Laptop-Ständer für anfänger
q28a8a933a,Sporting Goods,trekking poles,generic,trekking poles under 500,bastoni da trekking sotto 500 euro,Wanderstöcke unter 500 euro
q221152d6e,Electronics,iPad,generic,cheap iPad,iPad economici,günstiger iPad
q669ca6e3e,Electronics,instant camera,generic,instant camera review,recensione fotocamera istantanea,Sofortbildkamera test
q36beb90ba,Apparel & Accessories,running shoes,branded,Hoka Mach 6,Hoka Mach 6,Hoka Mach 6
qc94e48252,Home & Garden,smart lighting,generic,cheap smart lighting,illuminazione smart economici,günstiger Smarte Beleuchtung
q492ee8ab0,Apparel & Accessories,running shoes,branded,On Cloud 5 review,On Cloud 5 recensione,On Cloud 5 test
qedaca768c,Electronics,QLED television,generic,best value QLED television,televisore QLED miglior rapporto qualità prezzo,bestes preis-leistungs QLED-Fernseher
q06a93d3db,Electronics,flagship smartphone,generic,flagship smartphone review,recensione smartphone top di gamma,Flagship-Smartphone test
q0ee785371,Home & Garden,blender,generic,blender offers,offerte frullatore,Mixer angebote
qaeb3832e9,Sporting Goods,trekking poles,generic,top trekking poles,top bastoni da trekking,top Wanderstöcke
q39766f4ea,Sporting Goods,sleeping bag,generic,best sleeping bag,migliori sacco a pelo,bestes Schlafsack
q6fbc01774,Home & Garden,monitor arm,generic,cheap monitor arm,braccio per monitor economici,günstiger Monitorhalterung
q8dd38c6d6,Electronics,noise cancelling headphones,branded,Sony WH-1000XM5 review,Sony WH-1000XM5 recensione,Sony WH-1000XM5 test
q5c43f75f0,Electronics,wireless headphones,branded,Marshall Major V,Marshall Major V,Marshall Major V
qafa20a030,Home & Garden,capsule coffee machine,generic,best capsule coffee machine,migliori macchina caffè capsule,bestes Kapselkaffeemaschine
qe74f40e52,Electronics,soundbar,branded,Sony HT-A7000,Sony HT-A7000,Sony HT-A7000
qca8014d2a,Sporting Goods,road bike,generic,road bike offers,offerte bici da strada,Rennrad angebote
q743cb7e35,Sporting Goods,energy gel,generic,buy energy gel,acquista gel energetico,Energiegel kaufen
q3453e3b44,Home & Garden,smart thermostat,generic,smart thermostat 2024,termostato intelligente 2024,Smartes Thermostat 2024
qf8087faf5,Electronics,wireless headphones,branded,Beats Studio Pro review,Beats Studio Pro recensione,Beats Studio Pro test
q2f8046823,Apparel & Accessories,running watch,generic,running watch under 500,orologio da corsa sotto 500 euro,Laufuhr unter 500 euro
qe3c0fd1fc,Apparel & Accessories,sports bag,generic,where to buy sports bag,dove comprare borsa sportiva,wo Sporttasche kaufen
q28fd88995,Home & Garden,capsule coffee machine,branded,Nespresso Essenza Mini review,Nespresso Essenza Mini recensione,Nespresso Essenza Mini test
qc9724f3d2,Apparel & Accessories,polo shirt,generic,polo shirt price,prezzo polo,Poloshirt preis
q014de855e,Electronics,2-in-1 laptop,generic,2-in-1 laptop sale,laptop 2-in-1 saldi,2-in-1-Laptop sale
qde63f44b8,Electronics,gaming monitor,branded,buy LG UltraGear 27GP850,acquista LG UltraGear 27GP850,LG UltraGear 27GP850 kaufen
q6946a957d,Home & Garden,smart lighting,branded,buy LIFX Color 1000lm,acquista LIFX Color 1000lm,LIFX Color 1000lm kaufen
q8218092d8,Beauty & Personal Care,nail polish,generic,compare nail polish,confronta smalto per unghie,Nagellack vergleich
qb0e42448c,Home & Garden,espresso machine,generic,best value espresso machine,macchina per espresso miglior rapporto qualità prezzo,bestes preis-leistungs Espressomaschine
q280ace01e,Electronics,gaming mouse,generic,gaming mouse under 100,mouse gaming sotto 100 euro,Gaming-Maus unter 100 euro
qf51636822,Electronics,ultrabook,generic,ultrabook under 500,ultrabook sotto 500 euro,Ultrabook unter 500 euro
q7dbf2aa0f,Electronics,gaming mouse,generic,gaming mouse deals,mouse gaming occasioni,Gaming-Maus schnäppchen
qbc07ccf8d,Electronics,action camera,generic,action camera price,prezzo action camera,Action-Kamera preis
qe3e37dcba,Home & Garden,air purifier,generic,air purifier for beginners,purificatore d'aria per principianti,Luftreiniger für anfänger
q8b5a836a0,Electronics,external hard drive,generic,external hard drive offers,offerte hard disk esterno,Externe Festplatte angebote
q7568d6ad6,Sporting Goods,sleeping bag,generic,compare sleeping bag,confronta sacco a pelo,Schlafsack vergleich
q8a54ba736,Electronics,laptop stand,generic,laptop stand sale,supporto laptop saldi,Laptop-Ständer sale
q64393a324,Sporting Goods,camping tent,generic,buy camping tent,acquista tenda da campeggio,Campingzelt kaufen
q24fa5c011,Electronics,OLED television,generic,best value OLED television,televisore OLED miglior rapporto qualità prezzo,bestes preis-leistungs OLED-Fernseher
q8fec4fc7e,Sporting Goods,football,generic,football price,prezzo pallone da calcio,Fußball preis
q6106d8263,Electronics,gaming chair,generic,gaming chair for beginners,sedia gaming per principianti,Gaming-Stuhl für anfänger
qc0b2a1e30,Sporting Goods,road bike,generic,road bike specs,specifiche bici da strada,Rennrad technische daten
q1fd6e4a34,Electronics,budget smartphone,generic,best value budget smartphone,smartphone economico miglior rapporto qualità prezzo,bestes preis-leistungs Günstiges Smartphone
qa058db715,Electronics,gaming chair,generic,gaming chair,sedia gaming,Gaming-Stuhl
q9fa19fc14,Electronics,earbuds,generic,earbuds 2024,auricolari 2024,Ohrstöpsel 2024
qadcc5a57d,Home & Garden,hair dryer,generic,hair dryer price,prezzo asciugacapelli,Haartrockner preis
qf0c222d51,Electronics,USB-C cable,generic,USB-C cable amazon,cavo USB-C amazon,USB-C-Kabel amazon
q52e319c65,Sporting Goods,road bike,branded,BMC Teammachine SLR price,BMC Teammachine SLR prezzo,BMC Teammachine SLR preis
q233122de5,Apparel & Accessories,football boots,generic,football boots amazon,scarpe da calcio amazon,Fußballschuhe amazon
q0aadd52ec,Sporting Goods,yoga mat,generic,yoga mat offers,offerte tappetino yoga,Yogamatte angebote
q4a5a56a68,Home & Garden,office chair,branded,ErgoChair Pro+ offers,ErgoChair Pro+ offerte,ErgoChair Pro+ angebote
q81e2ab631,Apparel & Accessories,sport shorts,generic,sport shorts professional,pantaloncini sportivi professionale,professioneller Sporthose
q03937de99,Home & Garden,air purifier,branded,Dyson Purifier Hot+Cool,Dyson Purifier Hot+Cool,Dyson Purifier Hot+Cool
qafe09b579,Sporting Goods,resistance bands,generic,top resistance bands,top elastici fitness,top Fitnessbänder
q1ca8315df,Home & Garden,espresso machine,branded,buy Breville Barista Express,acquista Breville Barista Express,Breville Barista Express kaufen
qbe3695652,Electronics,projector,generic,best value projector,proiettore miglior rapporto qualità prezzo,bestes preis-leistungs Beamer
qd02bd7d0f,Electronics,gaming console,generic,where to buy gaming console,dove comprare console di gioco,wo Spielkonsole kaufen
qd19f50394,Electronics,soundbar,generic,compare soundbar,confronta soundbar,Soundbar vergleich
q89eb5de8d,Beauty & Personal Care,retinol cream,generic,retinol cream 2024,crema al retinolo 2024,Retinol-Creme 2024
q4756b2f98,Beauty & Personal Care,perfume,generic,perfume offers,offerte profumo,Parfüm angebote
q4238d45ef,Electronics,USB hub,generic,USB hub offers,offerte hub USB,USB-Hub angebote
q9ca878303,Sporting Goods,dumbbell set,branded,Technogym Adjustable Dumbbell review,Technogym Adjustable Dumbbell recensione,Technogym Adjustable Dumbbell test
q2d419755b,Electronics,earbuds,branded,Sony WF-1000XM5 review,Sony WF-1000XM5 recensione,Sony WF-1000XM5 test
q0be384d74,Beauty & Personal Care,mascara,generic,mascara amazon,mascara amazon,Mascara amazon
q811e45e0d,Apparel & Accessories,sandals,generic,where to buy sandals,dove comprare sandali,wo Sandalen kaufen
q98a1c7f30,Home & Garden,smart thermostat,generic,cheap smart thermostat,termostato intelligente economici,günstiger Smartes Thermostat
q547597c9d,Baby & Kids,car seat,generic,car seat price,prezzo seggiolino auto,Kindersitz preis
qf37c5d77d,Electronics,SSD,generic,SSD amazon,SSD amazon,SSD amazon
q4ab7f9a8b,Sporting Goods,road bike,generic,best value road bike,bici da strada miglior rapporto qualità prezzo,bestes preis-leistungs Rennrad
q83fe01093,Electronics,noise cancelling headphones,branded,buy Bose QuietComfort Ultra,acquista Bose QuietComfort Ultra,Bose QuietComfort Ultra kaufen
q9834e26df,Apparel & Accessories,sneakers,generic,sneakers 2024,sneakers 2024,Sneaker 2024
q2cf9057b5,Electronics,tripod,generic,tripod rating,valutazione treppiede,Stativ bewertung
qd94e90bfe,Electronics,VR headset,generic,VR headset amazon,visore VR amazon,VR-Headset amazon
qea20d4065,Sporting Goods,resistance bands,generic,resistance bands offers,offerte elastici fitness,Fitnessbänder angebote
qa2a7ab8a8,Home & Garden,coffee machine,branded,Jura E8 price,Jura E8 prezzo,Jura E8 preis
qa8229af73,Sporting Goods,climbing harness,generic,climbing harness for beginners,imbrago da arrampicata per principianti,Klettergurt für anfänger
qa29e825b0,Electronics,tablet,branded,buy Lenovo Tab P12 Pro,acquista Lenovo Tab P12 Pro,Lenovo Tab P12 Pro kaufen
q77cd853dc,Apparel & Accessories,running shoes,branded,Nike Air Max 90 review,Nike Air Max 90 recensione,Nike Air Max 90 test
q29980a261,Home & Garden,instant pot,generic,top instant pot,top pentola a pressione,top Schnellkochtopf
qe50915aa8,Sporting Goods,basketball,generic,best value basketball,pallone da basket miglior rapporto qualità prezzo,bestes preis-leistungs Basketball
q742ffc7e5,Home & Garden,blender,generic,best value blender,frullatore miglior rapporto qualità prezzo,bestes preis-leistungs Mixer
q69c99c9fa,Electronics,digital camera,branded,buy Nikon Z8,acquista Nikon Z8,Nikon Z8 kaufen
qca9a2bc78,Apparel & Accessories,sunglasses,generic,sunglasses amazon,occhiali da sole amazon,Sonnenbrille amazon
q2f5fe504e,Apparel & Accessories,running shoes,branded,ASICS Gel-Nimbus 26,ASICS Gel-Nimbus 26,ASICS Gel-Nimbus 26
q781f30932,Baby & Kids,toys,generic,toys specs,specifiche giocattoli,Spielzeug technische daten
q9abc7bfab,Sporting Goods,foam roller,generic,foam roller under 500,foam roller sotto 500 euro,Schaumstoffrolle unter 500 euro
q69626ac8f,Sporting Goods,protein powder,branded,buy Huel Black Edition,acquista Huel Black Edition,Huel Black Edition kaufen
qc50dae747,Electronics,smartphone,branded,Motorola Edge 50 Pro,Motorola Edge 50 Pro,Motorola Edge 50 Pro
q3f3c02c6e,Electronics,camera lens,branded,Sigma 35mm f/1.4 DG DN,Sigma 35mm f/1.4 DG DN,Sigma 35mm f/1.4 DG DN
q56e5a02b6,Home & Garden,robot vacuum cleaner,generic,cheap robot vacuum cleaner,aspirapolvere robot economici,günstiger Saugroboter
q27c962b86,Apparel & Accessories,football boots,generic,football boots review,recensione scarpe da calcio,Fußballschuhe test
qfb1354ef5,Electronics,smartphone,branded,Samsung Galaxy S24 review,Samsung Galaxy S24 recensione,Samsung Galaxy S24 test
q57670a129,Sporting Goods,basketball,generic,buy basketball,acquista pallone da basket,Basketball kaufen
q004aa1918,Home & Garden,capsule coffee machine,branded,Dolce Gusto Infinissima price,Dolce Gusto Infinissima prezzo,Dolce Gusto Infinissima preis
q52b5b7c33,Sporting Goods,football,generic,football offers,offerte pallone da calcio,Fußball angebote
qc3518f17e,Beauty & Personal Care,vitamin C serum,generic,compare vitamin C serum,confronta siero vitamina C,Vitamin-C-Serum vergleich
q8769c2c65,Electronics,laptop,branded,Dell XPS 13 offers,Dell XPS 13 offerte,Dell XPS 13 angebote
q1798ae0c0,Sporting Goods,camping tent,branded,buy Big Agnes Copper Spur HV UL2,acquista Big Agnes Copper Spur HV UL2,Big Agnes Copper Spur HV UL2 kaufen
q32ce7ae83,Sporting Goods,mountain bike,generic,best mountain bike,migliori mountain bike,bestes Mountainbike
q9882f7755,Home & Garden,robot vacuum cleaner,generic,robot vacuum cleaner rating,valutazione aspirapolvere robot,Saugroboter bewertung
q32445b223,Home & Garden,blender,generic,blender sale,frullatore saldi,Mixer sale
q5b2ed936c,Electronics,mirrorless camera,generic,buy mirrorless camera online,comprare fotocamera mirrorless online,Systemkamera online kaufen
q768ba8664,Electronics,smartphone,branded,Google Pixel 9 price,Google Pixel 9 prezzo,Google Pixel 9 preis
qd642f05c5,Electronics,DAC amplifier,generic,DAC amplifier online,DAC amplificatore online,DAC Verstärker online
q4e7d79c55,Sporting Goods,protein powder,generic,protein powder specs,specifiche proteine in polvere,Proteinpulver technische daten
q9d4329187,Sporting Goods,ski boots,generic,ski boots deals,scarponi da sci occasioni,Skischuhe schnäppchen
qed04f27b3,Home & Garden,office chair,generic,cheap office chair,sedia da ufficio economici,günstiger Bürostuhl
qb710cce7b,Sporting Goods,GPS running watch,branded,buy Coros Pace 3,acquista Coros Pace 3,Coros Pace 3 kaufen
qc3b6cb409,Electronics,tripod,generic,buy tripod,acquista treppiede,Stativ kaufen
q08f9c2990,Electronics,budget smartphone,generic,budget smartphone amazon,smartphone economico amazon,Günstiges Smartphone amazon
q05eb2a620,Electronics,digital camera,branded,Sony A7R V price,Sony A7R V prezzo,Sony A7R V preis
q9f5bc7233,Electronics,gaming mouse,generic,gaming mouse review,recensione mouse gaming,Gaming-Maus test
q32b9f249a,Apparel & Accessories,rain jacket,generic,buy rain jacket,acquista giacca impermeabile,Regenjacke kaufen
q3c7016eec,Baby & Kids,baby carrier,generic,top baby carrier,top marsupio neonato,top Babytrage
q773688283,Sporting Goods,resistance bands,generic,resistance bands deals,elastici fitness occasioni,Fitnessbänder schnäppchen
q35063e0d8,Electronics,Bluetooth speaker,branded,JBL Flip 6 price,JBL Flip 6 prezzo,JBL Flip 6 preis
q20a9d3f67,Electronics,smartphone,branded,Samsung Galaxy S24 Ultra offers,Samsung Galaxy S24 Ultra offerte,Samsung Galaxy S24 Ultra angebote
qfed2bb1f9,Home & Garden,robot vacuum cleaner,generic,robot vacuum cleaner professional,aspirapolvere robot professionale,professioneller Saugroboter
qc60466cf0,Electronics,earbuds,generic,cheap earbuds,auricolari economici,günstiger Ohrstöpsel
q86e380415,Electronics,smartphone,branded,buy iPhone 16 Pro Max,acquista iPhone 16 Pro Max,iPhone 16 Pro Max kaufen
q61ba87d6d,Sporting Goods,pull-up bar,generic,where to buy pull-up bar,dove comprare sbarra per trazioni,wo Klimmzugstange kaufen
qfe9f5a117,Sporting Goods,trekking poles,generic,buy trekking poles,acquista bastoni da trekking,Wanderstöcke kaufen
q359c194a2,Beauty & Personal Care,vitamin C serum,generic,vitamin C serum sale,siero vitamina C saldi,Vitamin-C-Serum sale
qc66a5a511,Home & Garden,security camera,generic,security camera amazon,telecamera di sicurezza amazon,Sicherheitskamera amazon
q206873fd3,Apparel & Accessories,compression socks,generic,cheap compression socks,calze a compressione economici,günstiger Kompressionssocken
q50d855768,Electronics,2-in-1 laptop,generic,2-in-1 laptop under 500,laptop 2-in-1 sotto 500 euro,2-in-1-Laptop unter 500 euro
q7b23910e4,Apparel & Accessories,fitness tracker,generic,buy fitness tracker,acquista fitness tracker,Fitness-Tracker kaufen
qb9a7c108e,Apparel & Accessories,running jacket,generic,cheap running jacket,giacca da corsa economici,günstiger Laufjacke
q823536218,Home & Garden,smart lighting,branded,buy Philips Hue Starter Kit,acquista Philips Hue Starter Kit,Philips Hue Starter Kit kaufen
q8f52fddf5,Sporting Goods,dumbbell set,generic,dumbbell set amazon,set manubri amazon,Hantelset amazon
q54c080ff5,Apparel & Accessories,rain jacket,generic,rain jacket professional,giacca impermeabile professionale,professioneller Regenjacke
q9dbe925d2,Baby & Kids,baby stroller,generic,cheap baby stroller,passeggino economici,günstiger Kinderwagen
qa017866aa,Sporting Goods,protein powder,generic,where to buy protein powder,dove comprare proteine in polvere,wo Proteinpulver kaufen
q0070deae1,Electronics,vinyl record player,generic,vinyl record player review,recensione giradischi,Plattenspieler test
q1ca67928f,Electronics,OLED television,generic,OLED television for beginners,televisore OLED per principianti,OLED-Fernseher für anfänger
q41dc3981f,Home & Garden,air fryer,generic,where to buy air fryer,dove comprare friggitrice ad aria,wo Heißluftfritteuse kaufen
q027c74b42,Sporting Goods,sleeping bag,generic,buy sleeping bag online,comprare sacco a pelo online,Schlafsack online kaufen
qe21dbf5ab,Home & Garden,hair dryer,generic,hair dryer specs,specifiche asciugacapelli,Haartrockner technische daten
q70f413b9d,Home & Garden,robot vacuum cleaner,branded,buy Dyson 360 Vis Nav,acquista Dyson 360 Vis Nav,Dyson 360 Vis Nav kaufen
q522754a6b,Home & Garden,electric toothbrush,generic,buy electric toothbrush online,comprare spazzolino elettrico online,Elektrische Zahnbürste online kaufen
qc6111af31,Electronics,laptop,branded,MacBook Air M3 offers,MacBook Air M3 offerte,MacBook Air M3 angebote
qbf835e16d,Electronics,iPad,generic,top iPad,top iPad,top iPad
qcd5ca5703,Electronics,home cinema system,generic,best value home cinema system,sistema home cinema miglior rapporto qualità prezzo,bestes preis-leistungs Heimkinosystem
qc9ead6c85,Electronics,2-in-1 laptop,generic,2-in-1 laptop rating,valutazione laptop 2-in-1,2-in-1-Laptop bewertung
q91d73cbd6,Home & Garden,hair straightener,branded,buy ghd Platinum+ Styler,acquista ghd Platinum+ Styler,ghd Platinum+ Styler kaufen
q48cf5f5b2,Home & Garden,office chair,generic,office chair review,recensione sedia da ufficio,Bürostuhl test
qc3e55105a,Sporting Goods,kettlebell,generic,kettlebell under 100,kettlebell sotto 100 euro,Kettlebell unter 100 euro
qfd4fc2bc7,Apparel & Accessories,sneakers,branded,Nike Dunk Low review,Nike Dunk Low recensione,Nike Dunk Low test
q77b24ef8e,Electronics,mirrorless camera,generic,mirrorless camera online,fotocamera mirrorless online,Systemkamera online
qd4631c892,Electronics,power bank,generic,top power bank,top power bank,top Powerbank
qe3f36c716,Sporting Goods,road bike,branded,buy Canyon Endurace CF SL,acquista Canyon Endurace CF SL,Canyon Endurace CF SL kaufen
qc26bc58b3,Baby & Kids,children bicycle,branded,Frog Bikes 52 offers,Frog Bikes 52 offerte,Frog Bikes 52 angebote
q63f1dcb0e,Electronics,2-in-1 laptop,generic,where to buy 2-in-1 laptop,dove comprare laptop 2-in-1,wo 2-in-1-Laptop kaufen
q67a1065f3,Home & Garden,monitor arm,generic,monitor arm online,braccio per monitor online,Monitorhalterung online
q79f43d264,Home & Garden,smart doorbell,branded,Google Nest Doorbell offers,Google Nest Doorbell offerte,Google Nest Doorbell angebote
q4b5edb5ac,Sporting Goods,trekking poles,generic,trekking poles professional,bastoni da trekking professionale,professioneller Wanderstöcke
q1f3810432,Apparel & Accessories,basketball shoes,generic,basketball shoes sale,scarpe da basket saldi,Basketballschuhe sale
q07c287d57,Apparel & Accessories,football boots,branded,Nike Mercurial Superfly 10 price,Nike Mercurial Superfly 10 prezzo,Nike Mercurial Superfly 10 preis
qee8c79487,Baby & Kids,baby carrier,generic,baby carrier for beginners,marsupio neonato per principianti,Babytrage für anfänger
q4592409e6,Apparel & Accessories,smartwatch,branded,Garmin Forerunner 965 price,Garmin Forerunner 965 prezzo,Garmin Forerunner 965 preis
q6c0b4f1fc,Electronics,power bank,generic,buy power bank,acquista power bank,Powerbank kaufen
q0075cd14f,Apparel & Accessories,running shoes,branded,New Balance 574 price,New Balance 574 prezzo,New Balance 574 preis
qb652eaed9,Home & Garden,electric razor,generic,buy electric razor,acquista rasoio elettrico,Elektrorasierer kaufen
qa6bc588b1,Sporting Goods,treadmill,generic,treadmill under 100,tapis roulant sotto 100 euro,Laufband unter 100 euro
q10a2a8db0,Electronics,action camera,branded,DJI Osmo Action 4 offers,DJI Osmo Action 4 offerte,DJI Osmo Action 4 angebote
q44cbf310b,Electronics,gaming monitor,generic,gaming monitor offers,offerte monitor gaming,Gaming-Monitor angebote
q2add93928,Sporting Goods,foam roller,generic,buy foam roller,acquista foam roller,Schaumstoffrolle kaufen
q0718ec799,Home & Garden,espresso machine,generic,espresso machine 2024,macchina per espresso 2024,Espressomaschine 2024
qb7c61bb5b,Home & Garden,hair dryer,generic,hair dryer online,asciugacapelli online,Haartrockner online
q4fb14d814,Home & Garden,blender,branded,KitchenAid K400,KitchenAid K400,KitchenAid K400
q08edeea30,Beauty & Personal Care,mascara,generic,mascara for beginners,mascara per principianti,Mascara für anfänger
qfa134babd,Beauty & Personal Care,retinol cream,generic,retinol cream specs,specifiche crema al retinolo,Retinol-Creme technische daten
q8652802c7,Sporting Goods,protein powder,generic,protein powder,proteine in polvere,Proteinpulver
q4d866e70a,Apparel & Accessories,running shoes,branded,Nike Invincible 3 price,Nike Invincible 3 prezzo,Nike Invincible 3 preis
q370668bdb,Electronics,smartphone,branded,buy iPhone 15 Pro,acquista iPhone 15 Pro,iPhone 15 Pro kaufen
qba8882238,Electronics,DAC amplifier,generic,DAC amplifier specs,specifiche DAC amplificatore,DAC Verstärker technische daten
qb4dc72a8e,Electronics,VR headset,generic,VR headset price,prezzo visore VR,VR-Headset preis
q4e26a6cdc,Sporting Goods,GPS running watch,branded,buy Garmin Forerunner 955,acquista Garmin Forerunner 955,Garmin Forerunner 955 kaufen
qd9e70b0ef,Sporting Goods,road bike,generic,road bike 2024,bici da strada 2024,Rennrad 2024
q77accd453,Apparel & Accessories,running shoes,branded,Adidas Gazelle review,Adidas Gazelle recensione,Adidas Gazelle test
q32533cf1f,Apparel & Accessories,hiking boots,generic,top hiking boots,top scarpe da trekking,top Wanderstiefel
qec6e2f411,Electronics,external hard drive,generic,external hard drive sale,hard disk esterno saldi,Externe Festplatte sale
qf5625c4d0,Apparel & Accessories,athletic shoes,generic,athletic shoes,scarpe sportive,Sportschuhe
qc7ce463a3,Apparel & Accessories,boots,generic,boots amazon,stivali amazon,Stiefel amazon
q5fc3a5584,Baby & Kids,baby stroller,generic,best value baby stroller,passeggino miglior rapporto qualità prezzo,bestes preis-leistungs Kinderwagen
q7dc24517a,Electronics,USB-C cable,generic,USB-C cable price,prezzo cavo USB-C,USB-C-Kabel preis
qeba65c52e,Apparel & Accessories,sneakers,branded,Nike Jordan 1 Retro High,Nike Jordan 1 Retro High,Nike Jordan 1 Retro High
q9f549868e,Apparel & Accessories,boots,generic,boots 2024,stivali 2024,Stiefel 2024
q0b04735c9,Beauty & Personal Care,foundation makeup,generic,cheap foundation makeup,fondotinta economici,günstiger Foundation
qadfb32160,Beauty & Personal Care,face moisturiser,generic,buy face moisturiser,acquista crema idratante viso,Gesichtscreme kaufen
q101dbc088,Home & Garden,smart thermostat,generic,top smart thermostat,top termostato intelligente,top Smartes Thermostat
qd9fa62ed8,Sporting Goods,climbing harness,generic,climbing harness rating,valutazione imbrago da arrampicata,Klettergurt bewertung
qdd49ebb48,Apparel & Accessories,compression socks,generic,top compression socks,top calze a compressione,top Kompressionssocken
q10b2b781c,Electronics,camera bag,generic,camera bag for beginners,borsa per fotocamera per principianti,Kameratasche für anfänger
qd8779ff74,Electronics,gaming console,branded,Nintendo Switch 2 offers,Nintendo Switch 2 offerte,Nintendo Switch 2 angebote
q3c2062018,Apparel & Accessories,winter jacket,branded,Columbia Omni-Heat price,Columbia Omni-Heat prezzo,Columbia Omni-Heat preis
q2b49d9380,Electronics,earbuds,generic,earbuds specs,specifiche auricolari,Ohrstöpsel technische daten
qd935cf3e2,Electronics,laptop,branded,buy MacBook Air M3,acquista MacBook Air M3,MacBook Air M3 kaufen
qc6b5d8835,Electronics,business laptop,generic,business laptop under 500,laptop business sotto 500 euro,Business-Laptop unter 500 euro
q3c73951b8,Home & Garden,monitor arm,generic,compare monitor arm,confronta braccio per monitor,Monitorhalterung vergleich
q49df987f7,Electronics,gaming console,generic,gaming console rating,valutazione console di gioco,Spielkonsole bewertung
qe69a4ba9e,Electronics,ultrabook,generic,ultrabook 2024,ultrabook 2024,Ultrabook 2024
qed2f71b07,Sporting Goods,cycling helmet,generic,best cycling helmet,migliori casco da bici,bestes Fahrradhelm
qa51d635ec,Electronics,digital camera,branded,Panasonic Lumix S5 II review,Panasonic Lumix S5 II recensione,Panasonic Lumix S5 II test
q81bc7639f,Electronics,instant camera,generic,instant camera online,fotocamera istantanea online,Sofortbildkamera online
q0322e368e,Electronics,drone with camera,generic,drone with camera professional,drone con fotocamera professionale,professioneller Drohne mit Kamera
q42f70ddd9,Electronics,wireless headphones,generic,wireless headphones rating,valutazione cuffie wireless,Kabellose Kopfhörer bewertung
qb081b72f9,Electronics,noise cancelling headphones,branded,buy Sennheiser Momentum 4,acquista Sennheiser Momentum 4,Sennheiser Momentum 4 kaufen
q8f95005b8,Beauty & Personal Care,foundation makeup,generic,best value foundation makeup,fondotinta miglior rapporto qualità prezzo,bestes preis-leistungs Foundation
qc20318436,Apparel & Accessories,backpack,branded,Osprey Atmos AG 65 price,Osprey Atmos AG 65 prezzo,Osprey Atmos AG 65 preis
q187f9fef7,Electronics,home cinema system,generic,home cinema system professional,sistema home cinema professionale,professioneller Heimkinosystem
qdd78a14af,Electronics,noise cancelling headphones,generic,compare noise cancelling headphones,confronta cuffie noise cancelling,Noise-Cancelling-Kopfhörer vergleich
q8ec71bb5d,Electronics,gaming mouse,branded,Razer DeathAdder V3 price,Razer DeathAdder V3 prezzo,Razer DeathAdder V3 preis
q7cf0c0f4f,Electronics,laptop,generic,laptop 2024,laptop 2024,Laptop 2024
qbfe3e803e,Home & Garden,vacuum cleaner,branded,Shark Vertex AZ2002 offers,Shark Vertex AZ2002 offerte,Shark Vertex AZ2002 angebote
qf588c732a,Beauty & Personal Care,sunscreen SPF 50,generic,sunscreen SPF 50 offers,offerte crema solare SPF 50,Sonnencreme SPF 50 angebote
q0251db665,Electronics,streaming device,generic,streaming device review,recensione dispositivo streaming,Streaming-Gerät test
q793cd6fb8,Electronics,4K television,generic,top 4K television,top televisore 4K,top 4K-Fernseher
qf46469486,Sporting Goods,resistance bands,generic,resistance bands for beginners,elastici fitness per principianti,Fitnessbänder für anfänger
qaba5803ec,Home & Garden,blender,generic,buy blender,acquista frullatore,Mixer kaufen
q4847bce5d,Electronics,budget smartphone,generic,budget smartphone under 500,smartphone economico sotto 500 euro,Günstiges Smartphone unter 500 euro
q960f615f6,Beauty & Personal Care,perfume,branded,Versace Eros,Versace Eros,Versace Eros
qd9e13fde8,Electronics,mechanical keyboard,generic,mechanical keyboard professional,tastiera meccanica professionale,professioneller Mechanische Tastatur
qe3c74105e,Electronics,business laptop,generic,business laptop specs,specifiche laptop business,Business-Laptop technische daten
qbf1c28631,Electronics,digital camera,branded,Canon EOS 70D review,Canon EOS 70D recensione,Canon EOS 70D test
q012d29347,Home & Garden,robot vacuum cleaner,branded,buy Shark Matrix Robot,acquista Shark Matrix Robot,Shark Matrix Robot kaufen
qb3dbd2a28,Home & Garden,office chair,branded,Steelcase Leap V2,Steelcase Leap V2,Steelcase Leap V2
q8d2782613,Electronics,smartphone,branded,Sony Xperia 1 VI price,Sony Xperia 1 VI prezzo,Sony Xperia 1 VI preis
qca7a56891,Sporting Goods,dumbbell set,branded,Technogym Adjustable Dumbbell offers,Technogym Adjustable Dumbbell offerte,Technogym Adjustable Dumbbell angebote
qdaa3f409b,Home & Garden,instant pot,generic,instant pot price,prezzo pentola a pressione,Schnellkochtopf preis
qad8e62ae8,Sporting Goods,tennis racket,branded,Wilson Pro Staff RF97,Wilson Pro Staff RF97,Wilson Pro Staff RF97
qb057d2b5a,Apparel & Accessories,sport shorts,generic,buy sport shorts,acquista pantaloncini sportivi,Sporthose kaufen
qa16ff343b,Sporting Goods,e-bike,branded,Giant Stance E+ 2 offers,Giant Stance E+ 2 offerte,Giant Stance E+ 2 angebote
q7f68ea457,Apparel & Accessories,hiking boots,generic,hiking boots for beginners,scarpe da trekking per principianti,Wanderstiefel für anfänger
qe12a95218,Baby & Kids,children bicycle,generic,buy children bicycle,acquista bicicletta bambini,Kinderfahrrad kaufen
qb1dd9aab0,Electronics,vinyl record player,generic,vinyl record player offers,offerte giradischi,Plattenspieler angebote
q7637c7da4,Sporting Goods,camping tent,generic,camping tent under 500,tenda da campeggio sotto 500 euro,Campingzelt unter 500 euro
q43ae53d7b,Apparel & Accessories,running shoes,generic,buy running shoes online,comprare scarpe da corsa online,Laufschuhe online kaufen
qd7814a5b4,Sporting Goods,road bike,generic,top road bike,top bici da strada,top Rennrad
qdd96accd7,Home & Garden,vacuum cleaner,branded,Dyson V15 Detect review,Dyson V15 Detect recensione,Dyson V15 Detect test
qc1a6d7e39,Electronics,streaming device,branded,buy Roku Streaming Stick 4K,acquista Roku Streaming Stick 4K,Roku Streaming Stick 4K kaufen
q6f8af65fb,Apparel & Accessories,hiking boots,branded,buy La Sportiva TX5 GTX,acquista La Sportiva TX5 GTX,La Sportiva TX5 GTX kaufen
qb175c2960,Electronics,gaming laptop,generic,gaming laptop deals,laptop da gaming occasioni,Gaming-Laptop schnäppchen
q37bb9cf50,Home & Garden,smart doorbell,generic,smart doorbell online,videocitofono smart online,Video-Türklingel online
q35deb99b3,Apparel & Accessories,running jacket,generic,running jacket under 100,giacca da corsa sotto 100 euro,Laufjacke unter 100 euro
q6df11167e,Beauty & Personal Care,mascara,generic,compare mascara,confronta mascara,Mascara vergleich
qb795a9225,Apparel & Accessories,basketball shoes,generic,cheap basketball shoes,scarpe da basket economici,günstiger Basketballschuhe
q832fe695d,Apparel & Accessories,running jacket,generic,running jacket under 500,giacca da corsa sotto 500 euro,Laufjacke unter 500 euro
q8160a962d,Apparel & Accessories,running watch,generic,running watch sale,orologio da corsa saldi,Laufuhr sale
qad907ea9e,Electronics,smartphone,branded,Samsung Galaxy S25,Samsung Galaxy S25,Samsung Galaxy S25
q58e84193b,Electronics,streaming device,generic,streaming device under 100,dispositivo streaming sotto 100 euro,Streaming-Gerät unter 100 euro
q8083fc814,Electronics,mirrorless camera,generic,mirrorless camera specs,specifiche fotocamera mirrorless,Systemkamera technische daten
q7dd9b94d9,Electronics,memory card,generic,memory card professional,scheda di memoria professionale,professioneller Speicherkarte
q3e8853afd,Sporting Goods,protein powder,generic,cheap protein powder,proteine in polvere economici,günstiger Proteinpulver
q121199d85,Home & Garden,security camera,generic,security camera 2024,telecamera di sicurezza 2024,Sicherheitskamera 2024
q6cad0f3e5,Apparel & Accessories,basketball shoes,generic,basketball shoes,scarpe da basket,Basketballschuhe
qf4bf80332,Electronics,camera lens,generic,camera lens review,recensione obiettivo fotografico,Kameraobjektiv test
q49be6d10d,Sporting Goods,heart rate monitor,generic,heart rate monitor under 500,cardiofrequenzimetro sotto 500 euro,Herzfrequenzmesser unter 500 euro
q302939ede,Sporting Goods,mountain bike,generic,mountain bike for beginners,mountain bike per principianti,Mountainbike für anfänger
q452a37a77,Beauty & Personal Care,face moisturiser,generic,face moisturiser review,recensione crema idratante viso,Gesichtscreme test
qb036a7258,Electronics,OLED television,branded,LG C3 OLED 65 offers,LG C3 OLED 65 pollici offerte,LG C3 OLED 65 Zoll angebote
qfa42e5d5e,Home & Garden,electric razor,branded,Braun Series 9 Pro+ price,Braun Series 9 Pro+ prezzo,Braun Series 9 Pro+ preis
q77e7d7738,Sporting Goods,climbing harness,generic,climbing harness under 100,imbrago da arrampicata sotto 100 euro,Klettergurt unter 100 euro
qabeb1411f,Electronics,Bluetooth speaker,generic,best value Bluetooth speaker,speaker Bluetooth miglior rapporto qualità prezzo,bestes preis-leistungs Bluetooth-Lautsprecher
qca7018f00,Baby & Kids,scooter kids,generic,scooter kids online,monopattino bambini online,Kinderroller online
qb701f4e16,Sporting Goods,ski helmet,generic,ski helmet for beginners,casco da sci per principianti,Skihelm für anfänger
q39cd29e81,Apparel & Accessories,rain jacket,generic,top rain jacket,top giacca impermeabile,top Regenjacke
q91c25db61,Sporting Goods,basketball,generic,basketball specs,specifiche pallone da basket,Basketball technische daten
q059804c30,Electronics,phone case,generic,phone case 2024,custodia per telefono 2024,Handyhülle 2024
q925339886,Apparel & Accessories,tennis shoes,generic,tennis shoes,scarpe da tennis,Tennisschuhe
q7a85bf3dd,Sporting Goods,tennis racket,generic,where to buy tennis racket,dove comprare racchetta da tennis,wo Tennisschläger kaufen
qde64a6f59,Sporting Goods,GPS running watch,branded,Suunto Race,Suunto Race,Suunto Race
q0384c32e1,Electronics,OLED television,generic,OLED television deals,televisore OLED occasioni,OLED-Fernseher schnäppchen
q8b4b27b5d,Sporting Goods,road bike,branded,Canyon Endurace CF SL,Canyon Endurace CF SL,Canyon Endurace CF SL
qbb09414d2,Home & Garden,air fryer,generic,top air fryer,top friggitrice ad aria,top Heißluftfritteuse
qddd472faf,Electronics,smartphone,branded,Honor Magic 6 Pro price,Honor Magic 6 Pro prezzo,Honor Magic 6 Pro preis
qc0dbc3804,Home & Garden,standing desk,generic,standing desk price,prezzo scrivania regolabile,Höhenverstellbarer Schreibtisch preis
q39ceb508c,Apparel & Accessories,rain jacket,generic,rain jacket under 100,giacca impermeabile sotto 100 euro,Regenjacke unter 100 euro
q6cc0c2df4,Electronics,instant camera,generic,where to buy instant camera,dove comprare fotocamera istantanea,wo Sofortbildkamera kaufen
q64e3ac5d2,Electronics,DAC amplifier,generic,DAC amplifier price,prezzo DAC amplificatore,DAC Verstärker preis
qffcc64268,Apparel & Accessories,smartwatch,generic,buy smartwatch online,comprare smartwatch online,Smartwatch online kaufen
q3cc7f7d25,Beauty & Personal Care,perfume,generic,buy perfume online,comprare profumo online,Parfüm online kaufen
qf12c1a019,Electronics,OLED television,branded,LG G3 OLED offers,LG G3 OLED offerte,LG G3 OLED angebote
qcac9cd400,Home & Garden,humidifier,generic,best value humidifier,umidificatore miglior rapporto qualità prezzo,bestes preis-leistungs Luftbefeuchter
qbc4743486,Beauty & Personal Care,mascara,generic,mascara deals,mascara occasioni,Mascara schnäppchen
qffdd87b50,Apparel & Accessories,backpack,branded,buy Osprey Atmos AG 65,acquista Osprey Atmos AG 65,Osprey Atmos AG 65 kaufen
qf7c8065fc,Electronics,VR headset,branded,Meta Quest 3 price,Meta Quest 3 prezzo,Meta Quest 3 preis
qeb129de5b,Home & Garden,security camera,branded,buy Ring Video Doorbell 4,acquista Ring Video Doorbell 4,Ring Video Doorbell 4 kaufen
q3c89c50ef,Electronics,soundbar,generic,soundbar for beginners,soundbar per principianti,Soundbar für anfänger
q54b6affa9,Home & Garden,hair dryer,generic,hair dryer offers,offerte asciugacapelli,Haartrockner angebote
qe727a9c86,Beauty & Personal Care,sunscreen SPF 50,generic,buy sunscreen SPF 50 online,comprare crema solare SPF 50 online,Sonnencreme SPF 50 online kaufen
q200e961c4,Apparel & Accessories,sports bag,generic,sports bag review,recensione borsa sportiva,Sporttasche test
qb2f7d0866,Sporting Goods,e-bike,branded,buy Bosch eBike,acquista E-Bike Bosch,Bosch E-Bike kaufen
qfd8f11ef5,Electronics,wireless headphones,generic,wireless headphones for beginners,cuffie wireless per principianti,Kabellose Kopfhörer für anfänger
qedd89207f,Sporting Goods,sports nutrition,generic,sports nutrition deals,nutrizione sportiva occasioni,Sportnahrung schnäppchen
q584829637,Sporting Goods,foam roller,generic,foam roller for beginners,foam roller per principianti,Schaumstoffrolle für anfänger
q686622a4a,Sporting Goods,sleeping bag,generic,sleeping bag professional,sacco a pelo professionale,professioneller Schlafsack
q96066fb60,Electronics,wireless headphones,generic,wireless headphones deals,cuffie wireless occasioni,Kabellose Kopfhörer schnäppchen
q84aa8f67d,Sporting Goods,badminton racket,generic,badminton racket professional,racchetta da badminton professionale,professioneller Badmintonschläger
qc477dcd0b,Electronics,gaming console,branded,buy Nintendo Switch 2,acquista Nintendo Switch 2,Nintendo Switch 2 kaufen
q6876eff2c,Sporting Goods,sleeping bag,generic,sleeping bag amazon,sacco a pelo amazon,Schlafsack amazon
qe8778f65c,Electronics,ultrabook,generic,ultrabook for beginners,ultrabook per principianti,Ultrabook für anfänger
q867c1e756,Electronics,gaming laptop,generic,gaming laptop review,recensione laptop da gaming,Gaming-Laptop test
q838660f58,Electronics,gaming monitor,branded,Samsung Odyssey G7 price,Samsung Odyssey G7 prezzo,Samsung Odyssey G7 preis
q6caf4eb75,Apparel & Accessories,sandals,generic,sandals,sandali,Sandalen
q50b032c1a,Baby & Kids,children bicycle,branded,buy woom 4,acquista woom 4,woom 4 kaufen
q51aa2afca,Baby & Kids,baby monitor,branded,Nanit Pro Camera review,Nanit Pro Camera recensione,Nanit Pro Camera test
q135cc6327,Electronics,action camera,generic,action camera,action camera,Action-Kamera
q85734ef7d,Electronics,gaming mouse,generic,gaming mouse under 500,mouse gaming sotto 500 euro,Gaming-Maus unter 500 euro
q2b5743d0c,Sporting Goods,swimming goggles,generic,swimming goggles review,recensione occhialini da nuoto,Schwimmbrille test
qbd223ff08,Electronics,gaming monitor,branded,ASUS ROG Swift PG279QM,ASUS ROG Swift PG279QM,ASUS ROG Swift PG279QM
q4b9134331,Beauty & Personal Care,perfume,branded,buy Dior Sauvage,acquista Dior Sauvage,Dior Sauvage kaufen
qcbcf471b4,Electronics,DSLR camera,generic,where to buy DSLR camera,dove comprare reflex digitale,wo Spiegelreflexkamera kaufen
q0fad93bd8,Electronics,webcam,generic,webcam online,webcam online,Webcam online
q32207a5cb,Electronics,tripod,generic,tripod price,prezzo treppiede,Stativ preis
q1b5d59c6d,Apparel & Accessories,sunglasses,generic,sunglasses offers,offerte occhiali da sole,Sonnenbrille angebote
qeb73155f7,Electronics,camera lens,generic,camera lens,obiettivo fotografico,Kameraobjektiv
q70a3b9e46,Electronics,USB hub,generic,USB hub,hub USB,USB-Hub
q2fa6b67dd,Home & Garden,standing desk,generic,standing desk rating,valutazione scrivania regolabile,Höhenverstellbarer Schreibtisch bewertung
qd818de847,Electronics,QLED television,generic,QLED television,televisore QLED,QLED-Fernseher
q7bbcd0877,Apparel & Accessories,sports bra,generic,sports bra,reggiseno sportivo,Sport-BH
q35cb6906d,Home & Garden,vacuum cleaner,generic,cheap vacuum cleaner,aspirapolvere economici,günstiger Staubsauger
qa68649609,Electronics,streaming device,branded,buy Amazon Fire TV Stick 4K,acquista Amazon Fire TV Stick 4K,Amazon Fire TV Stick 4K kaufen
qb4b5fc4f9,Electronics,4K television,generic,4K television price,prezzo televisore 4K,4K-Fernseher preis
q1de6b9259,Electronics,OLED television,branded,Samsung S90C OLED price,Samsung S90C OLED prezzo,Samsung S90C OLED preis
q3ae98d2a9,Apparel & Accessories,winter jacket,branded,Arc'teryx Beta AR Jacket price,Arc'teryx Beta AR Jacket prezzo,Arc'teryx Beta AR Jacket preis
q361421f67,Sporting Goods,sports nutrition,generic,sports nutrition sale,nutrizione sportiva saldi,Sportnahrung sale
q6fa931140,Sporting Goods,exercise bike,generic,best exercise bike,migliori cyclette,bestes Heimtrainer
qc2d6fa5c2,Electronics,tablet,branded,Samsung Galaxy Tab S9 offers,Samsung Galaxy Tab S9 offerte,Samsung Galaxy Tab S9 angebote
q979f4519d,Home & Garden,electric toothbrush,generic,where to buy electric toothbrush,dove comprare spazzolino elettrico,wo Elektrische Zahnbürste kaufen
q9ed5023ae,Electronics,soundbar,branded,Samsung HW-Q990C review,Samsung HW-Q990C recensione,Samsung HW-Q990C test
q830c4faab,Apparel & Accessories,hiking boots,branded,La Sportiva TX5 GTX offers,La Sportiva TX5 GTX offerte,La Sportiva TX5 GTX angebote
q29b6ac0e5,Electronics,OLED television,generic,cheap OLED television,televisore OLED economici,günstiger OLED-Fernseher
q1cdeef27a,Home & Garden,smart thermostat,generic,smart thermostat for beginners,termostato intelligente per principianti,Smartes Thermostat für anfänger
q6d4294c38,Home & Garden,capsule coffee machine,branded,Dolce Gusto Infinissima,Dolce Gusto Infinissima,Dolce Gusto Infinissima
q06fa6bf01,Electronics,streaming device,generic,streaming device offers,offerte dispositivo streaming,Streaming-Gerät angebote
q3548d29e7,Home & Garden,air fryer,branded,Tefal Easy Fry Deluxe offers,Tefal Easy Fry Deluxe offerte,Tefal Easy Fry Deluxe angebote
q19a6e78b4,Electronics,gaming console,generic,gaming console,console di gioco,Spielkonsole
q6c35de258,Apparel & Accessories,hiking boots,generic,hiking boots deals,scarpe da trekking occasioni,Wanderstiefel schnäppchen
qbfaed2a2b,Electronics,tablet,generic,tablet online,tablet online,Tablet online
q6f1ea0ab0,Sporting Goods,kettlebell,generic,kettlebell deals,kettlebell occasioni,Kettlebell schnäppchen
qcedb8baec,Sporting Goods,yoga mat,branded,Lululemon The Mat 5mm offers,Lululemon The Mat 5mm offerte,Lululemon The Mat 5mm angebote
q14372ed22,Sporting Goods,trekking poles,generic,trekking poles specs,specifiche bastoni da trekking,Wanderstöcke technische daten
qdcef61c45,Electronics,earbuds,generic,earbuds under 100,auricolari sotto 100 euro,Ohrstöpsel unter 100 euro
qf050edcaf,Electronics,gaming desk,generic,best value gaming desk,scrivania gaming miglior rapporto qualità prezzo,bestes preis-leistungs Gaming-Schreibtisch
q5ee766cc1,Electronics,Bluetooth speaker,branded,buy Bose SoundLink Flex,acquista Bose SoundLink Flex,Bose SoundLink Flex kaufen
q8567bdb57,Electronics,gaming desk,generic,gaming desk rating,valutazione scrivania gaming,Gaming-Schreibtisch bewertung
q7e90be6ce,Home & Garden,capsule coffee machine,generic,top capsule coffee machine,top macchina caffè capsule,top Kapselkaffeemaschine
qa7297afcd,Home & Garden,hair straightener,generic,buy hair straightener online,comprare piastra per capelli online,Haarglätter online kaufen
qb72529fe5,Electronics,memory card,generic,compare memory card,confronta scheda di memoria,Speicherkarte vergleich
q07ccc1f08,Sporting Goods,kettlebell,generic,best value kettlebell,kettlebell miglior rapporto qualità prezzo,bestes preis-leistungs Kettlebell
qb90e3e420,Electronics,smartphone,generic,smartphone,smartphone,Smartphone
qe6cee2dd3,Sporting Goods,sleeping bag,branded,buy Western Mountaineering Alpinlite,acquista Western Mountaineering Alpinlite,Western Mountaineering Alpinlite kaufen
q57278905c,Electronics,OLED television,branded,Samsung S90C OLED offers,Samsung S90C OLED offerte,Samsung S90C OLED angebote
qe7db02169,Electronics,webcam,branded,buy Logitech Brio 4K,acquista Logitech Brio 4K,Logitech Brio 4K kaufen
q10bf31876,Electronics,gaming console,branded,Xbox Series X,Xbox Series X,Xbox Series X
q6f0f3b0ea,Apparel & Accessories,running shoes,branded,New Balance Fresh Foam 1080 offers,New Balance Fresh Foam 1080 offerte,New Balance Fresh Foam 1080 angebote
qb237d45c7,Home & Garden,hair straightener,branded,ghd Platinum+ Styler price,ghd Platinum+ Styler prezzo,ghd Platinum+ Styler preis
q9580039e6,Home & Garden,espresso machine,branded,De'Longhi La Specialista offers,De'Longhi La Specialista offerte,De'Longhi La Specialista angebote
qcd4e89573,Beauty & Personal Care,lip balm,generic,where to buy lip balm,dove comprare balsamo labbra,wo Lippenbalsam kaufen
qaed9a6fb4,Home & Garden,hair dryer,branded,Dyson Supersonic offers,Dyson Supersonic offerte,Dyson Supersonic angebote
qcbf209108,Sporting Goods,protein powder,generic,protein powder amazon,proteine in polvere amazon,Proteinpulver amazon
qe2332d5a6,Electronics,Bluetooth speaker,generic,Bluetooth speaker for beginners,speaker Bluetooth per principianti,Bluetooth-Lautsprecher für anfänger
q2e15d99f9,Baby & Kids,toys,generic,toys under 500,giocattoli sotto 500 euro,Spielzeug unter 500 euro
q65bd522a4,Apparel & Accessories,running shoes,generic,running shoes for beginners,scarpe da corsa per principianti,Laufschuhe für anfänger
qde88dd5d0,Home & Garden,security camera,generic,security camera offers,offerte telecamera di sicurezza,Sicherheitskamera angebote
qfedbd9e03,Sporting Goods,e-bike,generic,buy e-bike,acquista bici elettrica,E-Bike kaufen
qe59d2f009,Electronics,streaming device,generic,streaming device for beginners,dispositivo streaming per principianti,Streaming-Gerät für anfänger
qd06e7a0e4,Electronics,budget smartphone,generic,compare budget smartphone,confronta smartphone economico,Günstiges Smartphone vergleich
qa179f039e,Electronics,OLED television,branded,LG C3 OLED 65,LG C3 OLED 65 pollici,LG C3 OLED 65 Zoll
q1f687659e,Home & Garden,humidifier,generic,humidifier online,umidificatore online,Luftbefeuchter online
q6cabf9377,Sporting Goods,treadmill,generic,cheap treadmill,tapis roulant economici,günstiger Laufband
q36a1f1370,Sporting Goods,ski helmet,generic,best ski helmet,migliori casco da sci,bestes Skihelm
q4869b989b,Electronics,laptop,branded,Dell XPS 15 offers,Dell XPS 15 offerte,Dell XPS 15 angebote
q604458bff,Sporting Goods,basketball,generic,basketball amazon,pallone da basket amazon,Basketball amazon
qc53733904,Electronics,gaming headset,generic,gaming headset under 500,headset gaming sotto 500 euro,Gaming-Headset unter 500 euro
q8bc438584,Apparel & Accessories,backpack,branded,Deuter Futura Pro 40 offers,Deuter Futura Pro 40 offerte,Deuter Futura Pro 40 angebote
q3e225a0b3,Electronics,gaming monitor,generic,buy gaming monitor,acquista monitor gaming,Gaming-Monitor kaufen
q17ed7919c,Apparel & Accessories,sandals,generic,sandals review,recensione sandali,Sandalen test
qe9be0c6da,Sporting Goods,dumbbell set,generic,dumbbell set sale,set manubri saldi,Hantelset sale
qc8999764c,Electronics,gaming desk,generic,top gaming desk,top scrivania gaming,top Gaming-Schreibtisch
q5e9435a6b,Apparel & Accessories,sports bra,generic,sports bra online,reggiseno sportivo online,Sport-BH online
q6dfba4b22,Electronics,monitor,generic,monitor deals,monitor occasioni,Monitor schnäppchen
q6381c90ca,Electronics,smartphone,generic,smartphone review,recensione smartphone,Smartphone test
q2d925dff2,Home & Garden,office chair,generic,where to buy office chair,dove comprare sedia da ufficio,wo Bürostuhl kaufen
qca3d33572,Electronics,noise cancelling headphones,generic,noise cancelling headphones review,recensione cuffie noise cancelling,Noise-Cancelling-Kopfhörer test
q5441f84da,Electronics,memory card,generic,best value memory card,scheda di memoria miglior rapporto qualità prezzo,bestes preis-leistungs Speicherkarte
q24ce5217b,Apparel & Accessories,running shoes,generic,cheap running shoes,scarpe da corsa economici,günstiger Laufschuhe
q81dbc503f,Electronics,QLED television,generic,QLED television for beginners,televisore QLED per principianti,QLED-Fernseher für anfänger
qd9b910337,Home & Garden,air fryer,branded,Philips Airfryer XXL offers,Philips Airfryer XXL offerte,Philips Airfryer XXL angebote
q86af0d541,Sporting Goods,football,generic,football for beginners,pallone da calcio per principianti,Fußball für anfänger
q8884abc34,Sporting Goods,ski boots,generic,ski boots for beginners,scarponi da sci per principianti,Skischuhe für anfänger
q3d9e77b68,Sporting Goods,cycling helmet,generic,cycling helmet specs,specifiche casco da bici,Fahrradhelm technische daten
q287ea45e2,Sporting Goods,tennis racket,generic,tennis racket under 100,racchetta da tennis sotto 100 euro,Tennisschläger unter 100 euro
qd2dd11607,Electronics,USB hub,generic,USB hub price,prezzo hub USB,USB-Hub preis
q878c4d7fc,Sporting Goods,cycling helmet,generic,cycling helmet,casco da bici,Fahrradhelm
q5e5164725,Sporting Goods,dumbbell set,generic,dumbbell set review,recensione set manubri,Hantelset test
q501fadd20,Electronics,phone case,generic,phone case rating,valutazione custodia per telefono,Handyhülle bewertung
q4cc93b4da,Sporting Goods,trekking poles,generic,best value trekking poles,bastoni da trekking miglior rapporto qualità prezzo,bestes preis-leistungs Wanderstöcke
q78ab23c4d,Electronics,earbuds,branded,buy Sony WF-1000XM5,acquista Sony WF-1000XM5,Sony WF-1000XM5 kaufen
qa4c7089f9,Electronics,4K television,generic,4K television specs,specifiche televisore 4K,4K-Fernseher technische daten
q13f74f4a5,Electronics,earbuds,branded,buy Samsung Galaxy Buds 2 Pro,acquista Samsung Galaxy Buds 2 Pro,Samsung Galaxy Buds 2 Pro kaufen
qa4c126b6a,Electronics,mechanical keyboard,generic,mechanical keyboard sale,tastiera meccanica saldi,Mechanische Tastatur sale
qb1ebc83ba,Electronics,DSLR camera,generic,DSLR camera,reflex digitale,Spiegelreflexkamera
q0a8920ed8,Electronics,drone with camera,branded,DJI Mavic 3 Pro,DJI Mavic 3 Pro,DJI Mavic 3 Pro
q692c2528b,Electronics,screen protector,generic,screen protector rating,valutazione protezione schermo,Displayschutzfolie bewertung
q852d9dc69,Sporting Goods,surf board,generic,surf board for beginners,tavola da surf per principianti,Surfbrett für anfänger
q529bc1baa,Apparel & Accessories,compression socks,generic,buy compression socks online,comprare calze a compressione online,Kompressionssocken online kaufen
qadb295cb6,Home & Garden,blender,generic,buy blender online,comprare frullatore online,Mixer online kaufen
qeaf91ad00,Home & Garden,hair straightener,branded,ghd Platinum+ Styler review,ghd Platinum+ Styler recensione,ghd Platinum+ Styler test
qe5b29cc1d,Electronics,laptop,branded,Lenovo ThinkPad X1 Carbon price,Lenovo ThinkPad X1 Carbon prezzo,Lenovo ThinkPad X1 Carbon preis
q1ae6487f8,Electronics,laptop stand,generic,best value laptop stand,supporto laptop miglior rapporto qualità prezzo,bestes preis-leistungs Laptop-Ständer
q4c0b40603,Beauty & Personal Care,vitamin C serum,branded,Paula's Choice C15 Super Booster,Paula's Choice C15 Super Booster,Paula's Choice C15 Super Booster
qbcfa66e2b,Apparel & Accessories,fitness tracker,branded,Polar Pacer Pro offers,Polar Pacer Pro offerte,Polar Pacer Pro angebote
q26309dae1,Apparel & Accessories,sport leggings,generic,sport leggings price,prezzo leggings sportivi,Sport-Leggings preis
q9d23d14dd,Electronics,OLED television,branded,buy Sony Bravia A80L,acquista Sony Bravia A80L,Sony Bravia A80L kaufen
qa73d4004d,Apparel & Accessories,sunglasses,generic,buy sunglasses,acquista occhiali da sole,Sonnenbrille kaufen
q84d02533c,Home & Garden,vacuum cleaner,branded,buy Dyson V12 Detect Slim,acquista Dyson V12 Detect Slim,Dyson V12 Detect Slim kaufen
qf125d5dd7,Electronics,SSD,generic,where to buy SSD,dove comprare SSD,wo SSD kaufen
qe8d884e7d,Sporting Goods,kettlebell,generic,kettlebell online,kettlebell online,Kettlebell online
q2b2bd15db,Sporting Goods,sleeping bag,branded,Western Mountaineering Alpinlite offers,Western Mountaineering Alpinlite offerte,Western Mountaineering Alpinlite angebote
qf2babca7d,Sporting Goods,e-bike,generic,e-bike,bici elettrica,E-Bike
qa9be01951,Electronics,earbuds,branded,Nothing Ear 2 offers,Nothing Ear 2 offerte,Nothing Ear 2 angebote
qaa490164e,Electronics,camera lens,branded,Sony FE 24-70mm f/2.8 GM II offers,Sony FE 24-70mm f/2.8 GM II offerte,Sony FE 24-70mm f/2.8 GM II angebote
q130968cad,Electronics,smartphone,branded,iPhone 16,iPhone 16,iPhone 16
qd89caaaac,Sporting Goods,basketball,generic,basketball deals,pallone da basket occasioni,Basketball schnäppchen
qb25bff26c,Electronics,mirrorless camera,generic,mirrorless camera review,recensione fotocamera mirrorless,Systemkamera test
q9a52b64fe,Apparel & Accessories,running shoes,branded,Adidas Terrex Speed Ultra offers,Adidas Terrex Speed Ultra offerte,Adidas Terrex Speed Ultra angebote
qa80d5ad78,Apparel & Accessories,sneakers,generic,sneakers review,recensione sneakers,Sneaker test
qaf7d27bc4,Electronics,power bank,generic,power bank sale,power bank saldi,Powerbank sale
qf71db57de,Beauty & Personal Care,mascara,generic,mascara professional,mascara professionale,professioneller Mascara
q2b399a16c,Electronics,action camera,generic,action camera professional,action camera professionale,professioneller Action-Kamera
q6b0bcf42f,Electronics,DSLR camera,generic,best DSLR camera,migliori reflex digitale,bestes Spiegelreflexkamera
q7a65ef015,Sporting Goods,stand up paddle,generic,stand up paddle rating,valutazione stand up paddle,Stand-Up-Paddle bewertung
q4836f8295,Electronics,2-in-1 laptop,generic,2-in-1 laptop review,recensione laptop 2-in-1,2-in-1-Laptop test
q764dec290,Apparel & Accessories,smartwatch,generic,smartwatch under 100,smartwatch sotto 100 euro,Smartwatch unter 100 euro
qa6350fdf5,Sporting Goods,pull-up bar,generic,pull-up bar 2024,sbarra per trazioni 2024,Klimmzugstange 2024
qc6fa5f07d,Baby & Kids,baby stroller,generic,baby stroller price,prezzo passeggino,Kinderwagen preis
qf5579c153,Electronics,gaming controller,generic,gaming controller offers,offerte controller gaming,Gaming-Controller angebote
q12a940ed0,Electronics,flagship smartphone,generic,flagship smartphone under 500,smartphone top di gamma sotto 500 euro,Flagship-Smartphone unter 500 euro
qb5eb2fe1a,Sporting Goods,heart rate monitor,generic,heart rate monitor offers,offerte cardiofrequenzimetro,Herzfrequenzmesser angebote
qc1f81a5c2,Electronics,smart TV,generic,smart TV sale,smart TV saldi,Smart-TV sale
q1a8c87af3,Apparel & Accessories,running shoes,branded,Salomon Speedcross 6 offers,Salomon Speedcross 6 offerte,Salomon Speedcross 6 angebote
qf44c6e3e8,Home & Garden,electric toothbrush,generic,electric toothbrush under 500,spazzolino elettrico sotto 500 euro,Elektrische Zahnbürste unter 500 euro
q4f1ba85a2,Electronics,gaming chair,generic,gaming chair deals,sedia gaming occasioni,Gaming-Stuhl schnäppchen
q777bf0a2f,Electronics,QLED television,generic,where to buy QLED television,dove comprare televisore QLED,wo QLED-Fernseher kaufen
q10c572e7f,Sporting Goods,trekking poles,generic,trekking poles under 100,bastoni da trekking sotto 100 euro,Wanderstöcke unter 100 euro
q031d190f7,Electronics,2-in-1 laptop,generic,2-in-1 laptop under 100,laptop 2-in-1 sotto 100 euro,2-in-1-Laptop unter 100 euro
q9949d0bad,Electronics,SSD,branded,buy Samsung 990 Pro 2TB,acquista Samsung 990 Pro 2TB,Samsung 990 Pro 2TB kaufen
qf0582e409,Electronics,gaming laptop,branded,buy MSI Titan GT77,acquista MSI Titan GT77,MSI Titan GT77 kaufen
qf40d44ea8,Electronics,wireless charger,generic,wireless charger review,recensione caricatore wireless,Kabelloses Ladegerät test
q50c374c4a,Sporting Goods,road bike,branded,BMC Teammachine SLR review,BMC Teammachine SLR recensione,BMC Teammachine SLR test
qb071fcdde,Electronics,in-ear headphones,generic,in-ear headphones 2024,auricolari in-ear 2024,In-Ear-Kopfhörer 2024
q112cc0777,Apparel & Accessories,smartwatch,generic,smartwatch specs,specifiche smartwatch,Smartwatch technische daten
q7b5bcf213,Apparel & Accessories,tennis shoes,generic,tennis shoes for beginners,scarpe da tennis per principianti,Tennisschuhe für anfänger
q72efb201a,Apparel & Accessories,sunglasses,branded,Ray-Ban Aviator review,Ray-Ban Aviator recensione,Ray-Ban Aviator test
q65c281948,Sporting Goods,pull-up bar,generic,pull-up bar deals,sbarra per trazioni occasioni,Klimmzugstange schnäppchen
qc5240bcf8,Home & Garden,stand mixer,branded,buy KitchenAid Artisan 5KSM195,acquista KitchenAid Artisan 5KSM195,KitchenAid Artisan 5KSM195 kaufen
q9da0f0843,Beauty & Personal Care,foundation makeup,generic,foundation makeup under 100,fondotinta sotto 100 euro,Foundation unter 100 euro
q979be8071,Apparel & Accessories,running shoes,branded,Adidas Boston 12 offers,Adidas Boston 12 offerte,Adidas Boston 12 angebote
q59d7ef63e,Electronics,Bluetooth speaker,generic,best Bluetooth speaker,migliori speaker Bluetooth,bestes Bluetooth-Lautsprecher
qd5440a872,Baby & Kids,toys,branded,LEGO Technic Bugatti Bolide,LEGO Technic Bugatti Bolide,LEGO Technic Bugatti Bolide
qbf76a170b,Electronics,camera bag,generic,top camera bag,top borsa per fotocamera,top Kameratasche
q5044b8113,Electronics,budget smartphone,generic,budget smartphone for beginners,smartphone economico per principianti,Günstiges Smartphone für anfänger
q90b542c10,Electronics,digital camera,branded,Sony ZV-E10 offers,Sony ZV-E10 offerte,Sony ZV-E10 angebote
q0bf343afb,Electronics,laptop,generic,buy laptop online,comprare laptop online,Laptop online kaufen
qb41baf1d2,Electronics,iPad,generic,iPad under 500,iPad sotto 500 euro,iPad unter 500 euro
qa0b33b421,Electronics,tablet,branded,buy Samsung Galaxy Tab S9,acquista Samsung Galaxy Tab S9,Samsung Galaxy Tab S9 kaufen
q9c7ee6af1,Apparel & Accessories,winter jacket,branded,Arc'teryx Beta AR Jacket,Arc'teryx Beta AR Jacket,Arc'teryx Beta AR Jacket
q9b11ec5f8,Electronics,gaming mouse,generic,gaming mouse price,prezzo mouse gaming,Gaming-Maus preis
q2621b3e60,Electronics,tablet,generic,tablet,tablet,Tablet
qa4b29f645,Electronics,camera lens,branded,buy Sony FE 24-70mm f/2.8 GM II,acquista Sony FE 24-70mm f/2.8 GM II,Sony FE 24-70mm f/2.8 GM II kaufen
q68ea4dc6b,Apparel & Accessories,athletic shoes,generic,compare athletic shoes,confronta scarpe sportive,Sportschuhe vergleich
qc83352c59,Beauty & Personal Care,face moisturiser,branded,CeraVe Moisturising Cream offers,CeraVe Moisturising Cream offerte,CeraVe Moisturising Cream angebote
q2ea0a6142,Electronics,wireless charger,generic,wireless charger sale,caricatore wireless saldi,Kabelloses Ladegerät sale
qe8b95f047,Electronics,phone case,generic,best value phone case,custodia per telefono miglior rapporto qualità prezzo,bestes preis-leistungs Handyhülle
q4a036a620,Apparel & Accessories,running watch,generic,running watch review,recensione orologio da corsa,Laufuhr test
q5aedff640,Sporting Goods,basketball,generic,basketball under 100,pallone da basket sotto 100 euro,Basketball unter 100 euro
q7c73ecfab,Beauty & Personal Care,face moisturiser,generic,face moisturiser online,crema idratante viso online,Gesichtscreme online
qd4602a7df,Sporting Goods,energy gel,generic,energy gel rating,valutazione gel energetico,Energiegel bewertung
qe10477b6d,Home & Garden,office chair,generic,compare office chair,confronta sedia da ufficio,Bürostuhl vergleich
q53f47b494,Sporting Goods,mountain bike,generic,mountain bike under 100,mountain bike sotto 100 euro,Mountainbike unter 100 euro
qab9718db2,Electronics,power bank,branded,Belkin BPB011 offers,Belkin BPB011 offerte,Belkin BPB011 angebote
qf1044414f,Home & Garden,food processor,generic,food processor sale,robot da cucina saldi,Küchenmaschine sale
qb69bdd23f,Home & Garden,air purifier,branded,Coway Airmega 400 offers,Coway Airmega 400 offerte,Coway Airmega 400 angebote
q94d8881ba,Electronics,drone with camera,generic,drone with camera rating,valutazione drone con fotocamera,Drohne mit Kamera bewertung
q2591eb736,Apparel & Accessories,hiking boots,branded,La Sportiva TX5 GTX review,La Sportiva TX5 GTX recensione,La Sportiva TX5 GTX test
qc8837afcc,Electronics,streaming device,branded,Apple TV 4K offers,Apple TV 4K offerte,Apple TV 4K angebote
qd33e555db,Sporting Goods,GPS running watch,generic,GPS running watch offers,offerte orologio GPS corsa,GPS-Laufuhr angebote
qbf296539a,Sporting Goods,climbing harness,generic,climbing harness specs,specifiche imbrago da arrampicata,Klettergurt technische daten
q388f7625c,Home & Garden,food processor,generic,food processor review,recensione robot da cucina,Küchenmaschine test
q9695e1628,Electronics,gaming console,generic,gaming console under 100,console di gioco sotto 100 euro,Spielkonsole unter 100 euro
qb1788e1eb,Electronics,VR headset,branded,Apple Vision Pro price,Apple Vision Pro prezzo,Apple Vision Pro preis
q6fe93f75b,Electronics,USB-C cable,generic,USB-C cable for beginners,cavo USB-C per principianti,USB-C-Kabel für anfänger
q19fdcd15d,Apparel & Accessories,polo shirt,generic,top polo shirt,top polo,top Poloshirt
q49dd3724d,Electronics,digital camera,generic,digital camera review,recensione fotocamera digitale,Digitalkamera test
q7f390482a,Sporting Goods,e-bike,branded,Cube Stereo Hybrid price,Cube Stereo Hybrid prezzo,Cube Stereo Hybrid preis
q5cd18bddc,Home & Garden,smart thermostat,branded,Google Nest Learning Thermostat price,Google Nest Termostato prezzo,Google Nest Thermostat preis
qd656dab49,Apparel & Accessories,loafers,generic,loafers professional,mocassini professionale,professioneller Loafer
q211a34647,Apparel & Accessories,tennis shoes,generic,tennis shoes sale,scarpe da tennis saldi,Tennisschuhe sale
q07d7ba726,Baby & Kids,car seat,branded,Cybex Sirona S2 i-Size offers,Cybex Sirona S2 i-Size offerte,Cybex Sirona S2 i-Size angebote
qc6c63b2df,Electronics,home cinema system,generic,where to buy home cinema system,dove comprare sistema home cinema,wo Heimkinosystem kaufen
qa81a5565e,Apparel & Accessories,running shoes,branded,buy Mizuno Wave Rider 27,acquista Mizuno Wave Rider 27,Mizuno Wave Rider 27 kaufen
q3860a74c5,Sporting Goods,sleeping bag,generic,buy sleeping bag,acquista sacco a pelo,Schlafsack kaufen
q344198c40,Electronics,iPad,generic,iPad professional,iPad professionale,professioneller iPad
q5dacdb050,Electronics,SSD,generic,best SSD,migliori SSD,bestes SSD
qbc2c72c6a,Beauty & Personal Care,retinol cream,generic,retinol cream under 100,crema al retinolo sotto 100 euro,Retinol-Creme unter 100 euro
q045c767ff,Beauty & Personal Care,vitamin C serum,branded,Paula's Choice C15 Super Booster offers,Paula's Choice C15 Super Booster offerte,Paula's Choice C15 Super Booster angebote
qac9193b44,Sporting Goods,climbing harness,generic,best climbing harness,migliori imbrago da arrampicata,bestes Klettergurt
q120624ac0,Sporting Goods,camping tent,branded,Big Agnes Copper Spur HV UL2 review,Big Agnes Copper Spur HV UL2 recensione,Big Agnes Copper Spur HV UL2 test
qcc325c906,Home & Garden,robot vacuum cleaner,branded,Shark Matrix Robot offers,Shark Matrix Robot offerte,Shark Matrix Robot angebote
q7ef927f09,Apparel & Accessories,sports bag,generic,sports bag professional,borsa sportiva professionale,professioneller Sporttasche
q2c46b6efe,Beauty & Personal Care,vitamin C serum,generic,best value vitamin C serum,siero vitamina C miglior rapporto qualità prezzo,bestes preis-leistungs Vitamin-C-Serum
q4aec338a0,Sporting Goods,surf board,generic,surf board online,tavola da surf online,Surfbrett online
qc5b4aca96,Electronics,budget smartphone,generic,budget smartphone deals,smartphone economico occasioni,Günstiges Smartphone schnäppchen
qef608af2b,Sporting Goods,basketball,generic,basketball professional,pallone da basket professionale,professioneller Basketball
q30a248cf9,Apparel & Accessories,running jacket,generic,compare running jacket,confronta giacca da corsa,Laufjacke vergleich
qdacc360b9,Baby & Kids,scooter kids,generic,best value scooter kids,monopattino bambini miglior rapporto qualità prezzo,bestes preis-leistungs Kinderroller
qa3980d704,Home & Garden,blender,generic,blender professional,frullatore professionale,professioneller Mixer
qc0d7a21ab,Electronics,laptop stand,generic,laptop stand offers,offerte supporto laptop,Laptop-Ständer angebote
qbaa229181,Sporting Goods,dumbbell set,generic,top dumbbell set,top set manubri,top Hantelset
q210df4c39,Electronics,gaming controller,generic,best value gaming controller,controller gaming miglior rapporto qualità prezzo,bestes preis-leistungs Gaming-Controller
q8413a5b70,Sporting Goods,protein powder,branded,MyProtein Impact Whey,MyProtein Impact Whey,MyProtein Impact Whey
qea857f38d,Apparel & Accessories,winter jacket,branded,Columbia Omni-Heat,Columbia Omni-Heat,Columbia Omni-Heat
qdd284cfae,Electronics,Android tablet,generic,Android tablet for beginners,tablet Android per principianti,Android-Tablet für anfänger
qf5ae324f3,Apparel & Accessories,basketball shoes,generic,compare basketball shoes,confronta scarpe da basket,Basketballschuhe vergleich
qd701aaf0f,Sporting Goods,camping tent,branded,buy MSR Hubba Hubba NX 2,acquista MSR Hubba Hubba NX 2,MSR Hubba Hubba NX 2 kaufen
q4bb37b6d5,Electronics,monitor,branded,Dell UltraSharp U2722D offers,Dell UltraSharp U2722D offerte,Dell UltraSharp U2722D angebote
qd6af36b78,Electronics,earbuds,generic,earbuds rating,valutazione auricolari,Ohrstöpsel bewertung
q1f61888f4,Sporting Goods,GPS running watch,branded,Coros Pace 3,Coros Pace 3,Coros Pace 3
q57504457a,Electronics,soundbar,branded,LG SP9YA review,LG SP9YA recensione,LG SP9YA test
q0c5e6ecef,Electronics,gaming laptop,branded,Lenovo Legion 5 Pro offers,Lenovo Legion 5 Pro offerte,Lenovo Legion 5 Pro angebote
qeaabe95cf,Electronics,DSLR camera,generic,DSLR camera deals,reflex digitale occasioni,Spiegelreflexkamera schnäppchen
qc261aa184,Electronics,SSD,generic,top SSD,top SSD,top SSD
qe30a56014,Sporting Goods,ski helmet,generic,ski helmet,casco da sci,Skihelm
qc0fe005ef,Electronics,webcam,generic,webcam rating,valutazione webcam,Webcam bewertung
qbe36ded84,Beauty & Personal Care,lip balm,generic,lip balm sale,balsamo labbra saldi,Lippenbalsam sale
q0f8dac019,Sporting Goods,foam roller,generic,foam roller under 100,foam roller sotto 100 euro,Schaumstoffrolle unter 100 euro
qc9487ae71,Sporting Goods,heart rate monitor,generic,heart rate monitor deals,cardiofrequenzimetro occasioni,Herzfrequenzmesser schnäppchen
q940e9b527,Electronics,power bank,branded,buy Anker 747 Power Bank,acquista Anker 747 Power Bank,Anker 747 Power Bank kaufen
qa91cf7d49,Electronics,power bank,generic,best power bank,migliori power bank,bestes Powerbank
q3735bfcfe,Sporting Goods,trekking poles,generic,trekking poles review,recensione bastoni da trekking,Wanderstöcke test
q4e6938d36,Beauty & Personal Care,foundation makeup,generic,foundation makeup under 500,fondotinta sotto 500 euro,Foundation unter 500 euro
q13006d250,Sporting Goods,protein powder,generic,protein powder under 100,proteine in polvere sotto 100 euro,Proteinpulver unter 100 euro
q597a9fc98,Home & Garden,blender,branded,buy Vitamix 5200,acquista Vitamix 5200,Vitamix 5200 kaufen
q7071c32a8,Electronics,smartphone,branded,buy Samsung Galaxy S24,acquista Samsung Galaxy S24,Samsung Galaxy S24 kaufen
q0237ee3ff,Electronics,earbuds,branded,Samsung Galaxy Buds 2 Pro offers,Samsung Galaxy Buds 2 Pro offerte,Samsung Galaxy Buds 2 Pro angebote
q2d24d8032,Apparel & Accessories,tennis shoes,generic,buy tennis shoes,acquista scarpe da tennis,Tennisschuhe kaufen
qef6a4a7f5,Home & Garden,smart thermostat,generic,buy smart thermostat,acquista termostato intelligente,Smartes Thermostat kaufen
q2a1a9bae2,Home & Garden,air fryer,generic,air fryer online,friggitrice ad aria online,Heißluftfritteuse online
qd5e5ce5b4,Sporting Goods,sleeping bag,generic,sleeping bag for beginners,sacco a pelo per principianti,Schlafsack für anfänger
qee67bf8a0,Electronics,USB-C cable,generic,USB-C cable rating,valutazione cavo USB-C,USB-C-Kabel bewertung
q641ce02ae,Electronics,camera bag,generic,camera bag under 100,borsa per fotocamera sotto 100 euro,Kameratasche unter 100 euro
q4dd1112ea,Electronics,digital camera,branded,Sony A7R V review,Sony A7R V recensione,Sony A7R V test
qc817ed864,Sporting Goods,yoga mat,branded,Lululemon The Mat 5mm price,Lululemon The Mat 5mm prezzo,Lululemon The Mat 5mm preis
qd36f5604d,Sporting Goods,stand up paddle,generic,stand up paddle price,prezzo stand up paddle,Stand-Up-Paddle preis
q017cd5ab0,Apparel & Accessories,sneakers,branded,Vans Old Skool offers,Vans Old Skool offerte,Vans Old Skool angebote
q3ce557ddb,Baby & Kids,baby stroller,branded,UPPAbaby Vista V2 review,UPPAbaby Vista V2 recensione,UPPAbaby Vista V2 test
qd432be334,Sporting Goods,energy gel,generic,energy gel under 500,gel energetico sotto 500 euro,Energiegel unter 500 euro
q044920059,Sporting Goods,energy gel,generic,buy energy gel online,comprare gel energetico online,Energiegel online kaufen
qe163a552a,Electronics,USB hub,generic,USB hub under 100,hub USB sotto 100 euro,USB-Hub unter 100 euro
q733b8d919,Electronics,gaming controller,generic,cheap gaming controller,controller gaming economici,günstiger Gaming-Controller
qd38507204,Apparel & Accessories,running watch,generic,running watch professional,orologio da corsa professionale,professioneller Laufuhr
qf3f1a992b,Electronics,USB-C cable,generic,best value USB-C cable,cavo USB-C miglior rapporto qualità prezzo,bestes preis-leistungs USB-C-Kabel
qa15385a21,Apparel & Accessories,sunglasses,branded,Ray-Ban Aviator offers,Ray-Ban Aviator offerte,Ray-Ban Aviator angebote
qf5319021f,Baby & Kids,LEGO,generic,cheap LEGO,LEGO economici,günstiger LEGO
q323543d59,Electronics,wireless headphones,generic,where to buy wireless headphones,dove comprare cuffie wireless,wo Kabellose Kopfhörer kaufen
q4148db9d5,Apparel & Accessories,running shoes,branded,Brooks Ghost 16 review,Brooks Ghost 16 recensione,Brooks Ghost 16 test
q0947c4d8b,Home & Garden,monitor arm,generic,monitor arm for beginners,braccio per monitor per principianti,Monitorhalterung für anfänger
q6b7ed4351,Electronics,DSLR camera,generic,buy DSLR camera,acquista reflex digitale,Spiegelreflexkamera kaufen
q7bf114fd9,Home & Garden,humidifier,generic,humidifier review,recensione umidificatore,Luftbefeuchter test
qaefd4c769,Apparel & Accessories,sunglasses,generic,compare sunglasses,confronta occhiali da sole,Sonnenbrille vergleich
q698aee072,Home & Garden,smart doorbell,generic,smart doorbell 2024,videocitofono smart 2024,Video-Türklingel 2024
q021595329,Electronics,Android tablet,generic,Android tablet review,recensione tablet Android,Android-Tablet test
q94b9c0a4a,Electronics,laptop,branded,Microsoft Surface Pro 9,Microsoft Surface Pro 9,Microsoft Surface Pro 9
q261778f05,Electronics,smartphone,branded,Samsung Galaxy S25 review,Samsung Galaxy S25 recensione,Samsung Galaxy S25 test
q39619a2cf,Home & Garden,air purifier,generic,air purifier under 500,purificatore d'aria sotto 500 euro,Luftreiniger unter 500 euro
qee4b14a89,Electronics,action camera,generic,action camera rating,valutazione action camera,Action-Kamera bewertung
qe1c4d44d8,Electronics,mechanical keyboard,generic,mechanical keyboard online,tastiera meccanica online,Mechanische Tastatur online
q79d4dff83,Electronics,4K television,generic,where to buy 4K television,dove comprare televisore 4K,wo 4K-Fernseher kaufen
qe9aeab17b,Home & Garden,espresso machine,generic,espresso machine sale,macchina per espresso saldi,Espressomaschine sale
qf0167855a,Sporting Goods,cycling helmet,generic,buy cycling helmet,acquista casco da bici,Fahrradhelm kaufen
q7643eca00,Apparel & Accessories,polo shirt,generic,polo shirt,polo,Poloshirt
q08800f67f,Electronics,DAC amplifier,generic,top DAC amplifier,top DAC amplificatore,top DAC Verstärker
qe5208596b,Electronics,smartphone,branded,Nothing Phone 2a price,Nothing Phone 2a prezzo,Nothing Phone 2a preis
qa88591e00,Baby & Kids,baby stroller,generic,baby stroller online,passeggino online,Kinderwagen online
q5e9ff5ae9,Electronics,SSD,generic,compare SSD,confronta SSD,SSD vergleich
qc418d89ca,Apparel & Accessories,down jacket,generic,best value down jacket,piumino miglior rapporto qualità prezzo,bestes preis-leistungs Daunenjacke
qead62466b,Apparel & Accessories,boots,generic,boots professional,stivali professionale,professioneller Stiefel
qbf694467a,Beauty & Personal Care,mascara,generic,mascara under 500,mascara sotto 500 euro,Mascara unter 500 euro
qf9d1b8e01,Electronics,gaming console,generic,compare gaming console,confronta console di gioco,Spielkonsole vergleich
qc5c39e829,Apparel & Accessories,smartwatch,branded,buy Garmin Epix Gen 2,acquista Garmin Epix Gen 2,Garmin Epix Gen 2 kaufen
q9d9d0122c,Electronics,smartphone,generic,buy smartphone,acquista smartphone,Smartphone kaufen
q2d7d237ac,Sporting Goods,treadmill,branded,Technogym MyRun price,Technogym MyRun prezzo,Technogym MyRun preis
qe8cbb159a,Home & Garden,electric toothbrush,generic,electric toothbrush under 100,spazzolino elettrico sotto 100 euro,Elektrische Zahnbürste unter 100 euro
qe2f0c5144,Electronics,gaming monitor,generic,gaming monitor price,prezzo monitor gaming,Gaming-Monitor preis
qcbf32614b,Home & Garden,coffee machine,branded,De'Longhi Dinamica Plus review,De'Longhi Dinamica Plus recensione,De'Longhi Dinamica Plus test
q2a710ff6d,Electronics,vinyl record player,generic,best vinyl record player,migliori giradischi,bestes Plattenspieler
q9b53f6d1b,Electronics,portable speaker,generic,portable speaker,altoparlante portatile,Portabler Lautsprecher
q34a63e072,Sporting Goods,sleeping bag,branded,Western Mountaineering Alpinlite price,Western Mountaineering Alpinlite prezzo,Western Mountaineering Alpinlite preis
qc7186eee7,Sporting Goods,sleeping bag,generic,sleeping bag sale,sacco a pelo saldi,Schlafsack sale
q3e14226ae,Electronics,noise cancelling headphones,generic,noise cancelling headphones deals,cuffie noise cancelling occasioni,Noise-Cancelling-Kopfhörer schnäppchen
q688cea8ab,Apparel & Accessories,sneakers,generic,sneakers offers,offerte sneakers,Sneaker angebote
qd402457f7,Electronics,wireless charger,generic,best value wireless charger,caricatore wireless miglior rapporto qualità prezzo,bestes preis-leistungs Kabelloses Ladegerät
qc09076d40,Sporting Goods,e-bike,generic,top e-bike,top bici elettrica,top E-Bike
qd828cf1bf,Apparel & Accessories,down jacket,generic,best down jacket,migliori piumino,bestes Daunenjacke
q2ffff23a5,Beauty & Personal Care,sunscreen SPF 50,branded,ISDIN Eryfotona Actinica price,ISDIN Eryfotona Actinica prezzo,ISDIN Eryfotona Actinica preis
q366d014cc,Apparel & Accessories,tennis shoes,generic,best value tennis shoes,scarpe da tennis miglior rapporto qualità prezzo,bestes preis-leistungs Tennisschuhe
qf2e62cbc2,Electronics,SSD,generic,SSD under 100,SSD sotto 100 euro,SSD unter 100 euro
qb11ab3585,Beauty & Personal Care,vitamin C serum,branded,The Ordinary Vitamin C Suspension 23% offers,The Ordinary Vitamin C Suspension 23% offerte,The Ordinary Vitamin C Suspension 23% angebote
qfe38307e8,Baby & Kids,baby carrier,generic,baby carrier price,prezzo marsupio neonato,Babytrage preis
q3c88869b6,Electronics,gaming headset,generic,gaming headset sale,headset gaming saldi,Gaming-Headset sale
q046fd288d,Electronics,gaming desk,generic,where to buy gaming desk,dove comprare scrivania gaming,wo Gaming-Schreibtisch kaufen
qb17e6e165,Sporting Goods,GPS running watch,generic,GPS running watch rating,valutazione orologio GPS corsa,GPS-Laufuhr bewertung
qff01285c5,Sporting Goods,football,generic,best value football,pallone da calcio miglior rapporto qualità prezzo,bestes preis-leistungs Fußball
qbb2026a40,Home & Garden,robot vacuum cleaner,generic,robot vacuum cleaner 2024,aspirapolvere robot 2024,Saugroboter 2024
qc3daec150,Home & Garden,instant pot,generic,best value instant pot,pentola a pressione miglior rapporto qualità prezzo,bestes preis-leistungs Schnellkochtopf
q376b7471b,Electronics,streaming device,generic,streaming device specs,specifiche dispositivo streaming,Streaming-Gerät technische daten
q19d4e1475,Electronics,earbuds,generic,compare earbuds,confronta auricolari,Ohrstöpsel vergleich
qe53f2ba68,Home & Garden,espresso machine,branded,buy De'Longhi La Specialista,acquista De'Longhi La Specialista,De'Longhi La Specialista kaufen
q9b8441610,Baby & Kids,baby monitor,generic,baby monitor sale,baby monitor saldi,Babyphone sale
q0359f19d1,Home & Garden,coffee machine,branded,De'Longhi Magnifica Evo,De'Longhi Magnifica Evo,De'Longhi Magnifica Evo
q1bf08ef97,Electronics,OLED television,generic,OLED television,televisore OLED,OLED-Fernseher
q800df996c,Sporting Goods,dumbbell set,branded,buy Technogym Adjustable Dumbbell,acquista Technogym Adjustable Dumbbell,Technogym Adjustable Dumbbell kaufen
qdf9fb51cb,Sporting Goods,camping tent,branded,MSR Hubba Hubba NX 2 offers,MSR Hubba Hubba NX 2 offerte,MSR Hubba Hubba NX 2 angebote
q34dd9d9d3,Electronics,gaming mouse,branded,buy Logitech G Pro X Superlight 2,acquista Logitech G Pro X Superlight 2,Logitech G Pro X Superlight 2 kaufen
q9f81b8a60,Electronics,vinyl record player,generic,vinyl record player 2024,giradischi 2024,Plattenspieler 2024
qeb1b0c76e,Electronics,budget smartphone,generic,top budget smartphone,top smartphone economico,top Günstiges Smartphone
q528a916c6,Electronics,camera lens,branded,buy Canon RF 50mm f/1.8 STM,acquista Canon RF 50mm f/1.8 STM,Canon RF 50mm f/1.8 STM kaufen
q24b1bdcae,Apparel & Accessories,sports bra,generic,cheap sports bra,reggiseno sportivo economici,günstiger Sport-BH
q5d8fa3fad,Sporting Goods,camping tent,branded,Big Agnes Copper Spur HV UL2 offers,Big Agnes Copper Spur HV UL2 offerte,Big Agnes Copper Spur HV UL2 angebote
qa5a3e3e87,Home & Garden,food processor,generic,best food processor,migliori robot da cucina,bestes Küchenmaschine
qb0f04e26c,Home & Garden,standing desk,branded,Jarvis Standing Desk price,Jarvis Standing Desk prezzo,Jarvis Standing Desk preis
q906c39eb2,Home & Garden,standing desk,generic,top standing desk,top scrivania regolabile,top Höhenverstellbarer Schreibtisch
qdaec04f8e,Electronics,smartphone,branded,Honor Magic 6 Pro review,Honor Magic 6 Pro recensione,Honor Magic 6 Pro test
q8ed065af2,Home & Garden,smart doorbell,generic,best value smart doorbell,videocitofono smart miglior rapporto qualità prezzo,bestes preis-leistungs Video-Türklingel
q98f74500c,Electronics,laptop stand,generic,compare laptop stand,confronta supporto laptop,Laptop-Ständer vergleich
q9096f761d,Sporting Goods,ski helmet,branded,Smith Vantage MIPS review,Smith Vantage MIPS recensione,Smith Vantage MIPS test
q154610dcb,Sporting Goods,protein powder,branded,Optimum Nutrition Gold Standard Whey,Optimum Nutrition Gold Standard Whey,Optimum Nutrition Gold Standard Whey
q2fcf273d4,Home & Garden,air purifier,generic,top air purifier,top purificatore d'aria,top Luftreiniger
qbbcc1b5a5,Sporting Goods,energy gel,generic,energy gel professional,gel energetico professionale,professioneller Energiegel
q6ec81ab32,Electronics,gaming desk,generic,gaming desk online,scrivania gaming online,Gaming-Schreibtisch online
q9d84a10e2,Home & Garden,air fryer,generic,air fryer under 100,friggitrice ad aria sotto 100 euro,Heißluftfritteuse unter 100 euro
q8a26ef32d,Sporting Goods,surf board,generic,surf board price,prezzo tavola da surf,Surfbrett preis
qb4da037f5,Electronics,home cinema system,generic,home cinema system for beginners,sistema home cinema per principianti,Heimkinosystem für anfänger
q33939979a,Sporting Goods,yoga mat,branded,Manduka PRO Yoga Mat,Manduka PRO Yoga Mat,Manduka PRO Yoga Mat
q39c796486,Apparel & Accessories,sunglasses,branded,Ray-Ban Wayfarer offers,Ray-Ban Wayfarer offerte,Ray-Ban Wayfarer angebote
q5cbeb9acc,Home & Garden,air purifier,generic,air purifier amazon,purificatore d'aria amazon,Luftreiniger amazon
qad90720a0,Apparel & Accessories,sandals,generic,sandals specs,specifiche sandali,Sandalen technische daten
q237c8fe6c,Electronics,noise cancelling headphones,branded,Bose QuietComfort 45 offers,Bose QuietComfort 45 offerte,Bose QuietComfort 45 angebote
q4d3cefd44,Sporting Goods,ski helmet,branded,Atomic Backland UL,Atomic Backland UL,Atomic Backland UL
qded4d0a25,Home & Garden,standing desk,branded,Uplift V2,Uplift V2,Uplift V2
qc6e184397,Electronics,screen protector,generic,cheap screen protector,protezione schermo economici,günstiger Displayschutzfolie
q1da631b38,Electronics,mirrorless camera,generic,compare mirrorless camera,confronta fotocamera mirrorless,Systemkamera vergleich
q32a1c53be,Home & Garden,hair dryer,branded,Parlux Alyon Air Ionizer price,Parlux Alyon Air Ionizer prezzo,Parlux Alyon Air Ionizer preis
qf1a6ed92e,Apparel & Accessories,running watch,generic,best value running watch,orologio da corsa miglior rapporto qualità prezzo,bestes preis-leistungs Laufuhr
qf8bcd548a,Electronics,Android tablet,generic,buy Android tablet online,comprare tablet Android online,Android-Tablet online kaufen
qd56e56a14,Home & Garden,hair dryer,generic,hair dryer review,recensione asciugacapelli,Haartrockner test
qe780535fe,Electronics,DAC amplifier,generic,DAC amplifier sale,DAC amplificatore saldi,DAC Verstärker sale
qe0d438e5e,Apparel & Accessories,sandals,generic,sandals for beginners,sandali per principianti,Sandalen für anfänger
qb81ef493b,Electronics,earbuds,branded,OnePlus Buds 3 offers,OnePlus Buds 3 offerte,OnePlus Buds 3 angebote
qa9ee3bc87,Apparel & Accessories,football boots,generic,football boots under 500,scarpe da calcio sotto 500 euro,Fußballschuhe unter 500 euro
qe609efdce,Beauty & Personal Care,face moisturiser,branded,CeraVe Moisturising Cream review,CeraVe Moisturising Cream recensione,CeraVe Moisturising Cream test
q65744f5df,Electronics,gaming monitor,branded,LG UltraGear 27GP850,LG UltraGear 27GP850,LG UltraGear 27GP850
qb672b87ff,Electronics,Android tablet,generic,best Android tablet,migliori tablet Android,bestes Android-Tablet
qc4aa1c894,Electronics,webcam,branded,Elgato Facecam Pro offers,Elgato Facecam Pro offerte,Elgato Facecam Pro angebote
qaedb958e4,Electronics,noise cancelling headphones,branded,buy Sony WH-1000XM5,acquista Sony WH-1000XM5,Sony WH-1000XM5 kaufen
q3075e1401,Electronics,ultrabook,generic,ultrabook,ultrabook,Ultrabook
q5fbf55d27,Home & Garden,coffee machine,generic,where to buy coffee machine,dove comprare macchina del caffè,wo Kaffeemaschine kaufen
q72ba32ffe,Electronics,vinyl record player,generic,compare vinyl record player,confronta giradischi,Plattenspieler vergleich
q9a56b1ee6,Electronics,wireless charger,branded,buy Belkin BoostCharge Pro,acquista Belkin BoostCharge Pro,Belkin BoostCharge Pro kaufen
q848d405a1,Electronics,business laptop,generic,buy business laptop,acquista laptop business,Business-Laptop kaufen
q13b86f5fd,Electronics,SSD,branded,Samsung 990 Pro 2TB offers,Samsung 990 Pro 2TB offerte,Samsung 990 Pro 2TB angebote
qad2460438,Sporting Goods,road bike,branded,Bianchi Oltre RC offers,Bianchi Oltre RC offerte,Bianchi Oltre RC angebote
qbf7a1b4c9,Home & Garden,air fryer,generic,cheap air fryer,friggitrice ad aria economici,günstiger Heißluftfritteuse
q94eb49af8,Beauty & Personal Care,mascara,generic,mascara rating,valutazione mascara,Mascara bewertung
qe491ee84b,Electronics,phone case,generic,buy phone case,acquista custodia per telefono,Handyhülle kaufen
q2d6235c78,Baby & Kids,baby stroller,generic,baby stroller for beginners,passeggino per principianti,Kinderwagen für anfänger
q06e72e9e5,Home & Garden,stand mixer,generic,top stand mixer,top impastatrice,top Küchenmaschine
q0b4641dde,Sporting Goods,stand up paddle,generic,stand up paddle sale,stand up paddle saldi,Stand-Up-Paddle sale
qdc67be2f8,Home & Garden,electric toothbrush,generic,electric toothbrush professional,spazzolino elettrico professionale,professioneller Elektrische Zahnbürste
qb5f32b265,Electronics,noise cancelling headphones,generic,noise cancelling headphones under 500,cuffie noise cancelling sotto 500 euro,Noise-Cancelling-Kopfhörer unter 500 euro
q35c40e081,Home & Garden,stand mixer,generic,stand mixer offers,offerte impastatrice,Küchenmaschine angebote
qf7c35eadb,Apparel & Accessories,smartwatch,generic,where to buy smartwatch,dove comprare smartwatch,wo Smartwatch kaufen
qe15ec4a12,Electronics,DAC amplifier,generic,buy DAC amplifier online,comprare DAC amplificatore online,DAC Verstärker online kaufen
qd7d2d0829,Electronics,flagship smartphone,generic,where to buy flagship smartphone,dove comprare smartphone top di gamma,wo Flagship-Smartphone kaufen
q8031c8751,Sporting Goods,yoga mat,generic,yoga mat online,tappetino yoga online,Yogamatte online
qcbccc2a2d,Sporting Goods,exercise bike,generic,exercise bike professional,cyclette professionale,professioneller Heimtrainer
qbedaed38d,Electronics,vinyl record player,generic,vinyl record player online,giradischi online,Plattenspieler online
q87f6a1ac4,Electronics,laptop stand,generic,laptop stand under 500,supporto laptop sotto 500 euro,Laptop-Ständer unter 500 euro
q943d2b1cd,Electronics,earbuds,branded,Jabra Elite 10 offers,Jabra Elite 10 offerte,Jabra Elite 10 angebote
q05a46e731,Beauty & Personal Care,vitamin C serum,generic,vitamin C serum under 100,siero vitamina C sotto 100 euro,Vitamin-C-Serum unter 100 euro
q0c826dae5,Electronics,QLED television,generic,QLED television offers,offerte televisore QLED,QLED-Fernseher angebote
q845197e02,Apparel & Accessories,sneakers,generic,sneakers price,prezzo sneakers,Sneaker preis
q0e6239949,Apparel & Accessories,smartwatch,branded,Samsung Galaxy Watch 6,Samsung Galaxy Watch 6,Samsung Galaxy Watch 6
qbb3da48bd,Apparel & Accessories,polo shirt,generic,polo shirt professional,polo professionale,professioneller Poloshirt
qc77eff2eb,Apparel & Accessories,compression socks,generic,compression socks,calze a compressione,Kompressionssocken
q46d14bd26,Baby & Kids,scooter kids,generic,scooter kids review,recensione monopattino bambini,Kinderroller test
q48540d0e4,Electronics,camera lens,generic,camera lens online,obiettivo fotografico online,Kameraobjektiv online
q7f7748fd8,Sporting Goods,yoga mat,branded,buy Manduka PRO Yoga Mat,acquista Manduka PRO Yoga Mat,Manduka PRO Yoga Mat kaufen
qf44b0e17b,Electronics,DAC amplifier,generic,DAC amplifier for beginners,DAC amplificatore per principianti,DAC Verstärker für anfänger
qe88a28d56,Electronics,VR headset,branded,Meta Quest 3 review,Meta Quest 3 recensione,Meta Quest 3 test
q27382d132,Apparel & Accessories,running shoes,branded,New Balance 574,New Balance 574,New Balance 574
qe25ea766c,Home & Garden,security camera,generic,top security camera,top telecamera di sicurezza,top Sicherheitskamera
q3a14add08,Sporting Goods,climbing harness,generic,climbing harness,imbrago da arrampicata,Klettergurt
qc0b0f5940,Baby & Kids,baby stroller,branded,UPPAbaby Vista V2,UPPAbaby Vista V2,UPPAbaby Vista V2
qde6c75f02,Home & Garden,electric razor,generic,electric razor deals,rasoio elettrico occasioni,Elektrorasierer schnäppchen
q5b10d2e94,Electronics,gaming monitor,generic,gaming monitor rating,valutazione monitor gaming,Gaming-Monitor bewertung
qbb0244481,Home & Garden,air purifier,generic,air purifier sale,purificatore d'aria saldi,Luftreiniger sale
qd9f4bc1c6,Home & Garden,hair dryer,generic,buy hair dryer online,comprare asciugacapelli online,Haartrockner online kaufen
qd7039c0f2,Electronics,flagship smartphone,generic,flagship smartphone,smartphone top di gamma,Flagship-Smartphone
q8f0943404,Home & Garden,air fryer,branded,Instant Vortex Plus 6-in-1 offers,Instant Vortex Plus 6-in-1 offerte,Instant Vortex Plus 6-in-1 angebote
qf23a1b983,Sporting Goods,protein powder,branded,Optimum Nutrition Gold Standard Whey review,Optimum Nutrition Gold Standard Whey recensione,Optimum Nutrition Gold Standard Whey test
qf96201a77,Beauty & Personal Care,perfume,generic,perfume under 100,profumo sotto 100 euro,Parfüm unter 100 euro
qe51bfd125,Baby & Kids,children bicycle,generic,children bicycle,bicicletta bambini,Kinderfahrrad
qb7666b13e,Electronics,smartphone,branded,iPhone 16 price,iPhone 16 prezzo,iPhone 16 preis
qf9c191ca3,Apparel & Accessories,fitness tracker,generic,fitness tracker offers,offerte fitness tracker,Fitness-Tracker angebote
q92b194192,Electronics,smartphone,branded,Honor Magic 6 Pro offers,Honor Magic 6 Pro offerte,Honor Magic 6 Pro angebote
q166292708,Sporting Goods,trekking poles,generic,buy trekking poles online,comprare bastoni da trekking online,Wanderstöcke online kaufen
q7ca233c84,Sporting Goods,dumbbell set,generic,dumbbell set 2024,set manubri 2024,Hantelset 2024
q448545198,Electronics,wireless headphones,branded,Marshall Major V price,Marshall Major V prezzo,Marshall Major V preis
qe502801fd,Sporting Goods,mountain bike,generic,compare mountain bike,confronta mountain bike,Mountainbike vergleich
q7df01d113,Electronics,laptop,branded,Dell XPS 15 review,Dell XPS 15 recensione,Dell XPS 15 test
qed2592666,Electronics,portable speaker,generic,portable speaker for beginners,altoparlante portatile per principianti,Portabler Lautsprecher für anfänger
q54574a9c0,Electronics,earbuds,branded,Nothing Ear 2 review,Nothing Ear 2 recensione,Nothing Ear 2 test
q29db87c64,Electronics,iPad,generic,iPad amazon,iPad amazon,iPad amazon
qd13450cf0,Electronics,noise cancelling headphones,branded,buy Apple AirPods Max,acquista Apple AirPods Max,Apple AirPods Max kaufen
q364335f5f,Electronics,SSD,branded,WD Black SN850X review,WD Black SN850X recensione,WD Black SN850X test
q18169d6e8,Sporting Goods,surf board,generic,cheap surf board,tavola da surf economici,günstiger Surfbrett
q6b75be2c6,Electronics,VR headset,generic,cheap VR headset,visore VR economici,günstiger VR-Headset
q3698eb20a,Home & Garden,humidifier,generic,humidifier deals,umidificatore occasioni,Luftbefeuchter schnäppchen
q517d83ac0,Apparel & Accessories,running shoes,branded,New Balance 990v6 review,New Balance 990v6 recensione,New Balance 990v6 test
q7461dbef8,Apparel & Accessories,running shoes,branded,ASICS Gel-Kayano 30 review,ASICS Gel-Kayano 30 recensione,ASICS Gel-Kayano 30 test
qa847453db,Electronics,action camera,branded,DJI Osmo Action 4 price,DJI Osmo Action 4 prezzo,DJI Osmo Action 4 preis
q2a905e1e7,Electronics,earbuds,branded,Nothing Ear 2 price,Nothing Ear 2 prezzo,Nothing Ear 2 preis
qa4601385f,Electronics,mirrorless camera,generic,top mirrorless camera,top fotocamera mirrorless,top Systemkamera
q66d9ef8e0,Home & Garden,coffee machine,generic,coffee machine professional,macchina del caffè professionale,professioneller Kaffeemaschine
q1e48840f1,Electronics,gaming monitor,generic,gaming monitor deals,monitor gaming occasioni,Gaming-Monitor schnäppchen
q6d8b0c61e,Sporting Goods,sleeping bag,branded,Sea to Summit Spark Pro offers,Sea to Summit Spark Pro offerte,Sea to Summit Spark Pro angebote
q9d040ef15,Beauty & Personal Care,retinol cream,generic,retinol cream deals,crema al retinolo occasioni,Retinol-Creme schnäppchen
q0012320ac,Home & Garden,stand mixer,generic,stand mixer online,impastatrice online,Küchenmaschine online
q500c00aaf,Electronics,earbuds,generic,earbuds deals,auricolari occasioni,Ohrstöpsel schnäppchen
q42d894317,Electronics,screen protector,generic,screen protector for beginners,protezione schermo per principianti,Displayschutzfolie für anfänger
q513beef10,Electronics,gaming headset,generic,best value gaming headset,headset gaming miglior rapporto qualità prezzo,bestes preis-leistungs Gaming-Headset
qe359b6925,Apparel & Accessories,running watch,generic,running watch rating,valutazione orologio da corsa,Laufuhr bewertung
q869a56cd7,Sporting Goods,e-bike,branded,Bosch eBike,E-Bike Bosch,Bosch E-Bike
q637f27637,Baby & Kids,children bicycle,branded,buy Frog Bikes 52,acquista Frog Bikes 52,Frog Bikes 52 kaufen
q06bc9543a,Apparel & Accessories,winter jacket,branded,Patagonia Down Sweater review,Patagonia Down Sweater recensione,Patagonia Down Sweater test
q383e1706c,Sporting Goods,sports nutrition,generic,top sports nutrition,top nutrizione sportiva,top Sportnahrung
qb4b5133ad,Apparel & Accessories,smartwatch,generic,smartwatch professional,smartwatch professionale,professioneller Smartwatch
q84dc58e29,Electronics,projector,generic,top projector,top proiettore,top Beamer
q842c799c5,Apparel & Accessories,backpack,generic,buy backpack online,comprare zaino online,Rucksack online kaufen
q220b4a77e,Sporting Goods,tennis racket,generic,tennis racket deals,racchetta da tennis occasioni,Tennisschläger schnäppchen
q265d1aee5,Home & Garden,air fryer,generic,air fryer for beginners,friggitrice ad aria per principianti,Heißluftfritteuse für anfänger
q204fe48ba,Beauty & Personal Care,lip balm,generic,best value lip balm,balsamo labbra miglior rapporto qualità prezzo,bestes preis-leistungs Lippenbalsam
q840858ef9,Apparel & Accessories,compression socks,generic,best value compression socks,calze a compressione miglior rapporto qualità prezzo,bestes preis-leistungs Kompressionssocken
qe084e2ee6,Electronics,OLED television,generic,OLED television review,recensione televisore OLED,OLED-Fernseher test
q62a44a4dd,Apparel & Accessories,football boots,branded,buy Adidas Predator Elite,acquista Adidas Predator Elite,Adidas Predator Elite kaufen
qa4973ff36,Home & Garden,hair dryer,generic,hair dryer under 500,asciugacapelli sotto 500 euro,Haartrockner unter 500 euro
q76699316b,Electronics,iPad,generic,buy iPad,acquista iPad,iPad kaufen
qe6c6b91c3,Sporting Goods,badminton racket,generic,buy badminton racket online,comprare racchetta da badminton online,Badmintonschläger online kaufen
qecd4aab25,Apparel & Accessories,sunglasses,branded,Oakley Radar EV Path offers,Oakley Radar EV Path offerte,Oakley Radar EV Path angebote
q106efb83b,Home & Garden,hair straightener,generic,hair straightener rating,valutazione piastra per capelli,Haarglätter bewertung
q31eca22ee,Sporting Goods,treadmill,generic,buy treadmill,acquista tapis roulant,Laufband kaufen
q484052598,Apparel & Accessories,sneakers,generic,sneakers rating,valutazione sneakers,Sneaker bewertung
q275883dfe,Electronics,noise cancelling headphones,generic,noise cancelling headphones under 100,cuffie noise cancelling sotto 100 euro,Noise-Cancelling-Kopfhörer unter 100 euro
q6504c4da0,Sporting Goods,tennis racket,generic,tennis racket 2024,racchetta da tennis 2024,Tennisschläger 2024
q99154605d,Sporting Goods,road bike,branded,Trek Domane SL 6,Trek Domane SL 6,Trek Domane SL 6
qfa8bcf409,Apparel & Accessories,backpack,generic,backpack under 500,zaino sotto 500 euro,Rucksack unter 500 euro
q5053c3f5f,Apparel & Accessories,running shoes,branded,Adidas Ultraboost 22 review,Adidas Ultraboost 22 recensione,Adidas Ultraboost 22 test
q6abc8bdfc,Beauty & Personal Care,nail polish,generic,buy nail polish online,comprare smalto per unghie online,Nagellack online kaufen
q2fbf9afc2,Sporting Goods,ski boots,generic,best value ski boots,scarponi da sci miglior rapporto qualità prezzo,bestes preis-leistungs Skischuhe
qcb36d4959,Sporting Goods,GPS running watch,branded,Coros Pace 3 price,Coros Pace 3 prezzo,Coros Pace 3 preis
q9b96c5034,Apparel & Accessories,fitness tracker,generic,best fitness tracker,migliori fitness tracker,bestes Fitness-Tracker
qc7a47b3b2,Apparel & Accessories,winter jacket,generic,winter jacket sale,giacca invernale saldi,Winterjacke sale
q259e137df,Home & Garden,security camera,generic,security camera under 100,telecamera di sicurezza sotto 100 euro,Sicherheitskamera unter 100 euro
q91193134b,Apparel & Accessories,polo shirt,generic,best value polo shirt,polo miglior rapporto qualità prezzo,bestes preis-leistungs Poloshirt
qd5ba4ce95,Baby & Kids,toys,generic,best toys,migliori giocattoli,bestes Spielzeug
qe8232d611,Apparel & Accessories,sneakers,branded,buy Nike Dunk Low,acquista Nike Dunk Low,Nike Dunk Low kaufen
q0a4ff9071,Beauty & Personal Care,nail polish,generic,nail polish 2024,smalto per unghie 2024,Nagellack 2024
qe62db4762,Apparel & Accessories,running shoes,branded,buy Salomon Speedcross 6,acquista Salomon Speedcross 6,Salomon Speedcross 6 kaufen
q6f9222a48,Baby & Kids,toys,generic,toys online,giocattoli online,Spielzeug online
q73dbef84e,Sporting Goods,protein powder,branded,buy Optimum Nutrition Gold Standard Whey,acquista Optimum Nutrition Gold Standard Whey,Optimum Nutrition Gold Standard Whey kaufen
q5319550d0,Home & Garden,robot vacuum cleaner,generic,robot vacuum cleaner for beginners,aspirapolvere robot per principianti,Saugroboter für anfänger
q55e43ab8a,Electronics,mirrorless camera,generic,mirrorless camera price,prezzo fotocamera mirrorless,Systemkamera preis
q9a3b3cbc9,Beauty & Personal Care,perfume,generic,perfume sale,profumo saldi,Parfüm sale
q10c852adf,Electronics,smartphone,branded,OnePlus 12 offers,OnePlus 12 offerte,OnePlus 12 angebote
qe50a76cea,Electronics,noise cancelling headphones,branded,Sennheiser Momentum 4 offers,Sennheiser Momentum 4 offerte,Sennheiser Momentum 4 angebote
qece69fdd5,Home & Garden,blender,branded,Nutribullet Pro 900 price,Nutribullet Pro 900 prezzo,Nutribullet Pro 900 preis
q21f920182,Sporting Goods,sports nutrition,generic,best value sports nutrition,nutrizione sportiva miglior rapporto qualità prezzo,bestes preis-leistungs Sportnahrung
q4e660bc07,Electronics,action camera,generic,buy action camera,acquista action camera,Action-Kamera kaufen
q7f5c3fc71,Electronics,camera bag,generic,cheap camera bag,borsa per fotocamera economici,günstiger Kameratasche
q0e94d314e,Beauty & Personal Care,foundation makeup,generic,foundation makeup offers,offerte fondotinta,Foundation angebote
qc0a6a7529,Home & Garden,capsule coffee machine,generic,where to buy capsule coffee machine,dove comprare macchina caffè capsule,wo Kapselkaffeemaschine kaufen
q6c17120a4,Electronics,USB-C cable,generic,buy USB-C cable,acquista cavo USB-C,USB-C-Kabel kaufen
qd61f0d119,Apparel & Accessories,running shoes,branded,buy Adidas Samba OG,acquista Adidas Samba OG,Adidas Samba OG kaufen
q08e56cfd9,Sporting Goods,road bike,generic,road bike price,prezzo bici da strada,Rennrad preis
qd4edc9f6f,Home & Garden,monitor arm,generic,monitor arm rating,valutazione braccio per monitor,Monitorhalterung bewertung
q944acbd58,Electronics,4K television,generic,buy 4K television,acquista televisore 4K,4K-Fernseher kaufen
q316509211,Home & Garden,air fryer,branded,Cosori Pro LE Air Fryer review,Cosori Pro LE Air Fryer recensione,Cosori Pro LE Air Fryer test
q6a38f262b,Electronics,drone with camera,branded,DJI Mavic 3 Pro price,DJI Mavic 3 Pro prezzo,DJI Mavic 3 Pro preis
qe2a2bdf15,Electronics,gaming console,branded,Xbox Series X offers,Xbox Series X offerte,Xbox Series X angebote
q5e96abc33,Electronics,streaming device,generic,cheap streaming device,dispositivo streaming economici,günstiger Streaming-Gerät
q0b0577a74,Home & Garden,office chair,generic,buy office chair,acquista sedia da ufficio,Bürostuhl kaufen
qc52912d9c,Apparel & Accessories,cycling shoes,generic,top cycling shoes,top scarpe da ciclismo,top Radschuhe
q3803d1ec8,Electronics,iPad,generic,best value iPad,iPad miglior rapporto qualità prezzo,bestes preis-leistungs iPad
q071216f42,Electronics,Android tablet,generic,Android tablet price,prezzo tablet Android,Android-Tablet preis
q8aa56f1bc,Electronics,smartphone,branded,Sony Xperia 1 VI review,Sony Xperia 1 VI recensione,Sony Xperia 1 VI test
q1a6b0c913,Home & Garden,air purifier,branded,Dyson Purifier Hot+Cool price,Dyson Purifier Hot+Cool prezzo,Dyson Purifier Hot+Cool preis
q37dce34f4,Baby & Kids,baby monitor,generic,baby monitor deals,baby monitor occasioni,Babyphone schnäppchen
q48caf5b49,Apparel & Accessories,sneakers,branded,Converse Chuck Taylor All Star offers,Converse Chuck Taylor All Star offerte,Converse Chuck Taylor All Star angebote
qed54de8f5,Home & Garden,hair straightener,generic,where to buy hair straightener,dove comprare piastra per capelli,wo Haarglätter kaufen
q4b29518ea,Sporting Goods,protein powder,generic,compare protein powder,confronta proteine in polvere,Proteinpulver vergleich
q624a12b4e,Electronics,gaming laptop,branded,Razer Blade 15,Razer Blade 15,Razer Blade 15
qeb1645011,Electronics,digital camera,generic,digital camera price,prezzo fotocamera digitale,Digitalkamera preis
qc7d311721,Electronics,smartphone,branded,Samsung Galaxy S24 Ultra,Samsung Galaxy S24 Ultra,Samsung Galaxy S24 Ultra
q8a15d23db,Electronics,DAC amplifier,generic,DAC amplifier 2024,DAC amplificatore 2024,DAC Verstärker 2024
q6cb174a49,Sporting Goods,cycling helmet,branded,Specialized Propero 4 price,Specialized Propero 4 prezzo,Specialized Propero 4 preis
q7f8fe5170,Electronics,iPad,generic,iPad under 100,iPad sotto 100 euro,iPad unter 100 euro
qb92c2c589,Electronics,Android tablet,generic,Android tablet online,tablet Android online,Android-Tablet online
qe38b6af59,Home & Garden,electric razor,generic,cheap electric razor,rasoio elettrico economici,günstiger Elektrorasierer
q4790b629a,Apparel & Accessories,polo shirt,generic,polo shirt review,recensione polo,Poloshirt test
qee8abfbd8,Electronics,gaming laptop,branded,Razer Blade 15 review,Razer Blade 15 recensione,Razer Blade 15 test
qb4b695258,Home & Garden,robot vacuum cleaner,generic,compare robot vacuum cleaner,confronta aspirapolvere robot,Saugroboter vergleich
qc774f23e7,Sporting Goods,tennis racket,generic,tennis racket specs,specifiche racchetta da tennis,Tennisschläger technische daten
q414c02b64,Home & Garden,food processor,generic,food processor 2024,robot da cucina 2024,Küchenmaschine 2024
q33cb5f1fb,Sporting Goods,protein powder,generic,protein powder review,recensione proteine in polvere,Proteinpulver test
qce0cc7cc7,Baby & Kids,baby stroller,branded,Bugaboo Fox 5,Bugaboo Fox 5,Bugaboo Fox 5
qd716fcdbf,Beauty & Personal Care,nail polish,generic,nail polish amazon,smalto per unghie amazon,Nagellack amazon
q0f30ae83e,Baby & Kids,children bicycle,generic,children bicycle amazon,bicicletta bambini amazon,Kinderfahrrad amazon
q89c087be1,Electronics,gaming mouse,generic,gaming mouse specs,specifiche mouse gaming,Gaming-Maus technische daten
qd5b62d9bf,Beauty & Personal Care,nail polish,generic,nail polish sale,smalto per unghie saldi,Nagellack sale
q1870eb785,Home & Garden,electric razor,generic,where to buy electric razor,dove comprare rasoio elettrico,wo Elektrorasierer kaufen
qfdf25d6ea,Home & Garden,hair dryer,generic,hair dryer for beginners,asciugacapelli per principianti,Haartrockner für anfänger
qb5c22d32a,Beauty & Personal Care,sunscreen SPF 50,generic,top sunscreen SPF 50,top crema solare SPF 50,top Sonnencreme SPF 50
q8823d8a35,Sporting Goods,mountain bike,generic,best value mountain bike,mountain bike miglior rapporto qualità prezzo,bestes preis-leistungs Mountainbike
q62d1c3ada,Electronics,gaming console,generic,gaming console offers,offerte console di gioco,Spielkonsole angebote
qc53741c56,Home & Garden,security camera,generic,security camera deals,telecamera di sicurezza occasioni,Sicherheitskamera schnäppchen
q552d99ce7,Electronics,QLED television,generic,QLED television under 100,televisore QLED sotto 100 euro,QLED-Fernseher unter 100 euro
q95a4d98ae,Apparel & Accessories,backpack,generic,backpack amazon,zaino amazon,Rucksack amazon
q9f0deeb53,Apparel & Accessories,winter jacket,generic,winter jacket under 100,giacca invernale sotto 100 euro,Winterjacke unter 100 euro
qed0a6b4ef,Home & Garden,vacuum cleaner,generic,vacuum cleaner online,aspirapolvere online,Staubsauger online
q0050b8761,Home & Garden,office chair,branded,ErgoChair Pro+,ErgoChair Pro+,ErgoChair Pro+
q3481418c7,Apparel & Accessories,running shoes,branded,ASICS Gel-Cumulus 26,ASICS Gel-Cumulus 26,ASICS Gel-Cumulus 26
qc30e428a1,Sporting Goods,dumbbell set,generic,dumbbell set online,set manubri online,Hantelset online
q85314207b,Electronics,instant camera,generic,instant camera,fotocamera istantanea,Sofortbildkamera
q27a785f56,Sporting Goods,ski helmet,generic,ski helmet price,prezzo casco da sci,Skihelm preis
qf2dfe51f3,Apparel & Accessories,tennis shoes,generic,best tennis shoes,migliori scarpe da tennis,bestes Tennisschuhe
qb6896cbc4,Home & Garden,espresso machine,branded,buy Rancilio Silvia Pro X,acquista Rancilio Silvia Pro X,Rancilio Silvia Pro X kaufen
q4c1e7a320,Apparel & Accessories,smartwatch,generic,smartwatch deals,smartwatch occasioni,Smartwatch schnäppchen
q3438d40e1,Sporting Goods,pull-up bar,generic,best value pull-up bar,sbarra per trazioni miglior rapporto qualità prezzo,bestes preis-leistungs Klimmzugstange
q2914bd112,Beauty & Personal Care,retinol cream,generic,compare retinol cream,confronta crema al retinolo,Retinol-Creme vergleich
q01299e065,Beauty & Personal Care,face moisturiser,generic,face moisturiser under 500,crema idratante viso sotto 500 euro,Gesichtscreme unter 500 euro
q5e18b5833,Electronics,wireless headphones,generic,cheap wireless headphones,cuffie wireless economici,günstiger Kabellose Kopfhörer
qe74ef8e75,Electronics,gaming headset,generic,gaming headset deals,headset gaming occasioni,Gaming-Headset schnäppchen
qa16a995f6,Sporting Goods,basketball,generic,basketball offers,offerte pallone da basket,Basketball angebote
q9acbd1b89,Beauty & Personal Care,perfume,generic,top perfume,top profumo,top Parfüm
q742575c79,Home & Garden,humidifier,generic,cheap humidifier,umidificatore economici,günstiger Luftbefeuchter
q42e920cea,Sporting Goods,ski boots,generic,cheap ski boots,scarponi da sci economici,günstiger Skischuhe
q01d05947f,Baby & Kids,baby carrier,generic,baby carrier online,marsupio neonato online,Babytrage online
q888b91e94,Apparel & Accessories,running shoes,branded,buy Nike Mercurial Superfly,acquista Nike Mercurial Superfly,Nike Mercurial Superfly kaufen
q81e0565eb,Electronics,earbuds,branded,Google Pixel Buds Pro review,Google Pixel Buds Pro recensione,Google Pixel Buds Pro test
q3284fdec2,Home & Garden,office chair,generic,office chair amazon,sedia da ufficio amazon,Bürostuhl amazon
q5a927f30e,Apparel & Accessories,running shoes,branded,Adidas Boston 12 review,Adidas Boston 12 recensione,Adidas Boston 12 test
q5af617014,Home & Garden,monitor arm,generic,buy monitor arm,acquista braccio per monitor,Monitorhalterung kaufen
q94f3800cd,Electronics,2-in-1 laptop,generic,best 2-in-1 laptop,migliori laptop 2-in-1,bestes 2-in-1-Laptop
q34fc0e187,Electronics,screen protector,generic,best value screen protector,protezione schermo miglior rapporto qualità prezzo,bestes preis-leistungs Displayschutzfolie
q523c2a167,Beauty & Personal Care,perfume,generic,perfume amazon,profumo amazon,Parfüm amazon
q89f0eaba3,Electronics,gaming console,generic,buy gaming console online,comprare console di gioco online,Spielkonsole online kaufen
q4f9999b3d,Home & Garden,coffee machine,generic,coffee machine review,recensione macchina del caffè,Kaffeemaschine test
q44adc3464,Electronics,action camera,generic,action camera review,recensione action camera,Action-Kamera test
qcfed0d752,Apparel & Accessories,sandals,generic,sandals professional,sandali professionale,professioneller Sandalen
qeae5f16ad,Electronics,camera bag,generic,camera bag sale,borsa per fotocamera saldi,Kameratasche sale
q0f90bad06,Apparel & Accessories,running shoes,branded,Hoka Clifton 9 offers,Hoka Clifton 9 offerte,Hoka Clifton 9 angebote
qdd279a4a1,Electronics,gaming chair,generic,best gaming chair,migliori sedia gaming,bestes Gaming-Stuhl
qe44154295,Electronics,memory card,generic,best memory card,migliori scheda di memoria,bestes Speicherkarte
q2109be810,Sporting Goods,protein powder,branded,MyProtein Impact Whey offers,MyProtein Impact Whey offerte,MyProtein Impact Whey angebote
qc940d5524,Home & Garden,air purifier,generic,air purifier 2024,purificatore d'aria 2024,Luftreiniger 2024
